-- phpMyAdmin SQL Dump
-- version 3.3.2deb1ubuntu1
-- http://www.phpmyadmin.net
--
-- Serveur: localhost
-- Généré le : Sam 20 Décembre 2014 à 00:22
-- Version du serveur: 5.1.63
-- Version de PHP: 5.3.2-1ubuntu4.17.1~gandi

SET SQL_MODE="NO_AUTO_VALUE_ON_ZERO";


/*!40101 SET @OLD_CHARACTER_SET_CLIENT=@@CHARACTER_SET_CLIENT */;
/*!40101 SET @OLD_CHARACTER_SET_RESULTS=@@CHARACTER_SET_RESULTS */;
/*!40101 SET @OLD_COLLATION_CONNECTION=@@COLLATION_CONNECTION */;
/*!40101 SET NAMES utf8 */;

--
-- Base de données: `ptut_db`
--

-- --------------------------------------------------------

--
-- Structure de la table `Agence`
--

CREATE TABLE IF NOT EXISTS `Agence` (
  `ID_agence` int(11) NOT NULL AUTO_INCREMENT,
  `Nom_agence` varchar(60) NOT NULL,
  PRIMARY KEY (`ID_agence`)
) ENGINE=MyISAM  DEFAULT CHARSET=latin1 AUTO_INCREMENT=11 ;

--
-- Contenu de la table `Agence`
--

INSERT INTO `Agence` (`ID_agence`, `Nom_agence`) VALUES
(1, 'Agence Assuramort de Triffouilly la belle bleue'),
(2, 'Agence Assuramort de Chatellerault'),
(3, 'Agence Assuramort de Montcuq'),
(4, 'Agence Assuramort de Cailloux sur Fontaines'),
(5, 'Agence Assuramort de Garges les Gonesse '),
(6, 'Agence Assuramort de Saint-perdou-sur-coquillettes'),
(7, 'Agence Assuramort de Saint Georges les Baillargeaux'),
(8, 'Agence Assuramort de Bragny-sur-Loire'),
(9, 'Agence Assuramort de Beauvoir Sur Mer'),
(10, 'Agence Assuramort Ivry sur seine');

-- --------------------------------------------------------

--
-- Structure de la table `Agent`
--

CREATE TABLE IF NOT EXISTS `Agent` (
  `ID_agent` int(11) NOT NULL AUTO_INCREMENT,
  `Prenom_agent` varchar(25) NOT NULL,
  `Date_naissance_agent` date NOT NULL,
  `Nom_Agent` varchar(25) NOT NULL,
  `Pass_agent` varchar(25) NOT NULL,
  `Login_agent` varchar(25) NOT NULL,
  `ID_agence` int(11) NOT NULL,
  PRIMARY KEY (`ID_agent`),
  UNIQUE KEY `Login_agent` (`Login_agent`),
  KEY `FK_Agent_ID_agence` (`ID_agence`)
) ENGINE=MyISAM  DEFAULT CHARSET=latin1 AUTO_INCREMENT=52 ;

--
-- Contenu de la table `Agent`
--

INSERT INTO `Agent` (`ID_agent`, `Prenom_agent`, `Date_naissance_agent`, `Nom_Agent`, `Pass_agent`, `Login_agent`, `ID_agence`) VALUES
(35, 'Lisa', '1986-06-28', 'Blanc', '1zrs5t7hs587h', 'Blanc', 5),
(34, 'Alexandra', '1936-10-05', 'Rousseau', '1zrs5t7hs587h', 'Rousseau', 6),
(33, 'Marion', '1924-08-01', 'Faure', '1zrs5t7hs587h', 'Faure', 8),
(32, 'Romain', '1986-11-25', 'Garnier', '1zrs5t7hs587h', 'Garnier', 9),
(31, 'Capucine', '1945-02-14', 'Legrand', '1zrs5t7hs587h', 'Legrand', 6),
(30, 'Célia', '1934-03-13', 'Martinez', '1zrs5t7hs587h', 'Martinez', 8),
(29, 'Aaron', '1979-04-05', 'Francois', '1zrs5t7hs587h', 'Francois', 6),
(28, 'Kyllian', '1950-12-03', 'Bonnet', '1zrs5t7hs587h', 'Bonnet', 8),
(27, 'Mathieu', '1960-11-18', 'Lambert', '1zrs5t7hs587h', 'Lambert', 2),
(26, 'Ethan', '1990-02-01', 'Dupont', '1zrs5t7hs587h', 'Dupont', 8),
(25, 'Agathe', '1937-07-17', 'Mercier', '1zrs5t7hs587h', 'Mercier', 1),
(24, 'Mathis', '1971-08-16', 'Lefevre', '1zrs5t7hs587h', 'Lefevre', 6),
(23, 'Kyllian', '1941-12-29', 'Andre', '1zrs5t7hs587h', 'Andre', 5),
(22, 'Lucie', '1992-05-16', 'Girard', '1zrs5t7hs587h', 'Girard', 8),
(21, 'Mathéo', '1984-09-27', 'Morel', '1zrs5t7hs587h', 'Morel', 5),
(20, 'Zacharis', '1945-05-22', 'Fournier', '1zrs5t7hs587h', 'Fournier', 5),
(19, 'Sarah', '1945-10-26', 'Vincent', '1zrs5t7hs587h', 'Vincent', 10),
(18, 'Baptiste', '1932-01-10', 'Roux', '1zrs5t7hs587h', 'Roux', 6),
(17, 'Mathéo', '1974-09-27', 'Bertrand', '1zrs5t7hs587h', 'Bertrand', 6),
(16, 'Mélanie', '1924-03-27', 'David', '1zrs5t7hs587h', 'David', 5),
(15, 'Éléna', '1973-01-20', 'Garcia', '1zrs5t7hs587h', 'Garcia', 1),
(14, 'Maxime', '1957-03-04', 'Michel', '1zrs5t7hs587h', 'Michel', 6),
(13, 'Noah', '1958-01-25', 'Lefebvre', '1zrs5t7hs587h', 'Lefebvre', 1),
(12, 'Rosalie', '1930-05-04', 'Laurent', '1zrs5t7hs587h', 'Laurent', 4),
(11, 'Émile', '1967-05-22', 'Simon', '1zrs5t7hs587h', 'Simon', 2),
(10, 'Nicolas', '1959-12-01', 'Moreau', '1zrs5t7hs587h', 'Moreau', 9),
(9, 'Maïlé', '1963-12-29', 'Leroy', '1zrs5t7hs587h', 'Leroy', 7),
(8, 'Timéo', '1963-04-05', 'Durand', '1zrs5t7hs587h', 'Durand', 8),
(7, 'Rémi', '1932-11-11', 'Petit', '1zrs5t7hs587h', 'Petit', 7),
(6, 'Élisa', '1964-03-02', 'Richard', '1zrs5t7hs587h', 'Richard', 4),
(5, 'Marie', '1966-08-30', 'Robert', '1zrs5t7hs587h', 'Robert', 1),
(4, 'Thomas', '1943-10-17', 'Thomas', '1zrs5t7hs587h', 'Thomas', 7),
(3, 'Anthony', '1927-12-24', 'Dubois', '1zrs5t7hs587h', 'Dubois', 1),
(2, 'Kevin', '1942-03-25', 'Bernard', '1zrs5t7hs587h', 'Bernard', 8),
(1, 'Kevin', '1969-02-03', 'Martin', '1zrs5t7hs587h', 'Martin', 1),
(36, 'Roméo', '1956-07-08', 'Guerin', '1zrs5t7hs587h', 'Guerin', 10),
(37, 'Kimberley', '1975-12-06', 'Muller', '1zrs5t7hs587h', 'Muller', 10),
(38, 'Anthony', '1970-06-18', 'Henry', '1zrs5t7hs587h', 'Henry', 10),
(39, 'Kilian', '1947-07-21', 'Roussel', '1zrs5t7hs587h', 'Roussel', 1),
(40, 'Kyllian', '1933-02-15', 'Nicolas', '1zrs5t7hs587h', 'Nicolas', 1),
(41, 'Valentin', '1934-11-05', 'Perrin', '1zrs5t7hs587h', 'Perrin', 7),
(42, 'Juliette', '1976-02-28', 'Morin', '1zrs5t7hs587h', 'Morin', 2),
(43, 'Quentin', '1937-11-09', 'Mathieu', '1zrs5t7hs587h', 'Mathieu', 4),
(44, 'Thibault', '1958-03-03', 'Clement', '1zrs5t7hs587h', 'Clement', 7),
(45, 'Éloïse', '1924-05-12', 'Gauthier', '1zrs5t7hs587h', 'Gauthier', 3),
(46, 'Nina', '1929-01-03', 'Dumont', '1zrs5t7hs587h', 'Dumont', 5),
(47, 'Katell', '1931-07-23', 'Lopez', '1zrs5t7hs587h', 'Lopez', 5),
(48, 'Élisa', '1926-08-21', 'Fontaine', '1zrs5t7hs587h', 'Fontaine', 2),
(49, 'Françoise', '1981-11-21', 'Chevalier', '1zrs5t7hs587h', 'Chevalier', 9),
(50, 'Antonin', '1948-09-05', 'Robin', '1zrs5t7hs587h', 'Robin', 10),
(51, 'Anaëlle', '1926-09-04', 'Kévin', '1zrs5t7hs587h', 'Kevin', 8);

-- --------------------------------------------------------

--
-- Structure de la table `Beneficiaire`
--

CREATE TABLE IF NOT EXISTS `Beneficiaire` (
  `ID_beneficiaire` int(11) NOT NULL AUTO_INCREMENT,
  `Nom_beneficiaire` varchar(25) NOT NULL,
  `Prenom_beneficiaire` varchar(25) NOT NULL,
  `Date_naissance_beneficiaire` date NOT NULL,
  `Lien_parente_beneficiaire` varchar(25) NOT NULL,
  `Pourcentage_beneficiaire` float NOT NULL,
  `ID_salarie` int(11) NOT NULL,
  PRIMARY KEY (`ID_beneficiaire`)
) ENGINE=MyISAM  DEFAULT CHARSET=latin1 AUTO_INCREMENT=1205 ;

--
-- Contenu de la table `Beneficiaire`
--

INSERT INTO `Beneficiaire` (`ID_beneficiaire`, `Nom_beneficiaire`, `Prenom_beneficiaire`, `Date_naissance_beneficiaire`, `Lien_parente_beneficiaire`, `Pourcentage_beneficiaire`, `ID_salarie`) VALUES
(1, 'Dumont', 'Aaron', '1977-05-12', 'Famille proche', 1, 1),
(2, 'Vidal', 'Julien', '2010-03-31', 'Enfant', 0.5, 2),
(3, 'Dupuy', 'Alice', '1915-10-31', 'Famille éloignée', 0.5, 2),
(4, 'Chevallier', 'Bastien', '1921-04-28', 'Famille éloignée', 1, 4),
(5, 'Menard', 'Léo', '1906-12-27', 'Famille éloignée', 0.25, 5),
(6, 'Durand', 'Aaron', '1945-10-03', 'Famille éloignée', 0.25, 5),
(7, 'Rey', 'Jade', '1931-03-06', 'Famille proche', 0.25, 5),
(8, 'Martinez', 'Arthur', '1941-01-13', 'Autre', 0.25, 5),
(9, 'Vincent', 'Colin', '1909-08-30', 'Famille proche', 1, 6),
(10, 'Mathieu', 'Laura', '1987-03-11', 'Famille éloignée', 0.5, 8),
(11, 'Le gall', 'Rose', '1973-06-23', 'Enfant', 0.5, 8),
(12, 'Marty', 'Anthony', '1910-03-07', 'Autre', 1, 9),
(13, 'Perrin', 'Clément', '1901-02-08', 'Autre', 1, 11),
(14, 'Guyot', 'Gilbert', '1979-06-17', 'Famille éloignée', 0.33, 12),
(15, 'Gautier', 'Luna', '1962-11-16', 'Famille proche', 0.33, 12),
(16, 'Faure', 'Louna', '1944-03-01', 'Parent', 0.33, 12),
(17, 'Lemoine', 'Jérémy', '1992-07-02', 'Famille éloignée', 1, 15),
(18, 'Rodriguez', 'Amine', '2000-01-05', 'Famille éloignée', 0.5, 17),
(19, 'Gonzalez', 'Elsa', '1941-10-28', 'Parent', 0.5, 17),
(20, 'Dupuy', 'Alice', '1954-06-07', 'Famille éloignée', 0.33, 18),
(21, 'Michel', 'Alexis', '1976-07-25', 'Enfant', 0.33, 18),
(22, 'Faure', 'Louna', '1941-07-17', 'Parent', 0.33, 18),
(23, 'Hubert', 'Pierre', '1932-03-05', 'Parent', 0.33, 20),
(24, 'Roger', 'Quentin', '1984-08-28', 'Autre', 0.33, 20),
(25, 'Petit', 'Marine', '1976-06-26', 'Autre', 0.33, 20),
(26, 'Renaud', 'Ambre', '1917-05-10', 'Enfant', 0.33, 21),
(27, 'Adam', 'Solene', '1923-08-11', 'Famille éloignée', 0.33, 21),
(28, 'Gonzalez', 'Elsa', '1977-04-27', 'Parent', 0.33, 21),
(29, 'Lemoine', 'Luna', '2009-08-14', 'Enfant', 0.33, 23),
(30, 'Perrin', 'Renaud', '1972-09-17', 'Parent', 0.33, 23),
(31, 'Gay', 'Inès', '1971-03-19', 'Famille proche', 0.33, 23),
(32, 'Renault', 'Mathis', '1913-09-22', 'Famille éloignée', 0.5, 24),
(33, 'Pons', 'Loevan', '1922-04-22', 'Parent', 0.5, 24),
(34, 'Moreau', 'Zoé', '1980-04-03', 'Autre', 1, 25),
(35, 'Renault', 'Mathis', '2005-01-23', 'Famille éloignée', 0.33, 26),
(36, 'Bailly', 'Kevin', '1912-09-04', 'Famille proche', 0.33, 26),
(37, 'Richard', 'Charlotte', '1942-09-02', 'Autre', 0.33, 26),
(38, 'Henry', 'Martin', '1915-02-14', 'Famille éloignée', 1, 27),
(39, 'Simon', 'Rosalie', '1916-02-13', 'Autre', 0.33, 33),
(40, 'Blanc', 'Rémi', '1925-05-17', 'Famille proche', 0.33, 33),
(41, 'Collin', 'Noah', '1936-02-13', 'Famille éloignée', 0.33, 33),
(42, 'Dumont', 'Clotilde', '1940-10-12', 'Famille proche', 0.25, 34),
(43, 'Francois', 'Jasmine', '1972-09-16', 'Famille proche', 0.25, 34),
(44, 'Paris', 'Élouan', '1964-01-09', 'Parent', 0.25, 34),
(45, 'Petit', 'Chaïma', '1995-02-10', 'Autre', 0.25, 34),
(46, 'Rousseau', 'Célia', '1900-12-15', 'Enfant', 1, 35),
(47, 'Simon', 'Loane', '1992-09-13', 'Enfant', 0.33, 36),
(48, 'Noel', 'Nina', '1919-02-14', 'Autre', 0.33, 36),
(49, 'Collin', 'Noah', '2002-11-25', 'Famille éloignée', 0.33, 36),
(50, 'Clement', 'Guillemette', '2008-11-10', 'Famille éloignée', 1, 37),
(51, 'Gonzalez', 'Elsa', '1997-09-27', 'Parent', 0.5, 38),
(52, 'Chevallier', 'Martin', '1902-06-21', 'Famille éloignée', 0.5, 38),
(53, 'Gauthier', 'Carla', '1909-02-05', 'Autre', 1, 40),
(54, 'Leroux', 'Adrian', '1942-03-10', 'Famille éloignée', 0.33, 41),
(55, 'Denis', 'Inès', '1946-06-19', 'Autre', 0.33, 41),
(56, 'Lemoine', 'Lilian', '1945-03-01', 'Autre', 0.33, 41),
(57, 'Fernandez', 'Tristan', '1952-12-31', 'Parent', 1, 42),
(58, 'Aubry', 'Grégory', '1997-04-22', 'Autre', 1, 43),
(59, 'Blanchard', 'Mathéo', '1928-03-26', 'Enfant', 0.5, 44),
(60, 'Dubois', 'Ethan', '1984-12-29', 'Autre', 0.5, 44),
(61, 'Laurent', 'Evan', '1956-08-02', 'Parent', 1, 45),
(62, 'Olivier', 'Kylian', '1930-11-09', 'Famille proche', 1, 48),
(63, 'Faure', 'Hugo', '2007-04-10', 'Parent', 1, 49),
(64, 'Gay', 'Inès', '2007-10-25', 'Famille proche', 0.33, 50),
(65, 'Perrin', 'Benjamin', '1964-07-30', 'Famille éloignée', 0.33, 50),
(66, 'Simon', 'Timothée', '1935-09-16', 'Parent', 0.33, 50),
(67, 'Mercier', 'Angelina', '1922-09-06', 'Autre', 1, 51),
(68, 'Faure', 'Hugo', '1919-03-16', 'Parent', 0.25, 52),
(69, 'Moulin', 'Lily', '1962-01-20', 'Enfant', 0.25, 52),
(70, 'Royer', 'Loevan', '1903-03-02', 'Famille proche', 0.25, 52),
(71, 'Bourgeois', 'Lauriane', '1914-11-20', 'Enfant', 0.25, 52),
(72, 'Joly', 'Anna', '1975-05-23', 'Enfant', 0.5, 54),
(73, 'Chevallier', 'Edwige', '1956-04-22', 'Parent', 0.5, 54),
(74, 'Poulain', 'Charlotte', '1927-12-19', 'Parent', 0.5, 55),
(75, 'Marie', 'Maïlé', '1960-09-17', 'Enfant', 0.5, 55),
(76, 'Klein', 'Sara', '1999-08-20', 'Enfant', 0.5, 56),
(77, 'Roussel', 'Katell', '1969-02-26', 'Famille proche', 0.5, 56),
(78, 'Benoit', 'Mohamed', '1994-07-12', 'Famille proche', 0.5, 57),
(79, 'Humbert', 'Léonie', '1918-10-15', 'Famille éloignée', 0.5, 57),
(80, 'Simon', 'Timothée', '1953-08-15', 'Parent', 0.5, 58),
(81, 'Julien', 'Océane', '1901-04-03', 'Enfant', 0.5, 58),
(82, 'Benoit', 'Mohamed', '1902-02-10', 'Famille proche', 0.5, 59),
(83, 'Laine', 'Solene', '1973-06-27', 'Famille proche', 0.5, 59),
(84, 'Caron', 'Lutécia', '2003-04-07', 'Enfant', 1, 60),
(85, 'Vasseur', 'Manon', '2005-07-22', 'Famille proche', 0.5, 61),
(86, 'Laurent', 'Antoine', '1942-03-06', 'Autre', 0.5, 61),
(87, 'Bailly', 'Hugo', '1940-10-16', 'Parent', 1, 62),
(88, 'Laurent', 'Cédric', '1989-12-19', 'Autre', 1, 63),
(89, 'Mercier', 'Cédric', '1907-04-04', 'Autre', 1, 64),
(90, 'Denis', 'Inès', '1959-06-12', 'Autre', 0.5, 65),
(91, 'Durand', 'Louis', '1974-09-15', 'Famille éloignée', 0.5, 65),
(92, 'Barre', 'Macéo', '2008-06-14', 'Famille proche', 1, 67),
(93, 'Aubry', 'Emma', '1916-04-05', 'Autre', 1, 69),
(94, 'Rodriguez', 'Noah', '1959-03-13', 'Famille proche', 1, 70),
(95, 'Rousseau', 'Célia', '1999-02-12', 'Enfant', 0.5, 71),
(96, 'Leclercq', 'Eva', '1910-06-10', 'Parent', 0.5, 71),
(97, 'Gauthier', 'Carla', '1986-09-24', 'Autre', 1, 73),
(98, 'Laurent', 'Antoine', '1961-08-06', 'Autre', 1, 74),
(99, 'Rey', 'Lily', '1964-12-13', 'Parent', 1, 76),
(100, 'Muller', 'Carla', '1989-09-27', 'Autre', 0.25, 78),
(101, 'Lambert', 'Kylian', '1914-11-28', 'Parent', 0.25, 78),
(102, 'Moreau', 'Zoé', '1977-11-22', 'Autre', 0.25, 78),
(103, 'Fournier', 'Adrien', '1915-04-09', 'Autre', 0.25, 78),
(104, 'Benoit', 'Dimitri', '1925-05-25', 'Famille proche', 1, 79),
(105, 'Faure', 'Louna', '1944-05-15', 'Parent', 0.33, 81),
(106, 'Fernandez', 'Tristan', '2009-02-08', 'Parent', 0.33, 81),
(107, 'Renard', 'Katell', '1971-05-07', 'Autre', 0.33, 81),
(108, 'Brun', 'Macéo', '1978-04-08', 'Famille éloignée', 0.5, 82),
(109, 'Roussel', 'Nathan', '1939-07-07', 'Autre', 0.5, 82),
(110, 'Blanc', 'Bastien', '1926-07-08', 'Parent', 1, 83),
(111, 'Vidal', 'Maxence', '1918-07-15', 'Famille proche', 0.5, 85),
(112, 'Barre', 'Macéo', '1998-08-12', 'Famille proche', 0.5, 85),
(113, 'Aubry', 'Grégory', '2008-07-07', 'Autre', 1, 86),
(114, 'Pierre', 'Yohan', '1995-05-05', 'Famille proche', 1, 87),
(115, 'Chevalier', 'Baptiste', '1932-12-12', 'Enfant', 0.25, 88),
(116, 'Fournier', 'Adrien', '2005-09-05', 'Autre', 0.25, 88),
(117, 'Benoit', 'Mohamed', '1927-11-07', 'Famille proche', 0.25, 88),
(118, 'Adam', 'Solene', '1971-01-25', 'Famille éloignée', 0.25, 88),
(119, 'Herve', 'Ethan', '1976-12-01', 'Enfant', 1, 90),
(120, 'Benoit', 'Martin', '1982-10-01', 'Famille proche', 1, 92),
(121, 'Lemoine', 'Louis', '1933-02-17', 'Autre', 0.33, 93),
(122, 'Brun', 'Tristan', '1989-04-09', 'Famille proche', 0.33, 93),
(123, 'Marty', 'Paul', '1989-04-08', 'Famille proche', 0.33, 93),
(124, 'Menard', 'Léo', '1910-03-01', 'Famille éloignée', 1, 94),
(125, 'Bailly', 'Kevin', '1966-10-23', 'Famille proche', 0.5, 95),
(126, 'Lefebvre', 'Inès', '1995-08-08', 'Enfant', 0.5, 95),
(127, 'Perez', 'Chaïma', '1905-06-27', 'Enfant', 0.5, 96),
(128, 'Meunier', 'Pauline', '1919-09-19', 'Parent', 0.5, 96),
(129, 'Gautier', 'Alexandra', '1980-06-16', 'Famille proche', 0.25, 97),
(130, 'Guillot', 'Zoé', '1991-06-01', 'Enfant', 0.25, 97),
(131, 'Mercier', 'Cédric', '1928-03-28', 'Autre', 0.25, 97),
(132, 'Leroux', 'Lilou', '1992-09-24', 'Famille éloignée', 0.25, 97),
(133, 'Humbert', 'Léonie', '1950-03-16', 'Famille éloignée', 1, 99),
(134, 'Denis', 'Lamia', '1951-09-13', 'Enfant', 0.33, 102),
(135, 'Mercier', 'Angelina', '1998-11-09', 'Autre', 0.33, 102),
(136, 'Renault', 'Mathis', '1987-05-23', 'Famille éloignée', 0.33, 102),
(137, 'Dupuy', 'Alice', '2005-08-25', 'Famille éloignée', 1, 105),
(138, 'Benoit', 'Dimitri', '1908-12-22', 'Famille proche', 0.5, 106),
(139, 'Chevallier', 'Martin', '1948-10-29', 'Famille éloignée', 0.5, 106),
(140, 'Boyer', 'Arthur', '1929-12-20', 'Autre', 1, 109),
(141, 'Muller', 'Carla', '1901-05-04', 'Autre', 0.5, 110),
(142, 'Denis', 'Émilie', '1925-10-12', 'Famille éloignée', 0.5, 110),
(143, 'Fernandez', 'Tristan', '1965-08-01', 'Parent', 1, 112),
(144, 'Laurent', 'Evan', '1905-01-03', 'Parent', 1, 113),
(145, 'Marchal', 'Julia', '1948-05-13', 'Famille proche', 0.5, 114),
(146, 'Gautier', 'Thomas', '1999-12-28', 'Enfant', 0.5, 114),
(147, 'Leroux', 'Simon', '1903-05-06', 'Parent', 0.5, 115),
(148, 'Fournier', 'Marwane', '1925-02-23', 'Autre', 0.5, 115),
(149, 'Petit', 'Marine', '1941-08-08', 'Autre', 1, 117),
(150, 'Carre', 'Léonie', '1917-07-06', 'Famille proche', 0.5, 119),
(151, 'Leroux', 'Lilou', '1956-07-01', 'Famille éloignée', 0.5, 119),
(152, 'Gillet', 'Chaïma', '1910-02-25', 'Parent', 1, 121),
(153, 'Cousin', 'Maïwenn', '1976-02-04', 'Famille proche', 0.33, 122),
(154, 'Denis', 'Émilie', '1986-02-28', 'Famille éloignée', 0.33, 122),
(155, 'Gaillard', 'Léa', '2003-07-22', 'Autre', 0.33, 122),
(156, 'Pierre', 'Yohan', '1921-02-01', 'Famille proche', 1, 124),
(157, 'Bailly', 'Kevin', '2008-02-05', 'Famille proche', 0.5, 125),
(158, 'Boyer', 'Arthur', '1974-04-29', 'Autre', 0.5, 125),
(159, 'Prevost', 'Juliette', '1927-07-07', 'Enfant', 1, 126),
(160, 'Clement', 'Guillemette', '1904-07-30', 'Famille éloignée', 1, 127),
(161, 'Rey', 'Lily', '1940-01-24', 'Parent', 1, 129),
(162, 'Bouvier', 'Lilian', '1957-07-23', 'Enfant', 0.33, 130),
(163, 'Guillaume', 'Chloé', '2010-03-22', 'Famille éloignée', 0.33, 130),
(164, 'Fournier', 'Marwane', '1902-12-20', 'Autre', 0.33, 130),
(165, 'Sanchez', 'Katell', '1936-04-06', 'Autre', 1, 131),
(166, 'Rodriguez', 'Noah', '1995-03-17', 'Famille proche', 1, 132),
(167, 'Fournier', 'Mélissa', '1948-08-07', 'Famille proche', 1, 134),
(168, 'Guillaume', 'Chloé', '1947-07-28', 'Famille éloignée', 0.5, 135),
(169, 'Garnier', 'Maïwenn', '1958-05-17', 'Autre', 0.5, 135),
(170, 'Leroux', 'Adrian', '2004-06-01', 'Famille éloignée', 0.33, 136),
(171, 'Caron', 'Lutécia', '1947-11-25', 'Enfant', 0.33, 136),
(172, 'Michel', 'Macéo', '1923-09-27', 'Autre', 0.33, 136),
(173, 'Guyot', 'Yanis', '2005-06-24', 'Parent', 1, 137),
(174, 'Schneider', 'Salomé', '1958-08-29', 'Famille éloignée', 1, 138),
(175, 'Hubert', 'Julien', '1995-09-29', 'Enfant', 0.33, 139),
(176, 'Garnier', 'Anthony', '1986-12-22', 'Famille éloignée', 0.33, 139),
(177, 'Guyot', 'Gilbert', '2000-11-08', 'Famille éloignée', 0.33, 139),
(178, 'Roux', 'Jasmine', '1960-02-20', 'Autre', 0.5, 140),
(179, 'Nguyen', 'Florentin', '1909-11-12', 'Enfant', 0.5, 140),
(180, 'Carre', 'Léonie', '1930-02-01', 'Famille proche', 0.5, 141),
(181, 'Fournier', 'Alexandra', '1985-11-25', 'Autre', 0.5, 141),
(182, 'Dupuy', 'Jordan', '1968-12-12', 'Famille proche', 0.5, 142),
(183, 'Lemaire', 'Gaspard', '1972-12-08', 'Famille proche', 0.5, 142),
(184, 'Gauthier', 'Carla', '1978-11-30', 'Autre', 1, 143),
(185, 'Rey', 'Jade', '1946-09-21', 'Famille proche', 1, 144),
(186, 'Faure', 'Gilbert', '1984-02-17', 'Famille éloignée', 1, 146),
(187, 'Adam', 'Solene', '1954-01-07', 'Famille éloignée', 1, 148),
(188, 'Martinez', 'Sarah', '1984-03-10', 'Autre', 0.5, 149),
(189, 'Durand', 'Aaron', '2007-05-29', 'Famille éloignée', 0.5, 149),
(190, 'Lemaire', 'Gaspard', '1956-06-19', 'Famille proche', 1, 150),
(191, 'Le roux', 'Victor', '1931-07-22', 'Famille éloignée', 1, 151),
(192, 'Olivier', 'Jade', '1966-02-09', 'Autre', 0.33, 152),
(193, 'Perez', 'Maïwenn', '1948-02-20', 'Autre', 0.33, 152),
(194, 'Le gall', 'Rose', '1988-07-18', 'Enfant', 0.33, 152),
(195, 'Le gall', 'Diego', '1963-11-05', 'Autre', 1, 153),
(196, 'Blanc', 'Rémi', '1905-11-05', 'Famille proche', 0.5, 154),
(197, 'Prevost', 'Juliette', '1980-08-23', 'Enfant', 0.5, 154),
(198, 'Gonzalez', 'Théo', '1928-03-01', 'Famille proche', 1, 155),
(199, 'Meunier', 'Pauline', '1972-02-09', 'Parent', 1, 156),
(200, 'Poirier', 'Kylian', '1904-07-30', 'Autre', 0.5, 157),
(201, 'Collet', 'Margaux', '1973-06-21', 'Autre', 0.5, 157),
(202, 'Michel', 'Macéo', '1926-04-27', 'Autre', 0.25, 158),
(203, 'Petit', 'Marine', '1910-09-17', 'Autre', 0.25, 158),
(204, 'Faure', 'Agathe', '1923-09-14', 'Parent', 0.25, 158),
(205, 'Faure', 'Julia', '1901-08-29', 'Enfant', 0.25, 158),
(206, 'Perrin', 'Renaud', '1939-06-09', 'Parent', 0.5, 161),
(207, 'Moulin', 'Lily', '2012-04-24', 'Enfant', 0.5, 161),
(208, 'Denis', 'Émilie', '1934-08-22', 'Famille éloignée', 1, 162),
(209, 'Klein', 'Sara', '1956-03-25', 'Enfant', 1, 163),
(210, 'Lambert', 'Kylian', '1999-10-07', 'Parent', 1, 165),
(211, 'Cousin', 'Alicia', '1903-12-17', 'Famille proche', 0.33, 166),
(212, 'Richard', 'Charlotte', '1962-04-15', 'Autre', 0.33, 166),
(213, 'Schneider', 'Salomé', '1935-06-29', 'Famille éloignée', 0.33, 166),
(214, 'Mercier', 'Cédric', '1915-10-18', 'Autre', 0.5, 167),
(215, 'Bonnet', 'Tristan', '1968-07-01', 'Autre', 0.5, 167),
(216, 'Leroux', 'Éloïse', '1927-03-14', 'Famille proche', 1, 168),
(217, 'Herve', 'Ethan', '1954-02-13', 'Enfant', 0.5, 169),
(218, 'Cousin', 'Maïwenn', '2007-06-06', 'Famille proche', 0.5, 169),
(219, 'Gauthier', 'Élouan', '1922-08-30', 'Parent', 1, 171),
(220, 'Andre', 'Timothée', '1950-09-13', 'Famille éloignée', 1, 172),
(221, 'Mathieu', 'Laura', '1987-10-22', 'Famille éloignée', 0.5, 176),
(222, 'Faure', 'Gilbert', '1992-08-23', 'Famille éloignée', 0.5, 176),
(223, 'Hubert', 'Julien', '1978-05-20', 'Enfant', 1, 177),
(224, 'Carre', 'Léonie', '1928-07-02', 'Famille proche', 1, 180),
(225, 'Gonzalez', 'Théo', '1903-12-28', 'Famille proche', 1, 181),
(226, 'Guillot', 'Zoé', '1901-08-26', 'Enfant', 1, 183),
(227, 'Prevost', 'Juliette', '1916-08-16', 'Enfant', 0.5, 184),
(228, 'Marchal', 'Julia', '1958-08-27', 'Famille proche', 0.5, 184),
(229, 'Lemoine', 'Luna', '1999-06-13', 'Enfant', 1, 185),
(230, 'Andre', 'Timothée', '1972-03-12', 'Famille éloignée', 0.33, 186),
(231, 'Vasseur', 'Lucie', '1957-02-01', 'Autre', 0.33, 186),
(232, 'Petit', 'Nathan', '1931-04-15', 'Famille éloignée', 0.33, 186),
(233, 'Caron', 'Lutécia', '1927-11-14', 'Enfant', 1, 187),
(234, 'Klein', 'Ambre', '1953-10-10', 'Parent', 0.5, 189),
(235, 'Gonzalez', 'Adrian', '1950-07-29', 'Autre', 0.5, 189),
(236, 'Durand', 'Juliette', '1910-04-13', 'Enfant', 1, 190),
(237, 'Nguyen', 'Florentin', '1988-06-29', 'Enfant', 1, 192),
(238, 'Jacquet', 'Mathilde', '1937-01-19', 'Famille proche', 1, 193),
(239, 'Chevallier', 'Edwige', '2003-08-24', 'Parent', 0.33, 196),
(240, 'Gonzalez', 'Cloé', '1912-12-27', 'Famille éloignée', 0.33, 196),
(241, 'Renaud', 'Ambre', '1908-04-25', 'Enfant', 0.33, 196),
(242, 'Simon', 'Loane', '1911-11-03', 'Enfant', 1, 197),
(243, 'Gautier', 'Thomas', '1972-12-25', 'Enfant', 0.5, 198),
(244, 'Nicolas', 'Timéo', '1969-04-27', 'Enfant', 0.5, 198),
(245, 'Klein', 'Ambre', '1939-07-13', 'Parent', 1, 199),
(246, 'Boyer', 'Kilian', '1964-01-08', 'Enfant', 1, 200),
(247, 'Gautier', 'Alexandra', '2007-11-09', 'Famille proche', 1, 201),
(248, 'Barbier', 'Charlotte', '1978-10-23', 'Famille proche', 1, 202),
(249, 'Petit', 'Chaïma', '1917-07-23', 'Autre', 1, 203),
(250, 'Blanchard', 'Gabin', '1942-07-14', 'Famille proche', 0.25, 205),
(251, 'Richard', 'Charlotte', '1948-06-22', 'Autre', 0.25, 205),
(252, 'Lemaire', 'Marion', '1900-04-03', 'Parent', 0.25, 205),
(253, 'Guyot', 'Yanis', '1952-02-15', 'Parent', 0.25, 205),
(254, 'Olivier', 'Jade', '1974-06-17', 'Autre', 1, 206),
(255, 'Perez', 'Kyllian', '2010-02-21', 'Enfant', 1, 207),
(256, 'Brun', 'Tristan', '1993-08-05', 'Famille proche', 1, 208),
(257, 'Michel', 'Macéo', '1929-10-22', 'Autre', 1, 209),
(258, 'Paris', 'Élouan', '1958-01-24', 'Parent', 1, 210),
(259, 'Benoit', 'Martin', '1912-01-23', 'Famille proche', 0.5, 214),
(260, 'Gaillard', 'Léa', '1980-09-01', 'Autre', 0.5, 214),
(261, 'Bailly', 'Kevin', '2001-04-01', 'Famille proche', 1, 216),
(262, 'Perez', 'Kyllian', '1953-10-08', 'Enfant', 0.33, 217),
(263, 'Bourgeois', 'Lauriane', '1992-10-20', 'Enfant', 0.33, 217),
(264, 'Leroux', 'Simon', '1993-01-09', 'Parent', 0.33, 217),
(265, 'Garnier', 'Anthony', '1914-04-25', 'Famille éloignée', 0.33, 218),
(266, 'Noel', 'Rosalie', '1930-04-17', 'Parent', 0.33, 218),
(267, 'Richard', 'Noémie', '2013-11-05', 'Autre', 0.33, 218),
(268, 'Leroux', 'Lilou', '1903-01-17', 'Famille éloignée', 1, 219),
(269, 'Simon', 'Loane', '1972-10-22', 'Enfant', 0.5, 222),
(270, 'Dupuy', 'Malo', '1985-08-29', 'Enfant', 0.5, 222),
(271, 'Gerard', 'Eva', '1973-10-29', 'Enfant', 0.5, 223),
(272, 'Chevallier', 'Martin', '2010-07-16', 'Famille éloignée', 0.5, 223),
(273, 'Roussel', 'Nathan', '1965-03-07', 'Autre', 1, 225),
(274, 'Fernandez', 'Mathieu', '1947-09-13', 'Parent', 0.5, 226),
(275, 'Gauthier', 'Carla', '1933-01-10', 'Autre', 0.5, 226),
(276, 'Cousin', 'Maïwenn', '1971-09-07', 'Famille proche', 0.25, 228),
(277, 'Bourgeois', 'Lauriane', '1929-04-19', 'Enfant', 0.25, 228),
(278, 'Bonnet', 'Tristan', '1923-08-29', 'Autre', 0.25, 228),
(279, 'Roux', 'Jasmine', '2000-08-30', 'Autre', 0.25, 228),
(280, 'Petit', 'Marine', '1956-07-25', 'Autre', 0.5, 229),
(281, 'Olivier', 'Kylian', '1942-09-17', 'Famille proche', 0.5, 229),
(282, 'Vincent', 'Colin', '2005-11-11', 'Famille proche', 0.33, 230),
(283, 'Nicolas', 'Timéo', '1921-11-07', 'Enfant', 0.33, 230),
(284, 'Michel', 'Alexis', '1980-08-05', 'Enfant', 0.33, 230),
(285, 'Le gall', 'Rose', '1915-11-28', 'Enfant', 0.166667, 231),
(286, 'Muller', 'Carla', '1985-08-13', 'Autre', 0.166667, 231),
(287, 'Muller', 'Carla', '1982-02-03', 'Autre', 0.166667, 231),
(288, 'Humbert', 'Léonie', '1931-05-09', 'Famille éloignée', 0.166667, 231),
(289, 'Garnier', 'Maïwenn', '2002-07-08', 'Autre', 0.166667, 231),
(290, 'Duval', 'Yasmine', '1926-03-22', 'Parent', 0.166667, 231),
(291, 'Richard', 'Yohan', '1934-02-16', 'Famille proche', 0.5, 232),
(292, 'Francois', 'Jasmine', '1920-10-25', 'Famille proche', 0.5, 232),
(293, 'Roger', 'Quentin', '2004-05-01', 'Autre', 0.5, 234),
(294, 'Marchand', 'Jeanne', '1940-12-28', 'Famille éloignée', 0.5, 234),
(295, 'Gay', 'Inès', '1945-03-06', 'Famille proche', 1, 237),
(296, 'Richard', 'Charlotte', '1939-01-16', 'Autre', 1, 238),
(297, 'Louis', 'Lamia', '1948-12-07', 'Autre', 1, 240),
(298, 'Michel', 'Alexis', '1923-06-21', 'Enfant', 0.5, 241),
(299, 'Francois', 'Jasmine', '1961-07-14', 'Famille proche', 0.5, 241),
(300, 'Durand', 'Juliette', '1961-12-12', 'Enfant', 1, 242),
(301, 'Denis', 'Émilie', '1918-04-06', 'Famille éloignée', 1, 244),
(302, 'Laine', 'Solene', '1973-12-26', 'Famille proche', 0.33, 245),
(303, 'Duval', 'Yasmine', '1952-09-30', 'Parent', 0.33, 245),
(304, 'Laurent', 'Antoine', '1919-08-20', 'Autre', 0.33, 245),
(305, 'Poulain', 'Charlotte', '1981-05-15', 'Parent', 1, 246),
(306, 'Lemaire', 'Marion', '1982-11-03', 'Parent', 1, 247),
(307, 'Gillet', 'Chaïma', '1990-06-23', 'Parent', 0.25, 249),
(308, 'Lemaire', 'Gaspard', '1954-10-20', 'Famille proche', 0.25, 249),
(309, 'Rolland', 'Amine', '1976-01-22', 'Famille éloignée', 0.25, 249),
(310, 'Masson', 'Alicia', '1988-10-04', 'Enfant', 0.25, 249),
(311, 'Barre', 'Macéo', '1950-11-04', 'Famille proche', 0.5, 251),
(312, 'Humbert', 'Léonie', '1909-10-13', 'Famille éloignée', 0.5, 251),
(313, 'Lambert', 'Kylian', '1973-04-03', 'Parent', 1, 252),
(314, 'Pons', 'Loevan', '2000-01-27', 'Parent', 0.25, 253),
(315, 'Francois', 'Jasmine', '1997-07-19', 'Famille proche', 0.25, 253),
(316, 'Duval', 'Yasmine', '1978-12-07', 'Parent', 0.25, 253),
(317, 'Laine', 'Solene', '1932-06-21', 'Famille proche', 0.25, 253),
(318, 'Rousseau', 'Noë', '2007-03-25', 'Enfant', 0.5, 254),
(319, 'Marty', 'Anthony', '1968-03-16', 'Autre', 0.5, 254),
(320, 'Meunier', 'Pauline', '1943-07-26', 'Parent', 1, 255),
(321, 'Leroux', 'Simon', '1911-07-24', 'Parent', 1, 256),
(322, 'Marchal', 'Julia', '2005-08-02', 'Famille proche', 0.5, 257),
(323, 'Perez', 'Chaïma', '1944-12-13', 'Enfant', 0.5, 257),
(324, 'Denis', 'Lamia', '1934-07-12', 'Enfant', 0.33, 258),
(325, 'Menard', 'Léo', '1987-01-19', 'Famille éloignée', 0.33, 258),
(326, 'Richard', 'Noémie', '1995-08-30', 'Autre', 0.33, 258),
(327, 'Marty', 'Paul', '1993-09-05', 'Famille proche', 1, 262),
(328, 'Weber', 'Erwan', '2008-05-02', 'Enfant', 1, 263),
(329, 'Duval', 'Yasmine', '1978-07-25', 'Parent', 1, 264),
(330, 'Roussel', 'Katell', '1982-06-23', 'Famille proche', 1, 267),
(331, 'Barbier', 'Charlotte', '1940-07-17', 'Famille proche', 0.5, 268),
(332, 'Fournier', 'Mélissa', '1946-11-12', 'Famille proche', 0.5, 268),
(333, 'Vasseur', 'Lucie', '1974-01-14', 'Autre', 0.5, 270),
(334, 'Gonzalez', 'Adrian', '1901-08-07', 'Autre', 0.5, 270),
(335, 'Chevalier', 'Baptiste', '1976-12-31', 'Enfant', 1, 271),
(336, 'Fontaine', 'Alexandra', '1906-12-09', 'Famille éloignée', 0.33, 272),
(337, 'Aubry', 'Grégory', '1945-04-22', 'Autre', 0.33, 272),
(338, 'Leclercq', 'Eva', '1977-09-03', 'Parent', 0.33, 272),
(339, 'Henry', 'Martin', '2005-11-20', 'Famille éloignée', 0.5, 273),
(340, 'Pons', 'Loevan', '1976-11-22', 'Parent', 0.5, 273),
(341, 'Dubois', 'Ethan', '1971-08-11', 'Autre', 0.33, 274),
(342, 'Meunier', 'Constant', '1921-06-30', 'Famille proche', 0.33, 274),
(343, 'Bailly', 'Kevin', '1971-11-06', 'Famille proche', 0.33, 274),
(344, 'Durand', 'Lou', '1967-07-08', 'Famille proche', 1, 275),
(345, 'Gonzalez', 'Elsa', '1918-05-22', 'Parent', 0.33, 276),
(346, 'Nguyen', 'Florentin', '2009-05-28', 'Enfant', 0.33, 276),
(347, 'Paris', 'Élouan', '1943-09-11', 'Parent', 0.33, 276),
(348, 'Bonnet', 'Tristan', '1999-04-15', 'Autre', 0.25, 277),
(349, 'Gonzalez', 'Cloé', '2013-01-23', 'Famille éloignée', 0.25, 277),
(350, 'Fournier', 'Marwane', '1992-11-02', 'Autre', 0.25, 277),
(351, 'Marie', 'Maïlé', '1941-07-12', 'Enfant', 0.25, 277),
(352, 'Royer', 'Loevan', '1966-04-29', 'Famille proche', 1, 278),
(353, 'Brun', 'Macéo', '1980-09-30', 'Famille éloignée', 1, 279),
(354, 'Renard', 'Katell', '1976-06-09', 'Autre', 1, 280),
(355, 'Mercier', 'Angelina', '1948-08-03', 'Autre', 1, 281),
(356, 'Paris', 'Élouan', '1973-03-24', 'Parent', 1, 282),
(357, 'Vidal', 'Maxence', '1989-03-14', 'Famille proche', 1, 284),
(358, 'Cousin', 'Alicia', '1973-07-25', 'Famille proche', 0.5, 285),
(359, 'Julien', 'Martin', '1972-08-11', 'Famille éloignée', 0.5, 285),
(360, 'Brun', 'Macéo', '1976-07-31', 'Famille éloignée', 0.33, 286),
(361, 'Vasseur', 'Manon', '1931-02-19', 'Famille proche', 0.33, 286),
(362, 'Fontaine', 'Élisa', '1988-12-28', 'Famille éloignée', 0.33, 286),
(363, 'Dupuy', 'Jordan', '1976-06-06', 'Famille proche', 1, 287),
(364, 'Petit', 'Nathan', '1974-11-29', 'Famille éloignée', 1, 289),
(365, 'Roy', 'Alexis', '1916-02-07', 'Parent', 0.5, 290),
(366, 'Mercier', 'Angelina', '2001-06-23', 'Autre', 0.5, 290),
(367, 'Dumont', 'Aaron', '1912-03-08', 'Famille proche', 0.5, 291),
(368, 'Gonzalez', 'Adrian', '1994-05-17', 'Autre', 0.5, 291),
(369, 'Gay', 'Inès', '1998-07-25', 'Famille proche', 1, 294),
(370, 'Faure', 'Julia', '1903-08-10', 'Enfant', 1, 295),
(371, 'Julien', 'Martin', '1989-07-25', 'Famille éloignée', 1, 297),
(372, 'Aubry', 'Emma', '1919-09-10', 'Autre', 1, 298),
(373, 'Hubert', 'Pierre', '1987-06-01', 'Parent', 1, 299),
(374, 'Durand', 'Lou', '2007-08-17', 'Famille proche', 1, 300),
(375, 'Bailly', 'Kevin', '1971-01-14', 'Famille proche', 0.5, 301),
(376, 'Le gall', 'Rose', '1920-08-07', 'Enfant', 0.5, 301),
(377, 'Fournier', 'Mélissa', '1913-09-30', 'Famille proche', 1, 302),
(378, 'Boyer', 'Arthur', '1970-03-09', 'Autre', 0.5, 303),
(379, 'Olivier', 'Jade', '1932-01-17', 'Autre', 0.5, 303),
(380, 'Louis', 'Lamia', '1909-09-24', 'Autre', 0.25, 304),
(381, 'Gaillard', 'Léa', '1998-05-24', 'Autre', 0.25, 304),
(382, 'Guillot', 'Amélie', '1916-05-06', 'Enfant', 0.25, 304),
(383, 'Andre', 'Timothée', '1932-04-23', 'Famille éloignée', 0.25, 304),
(384, 'Laurent', 'Evan', '1947-09-11', 'Parent', 0.5, 306),
(385, 'Leroux', 'Éloïse', '1945-10-09', 'Famille proche', 0.5, 306),
(386, 'Benoit', 'Mohamed', '1936-09-13', 'Famille proche', 0.5, 307),
(387, 'Chevallier', 'Bastien', '1960-01-14', 'Famille éloignée', 0.5, 307),
(388, 'Louis', 'Lamia', '1943-07-08', 'Autre', 1, 308),
(389, 'Muller', 'Carla', '1926-12-05', 'Autre', 0.5, 309),
(390, 'Joly', 'Anna', '1943-08-16', 'Enfant', 0.5, 309),
(391, 'Meunier', 'Constant', '1991-10-15', 'Famille proche', 0.5, 310),
(392, 'Michel', 'Alexis', '1971-04-19', 'Enfant', 0.5, 310),
(393, 'Durand', 'Lou', '1907-07-19', 'Enfant', 1, 311),
(394, 'Blanc', 'Bastien', '1945-12-13', 'Parent', 0.33, 312),
(395, 'Dumont', 'Aaron', '1909-10-15', 'Famille proche', 0.33, 312),
(396, 'Nguyen', 'Florentin', '1992-11-23', 'Enfant', 0.33, 312),
(397, 'Weber', 'Erwan', '1963-10-21', 'Enfant', 0.33, 313),
(398, 'Julien', 'Martin', '1939-08-27', 'Famille éloignée', 0.33, 313),
(399, 'Perez', 'Maïwenn', '1923-11-26', 'Autre', 0.33, 313),
(400, 'Fernandez', 'Tristan', '1952-05-27', 'Parent', 0.5, 314),
(401, 'Blanchard', 'Mathéo', '2010-06-26', 'Enfant', 0.5, 314),
(402, 'Gauthier', 'Élouan', '2009-08-12', 'Parent', 0.33, 315),
(403, 'Garnier', 'Maïwenn', '1940-05-22', 'Autre', 0.33, 315),
(404, 'Collet', 'Margaux', '1945-09-01', 'Autre', 0.33, 315),
(405, 'Nicolas', 'Timéo', '1979-08-12', 'Enfant', 1, 316),
(406, 'Humbert', 'Léonie', '1909-11-01', 'Famille éloignée', 0.33, 317),
(407, 'Herve', 'Ethan', '2011-12-07', 'Enfant', 0.33, 317),
(408, 'Aubert', 'Noémie', '1918-02-01', 'Enfant', 0.33, 317),
(409, 'Perrin', 'Benjamin', '1953-08-12', 'Famille éloignée', 1, 319),
(410, 'Vasseur', 'Lucie', '1973-01-03', 'Autre', 0.5, 320),
(411, 'Julien', 'Martin', '1989-12-07', 'Famille éloignée', 0.5, 320),
(412, 'Faure', 'Gilbert', '1932-05-05', 'Famille éloignée', 0.5, 321),
(413, 'Le gall', 'Rose', '1926-11-05', 'Enfant', 0.5, 321),
(414, 'Gonzalez', 'Elsa', '1981-02-15', 'Parent', 1, 322),
(415, 'Mercier', 'Cédric', '1951-10-04', 'Autre', 0.33, 323),
(416, 'Leroy', 'Angelina', '1924-08-26', 'Famille éloignée', 0.33, 323),
(417, 'Martinez', 'Arthur', '1963-09-28', 'Autre', 0.33, 323),
(418, 'Rodriguez', 'Noah', '1975-02-03', 'Famille proche', 1, 325),
(419, 'Perez', 'Maïwenn', '2002-06-10', 'Autre', 0.25, 326),
(420, 'Mercier', 'Cédric', '2010-04-23', 'Autre', 0.25, 326),
(421, 'Bertrand', 'Amandine', '1975-12-15', 'Enfant', 0.25, 326),
(422, 'Le roux', 'Victor', '1995-06-20', 'Famille éloignée', 0.25, 326),
(423, 'Garcia', 'Colin', '1955-07-19', 'Famille proche', 0.5, 327),
(424, 'Marchal', 'Julia', '1939-10-10', 'Famille proche', 0.5, 327),
(425, 'Berger', 'Enzo', '1967-12-02', 'Autre', 0.33, 328),
(426, 'Dupuy', 'Alice', '2006-05-13', 'Famille éloignée', 0.33, 328),
(427, 'Durand', 'Lou', '1967-07-11', 'Enfant', 0.33, 328),
(428, 'Blanc', 'Rémi', '1948-12-26', 'Famille proche', 0.25, 331),
(429, 'Rolland', 'Amine', '1932-06-16', 'Famille éloignée', 0.25, 331),
(430, 'Guillot', 'Zoé', '1930-10-19', 'Enfant', 0.25, 331),
(431, 'Dumont', 'Clotilde', '1976-01-07', 'Famille proche', 0.25, 331),
(432, 'Brun', 'Macéo', '1978-01-27', 'Famille éloignée', 1, 332),
(433, 'Noel', 'Rosalie', '1956-06-24', 'Parent', 0.2, 333),
(434, 'Bouvier', 'Lilian', '1903-10-18', 'Enfant', 0.2, 333),
(435, 'Martinez', 'Sarah', '1957-08-05', 'Autre', 0.2, 333),
(436, 'Garcia', 'Colin', '1958-04-21', 'Famille proche', 0.2, 333),
(437, 'Garnier', 'Maïwenn', '1944-05-20', 'Autre', 0.2, 333),
(438, 'Faure', 'Hugo', '1953-02-07', 'Parent', 0.33, 334),
(439, 'Richard', 'Noémie', '2009-03-09', 'Autre', 0.33, 334),
(440, 'Barbier', 'Charlotte', '1903-07-26', 'Famille proche', 0.33, 334),
(441, 'Poulain', 'Charlotte', '1934-03-11', 'Parent', 1, 335),
(442, 'Boyer', 'Kilian', '1911-08-28', 'Enfant', 0.5, 336),
(443, 'Garcia', 'Colin', '1989-02-05', 'Famille proche', 0.5, 336),
(444, 'Boyer', 'Kilian', '1993-12-16', 'Enfant', 0.5, 337),
(445, 'Marty', 'Paul', '1927-10-30', 'Famille proche', 0.5, 337),
(446, 'Richard', 'Yohan', '1925-06-29', 'Famille proche', 1, 339),
(447, 'Lemoine', 'Lilian', '1957-06-29', 'Autre', 1, 340),
(448, 'Faure', 'Julia', '1934-03-05', 'Enfant', 0.5, 341),
(449, 'Dumont', 'Aaron', '1987-11-23', 'Famille proche', 0.5, 341),
(450, 'Laine', 'Solene', '1991-03-12', 'Famille proche', 1, 342),
(451, 'Dubois', 'Ethan', '2000-08-10', 'Autre', 1, 343),
(452, 'Brun', 'Tristan', '2004-10-26', 'Famille proche', 0.5, 344),
(453, 'Perez', 'Kyllian', '1987-12-27', 'Enfant', 0.5, 344),
(454, 'Gonzalez', 'Théo', '1954-09-04', 'Famille proche', 0.33, 345),
(455, 'Chevallier', 'Edwige', '1949-10-14', 'Parent', 0.33, 345),
(456, 'Cousin', 'Maïwenn', '1974-05-25', 'Famille proche', 0.33, 345),
(457, 'Garcia', 'Colin', '1995-01-31', 'Famille proche', 0.5, 346),
(458, 'Michel', 'Macéo', '1901-09-23', 'Enfant', 0.5, 346),
(459, 'Durand', 'Juliette', '1975-10-27', 'Enfant', 1, 347),
(460, 'Bouvier', 'Lilian', '1915-02-09', 'Enfant', 0.33, 348),
(461, 'Gautier', 'Luna', '1939-04-15', 'Famille proche', 0.33, 348),
(462, 'Durand', 'Juliette', '1938-09-18', 'Enfant', 0.33, 348),
(463, 'Rodriguez', 'Amine', '1961-10-15', 'Famille éloignée', 1, 349),
(464, 'Richard', 'Yohan', '2011-09-21', 'Famille proche', 0.33, 350),
(465, 'Joly', 'Anna', '1963-07-07', 'Enfant', 0.33, 350),
(466, 'Durand', 'Lou', '1956-06-29', 'Famille proche', 0.33, 350),
(467, 'Lemaire', 'Marion', '1986-11-30', 'Parent', 0.5, 351),
(468, 'Pierre', 'Marie', '1985-04-13', 'Autre', 0.5, 351),
(469, 'Faure', 'Louna', '1996-12-05', 'Parent', 1, 352),
(470, 'Lemoine', 'Luna', '1988-12-24', 'Enfant', 1, 353),
(471, 'Lemoine', 'Jérémy', '2002-08-01', 'Famille éloignée', 0.5, 354),
(472, 'Aubry', 'Élouan', '1972-10-25', 'Autre', 0.5, 354),
(473, 'Leclercq', 'Eva', '1941-12-06', 'Parent', 1, 355),
(474, 'Klein', 'Ambre', '2001-09-27', 'Parent', 0.25, 356),
(475, 'Fournier', 'Marwane', '1944-05-03', 'Autre', 0.25, 356),
(476, 'Renault', 'Mathis', '1979-12-16', 'Famille éloignée', 0.25, 356),
(477, 'Schneider', 'Salomé', '1956-12-05', 'Famille éloignée', 0.25, 356),
(478, 'Perrin', 'Clément', '1968-12-20', 'Autre', 1, 358),
(479, 'Julien', 'Martin', '1949-03-05', 'Famille éloignée', 0.5, 359),
(480, 'Durand', 'Louis', '1959-01-26', 'Famille éloignée', 0.5, 359),
(481, 'Blanchard', 'Gabin', '1944-04-21', 'Famille proche', 0.5, 360),
(482, 'Menard', 'Léo', '1912-11-11', 'Famille éloignée', 0.5, 360),
(483, 'Le roux', 'Victor', '1915-10-25', 'Famille éloignée', 0.25, 361),
(484, 'Laine', 'Solene', '1947-05-10', 'Famille proche', 0.25, 361),
(485, 'Benoit', 'Martin', '1988-06-10', 'Famille proche', 0.25, 361),
(486, 'Perrin', 'Benjamin', '2005-12-22', 'Famille éloignée', 0.25, 361),
(487, 'Fontaine', 'Élisa', '1984-05-10', 'Famille éloignée', 0.33, 363),
(488, 'Cousin', 'Alicia', '1988-05-31', 'Famille proche', 0.33, 363),
(489, 'Julien', 'Martin', '1980-08-13', 'Famille éloignée', 0.33, 363),
(490, 'Riviere', 'Loevan', '2010-10-11', 'Famille éloignée', 1, 364),
(491, 'Guillaume', 'Chloé', '1926-07-08', 'Famille éloignée', 0.5, 365),
(492, 'Julien', 'Océane', '1940-04-26', 'Enfant', 0.5, 365),
(493, 'Chevallier', 'Bastien', '1903-07-02', 'Famille éloignée', 1, 366),
(494, 'Fernandez', 'Mathieu', '1941-07-11', 'Parent', 0.5, 367),
(495, 'Blanchard', 'Gabin', '1936-07-16', 'Famille proche', 0.5, 367),
(496, 'Lefebvre', 'Inès', '1974-10-13', 'Enfant', 0.33, 369),
(497, 'Perez', 'Chaïma', '1931-11-16', 'Enfant', 0.33, 369),
(498, 'Gonzalez', 'Cloé', '1986-09-06', 'Famille éloignée', 0.33, 369),
(499, 'Meunier', 'Pauline', '1980-08-15', 'Parent', 0.33, 370),
(500, 'Boyer', 'Arthur', '1973-06-20', 'Autre', 0.33, 370),
(501, 'Leroux', 'Adrian', '2005-08-27', 'Famille éloignée', 0.33, 370),
(502, 'Collin', 'Noah', '2004-02-26', 'Famille éloignée', 0.33, 371),
(503, 'Rousseau', 'Noë', '1984-11-17', 'Enfant', 0.33, 371),
(504, 'Benoit', 'Martin', '1981-10-11', 'Famille proche', 0.33, 371),
(505, 'Martinez', 'Arthur', '1942-06-30', 'Autre', 1, 375),
(506, 'Bertrand', 'Amandine', '1939-05-22', 'Enfant', 1, 377),
(507, 'Leroy', 'Angelina', '1954-07-06', 'Famille éloignée', 0.5, 378),
(508, 'Gautier', 'Thomas', '1930-07-15', 'Enfant', 0.5, 378),
(509, 'Perez', 'Kyllian', '1980-12-21', 'Enfant', 1, 379),
(510, 'Guillot', 'Amélie', '1904-08-09', 'Enfant', 1, 380),
(511, 'Cousin', 'Maïwenn', '2007-09-20', 'Famille proche', 0.5, 381),
(512, 'Vidal', 'Maxence', '1931-12-27', 'Famille proche', 0.5, 381),
(513, 'Mathieu', 'Laura', '1905-05-08', 'Famille éloignée', 0.33, 382),
(514, 'Dupuy', 'Malo', '2013-12-23', 'Enfant', 0.33, 382),
(515, 'Gonzalez', 'Cloé', '1962-05-12', 'Famille éloignée', 0.33, 382),
(516, 'Simon', 'Rosalie', '1952-11-17', 'Autre', 0.5, 384),
(517, 'Rousseau', 'Noë', '1915-05-03', 'Enfant', 0.5, 384),
(518, 'Guerin', 'Mélanie', '1961-08-02', 'Famille proche', 0.33, 385),
(519, 'Louis', 'Lamia', '1979-10-17', 'Autre', 0.33, 385),
(520, 'Fontaine', 'Alexandra', '1958-11-15', 'Famille éloignée', 0.33, 385),
(521, 'Collin', 'Noah', '1998-06-10', 'Famille éloignée', 0.5, 387),
(522, 'Jacquet', 'Mathilde', '1915-05-29', 'Famille proche', 0.5, 387),
(523, 'Gauthier', 'Élouan', '1961-02-01', 'Parent', 1, 388),
(524, 'Vasseur', 'Manon', '1929-06-25', 'Famille proche', 1, 389),
(525, 'Bouvier', 'Lilian', '1952-10-07', 'Enfant', 1, 390),
(526, 'Boyer', 'Arthur', '1937-02-05', 'Autre', 0.5, 393),
(527, 'Perrin', 'Clément', '1903-01-07', 'Autre', 0.5, 393),
(528, 'Rolland', 'Amine', '1927-07-06', 'Famille éloignée', 1, 394),
(529, 'Dupuy', 'Alice', '1978-03-06', 'Famille éloignée', 1, 395),
(530, 'Pierre', 'Yohan', '1956-07-29', 'Famille proche', 0.33, 396),
(531, 'Le gall', 'Rose', '1974-11-19', 'Enfant', 0.33, 396),
(532, 'Roux', 'Jasmine', '1993-07-30', 'Autre', 0.33, 396),
(533, 'Meunier', 'Constant', '1908-07-25', 'Famille proche', 0.5, 397),
(534, 'Richard', 'Noémie', '1900-10-09', 'Autre', 0.5, 397),
(535, 'Faure', 'Gilbert', '2008-07-13', 'Famille éloignée', 0.5, 398),
(536, 'Lemaire', 'Marion', '1975-11-22', 'Parent', 0.5, 398),
(537, 'Jacquet', 'Mathilde', '1993-05-20', 'Famille proche', 0.25, 399),
(538, 'Leroux', 'Éloïse', '1940-02-23', 'Famille proche', 0.25, 399),
(539, 'Gauthier', 'Carla', '1923-10-10', 'Autre', 0.25, 399),
(540, 'Simon', 'Timothée', '1968-02-25', 'Parent', 0.25, 399),
(541, 'Olivier', 'Kylian', '1924-09-16', 'Famille proche', 0.5, 400),
(542, 'Vidal', 'Maxence', '1994-07-06', 'Famille proche', 0.5, 400),
(543, 'Denis', 'Émilie', '1932-06-05', 'Famille éloignée', 1, 401),
(544, 'Gautier', 'Luna', '1928-12-18', 'Famille proche', 0.33, 402),
(545, 'Faure', 'Agathe', '1949-07-24', 'Parent', 0.33, 402),
(546, 'Marie', 'Maïlé', '1953-04-18', 'Enfant', 0.33, 402),
(547, 'Blanc', 'Lucas', '1982-02-27', 'Parent', 1, 403),
(548, 'Bertrand', 'Amandine', '1980-11-23', 'Enfant', 1, 404),
(549, 'Guillot', 'Zoé', '1985-03-16', 'Enfant', 1, 407),
(550, 'Bonnet', 'Tristan', '1931-07-10', 'Autre', 1, 409),
(551, 'Martinez', 'Arthur', '1941-03-30', 'Autre', 0.5, 411),
(552, 'Vidal', 'Maxence', '1968-12-26', 'Famille proche', 0.5, 411),
(553, 'Chevalier', 'Baptiste', '1976-11-16', 'Enfant', 1, 414),
(554, 'Julien', 'Océane', '1949-02-15', 'Enfant', 0.5, 415),
(555, 'Nguyen', 'Florentin', '1986-12-22', 'Enfant', 0.5, 415),
(556, 'Maillard', 'Salomé', '1984-03-19', 'Enfant', 0.5, 417),
(557, 'Petit', 'Marine', '1917-04-08', 'Autre', 0.5, 417),
(558, 'Michel', 'Macéo', '1973-06-01', 'Enfant', 0.5, 418),
(559, 'Michel', 'Macéo', '1903-03-31', 'Enfant', 0.5, 418),
(560, 'Henry', 'Martin', '1924-10-21', 'Famille éloignée', 0.5, 419),
(561, 'Vincent', 'Colin', '1929-09-21', 'Famille proche', 0.5, 419),
(562, 'Gerard', 'Eva', '1960-08-08', 'Enfant', 1, 420),
(563, 'Fournier', 'Elodie', '1961-12-15', 'Famille proche', 1, 421),
(564, 'Simon', 'Rosalie', '1996-05-27', 'Autre', 0.5, 422),
(565, 'Pierre', 'Yohan', '1940-10-10', 'Famille proche', 0.5, 422),
(566, 'Brun', 'Macéo', '1987-08-07', 'Famille éloignée', 1, 423),
(567, 'Rousseau', 'Célia', '1918-08-17', 'Enfant', 1, 424),
(568, 'Gillet', 'Chaïma', '1924-12-02', 'Parent', 0.33, 425),
(569, 'Dubois', 'Ethan', '1988-08-17', 'Autre', 0.33, 425),
(570, 'Garcia', 'Colin', '1958-02-11', 'Famille proche', 0.33, 425),
(571, 'Petit', 'Nathan', '1958-11-08', 'Famille éloignée', 0.25, 426),
(572, 'Denis', 'Inès', '1945-02-01', 'Autre', 0.25, 426),
(573, 'Aubert', 'Noémie', '1916-02-12', 'Enfant', 0.25, 426),
(574, 'Simon', 'Loane', '1918-02-24', 'Enfant', 0.25, 426),
(575, 'Rey', 'Jade', '1993-11-24', 'Famille proche', 0.33, 427),
(576, 'Meunier', 'Constant', '1911-08-06', 'Famille proche', 0.33, 427),
(577, 'Francois', 'Jasmine', '1944-01-08', 'Famille proche', 0.33, 427),
(578, 'Guyot', 'Gilbert', '1911-06-27', 'Famille éloignée', 1, 428),
(579, 'Durand', 'Lou', '1927-05-29', 'Enfant', 0.33, 429),
(580, 'Maillard', 'Salomé', '2005-02-03', 'Enfant', 0.33, 429),
(581, 'Joly', 'Anna', '1921-05-03', 'Enfant', 0.33, 429),
(582, 'Chevallier', 'Martin', '1900-03-09', 'Famille éloignée', 0.5, 430),
(583, 'Fontaine', 'Élisa', '1900-11-21', 'Famille éloignée', 0.5, 430),
(584, 'Renault', 'Mathis', '1913-09-08', 'Famille éloignée', 0.33, 431),
(585, 'Moreau', 'Zoé', '1911-08-09', 'Autre', 0.33, 431),
(586, 'Aubry', 'Élouan', '1973-02-21', 'Autre', 0.33, 431),
(587, 'Jacquet', 'Mathilde', '1904-08-16', 'Famille proche', 0.5, 432),
(588, 'Dubois', 'Ethan', '1900-04-17', 'Autre', 0.5, 432),
(589, 'Mercier', 'Cédric', '1981-04-22', 'Autre', 1, 433),
(590, 'Garnier', 'Maïwenn', '1907-11-10', 'Autre', 1, 434),
(591, 'Schneider', 'Salomé', '1955-04-04', 'Famille éloignée', 0.5, 435),
(592, 'Aubry', 'Léonard', '1951-03-18', 'Autre', 0.5, 435),
(593, 'Bertrand', 'Amandine', '1918-08-22', 'Enfant', 0.5, 437),
(594, 'Durand', 'Aaron', '1928-02-14', 'Famille éloignée', 0.5, 437),
(595, 'Faure', 'Louna', '1971-07-23', 'Parent', 0.5, 438),
(596, 'Gautier', 'Alexandra', '1957-02-11', 'Famille proche', 0.5, 438),
(597, 'Barre', 'Macéo', '1986-11-15', 'Famille proche', 0.5, 439),
(598, 'Louis', 'Lamia', '1981-02-22', 'Autre', 0.5, 439),
(599, 'Barbier', 'Charlotte', '1950-04-26', 'Famille proche', 0.33, 440),
(600, 'Rodriguez', 'Amine', '1917-01-28', 'Famille éloignée', 0.33, 440),
(601, 'Martinez', 'Sarah', '1933-08-18', 'Autre', 0.33, 440),
(602, 'Faure', 'Hugo', '2006-12-23', 'Parent', 0.5, 441),
(603, 'Fournier', 'Alexandra', '1932-08-12', 'Autre', 0.5, 441),
(604, 'Richard', 'Yohan', '1986-10-29', 'Famille proche', 0.25, 442),
(605, 'Nguyen', 'Florentin', '1968-02-15', 'Enfant', 0.25, 442),
(606, 'Vidal', 'Julien', '1979-09-18', 'Enfant', 0.25, 442),
(607, 'Berger', 'Enzo', '1967-05-24', 'Autre', 0.25, 442),
(608, 'Perez', 'Chaïma', '1973-12-06', 'Enfant', 1, 444),
(609, 'Denis', 'Émilie', '1931-08-22', 'Famille éloignée', 0.25, 445),
(610, 'Vincent', 'Colin', '1930-05-09', 'Famille proche', 0.25, 445),
(611, 'Herve', 'Ethan', '1941-12-08', 'Enfant', 0.25, 445),
(612, 'Gaillard', 'Léa', '1901-12-27', 'Autre', 0.25, 445),
(613, 'Rey', 'Émile', '1936-01-30', 'Enfant', 1, 446),
(614, 'Andre', 'Timothée', '1963-08-18', 'Famille éloignée', 0.25, 447),
(615, 'Gay', 'Inès', '1913-06-28', 'Famille proche', 0.25, 447),
(616, 'Gerard', 'Eva', '2000-03-12', 'Enfant', 0.25, 447),
(617, 'Marty', 'Anthony', '1931-10-22', 'Autre', 0.25, 447),
(618, 'Roy', 'Alexis', '1994-08-21', 'Parent', 1, 448),
(619, 'Poirier', 'Kylian', '1958-09-25', 'Autre', 0.33, 449),
(620, 'Fournier', 'Marwane', '1903-11-05', 'Autre', 0.33, 449),
(621, 'Simon', 'Timothée', '1986-09-29', 'Parent', 0.33, 449),
(622, 'Duval', 'Yasmine', '1946-05-01', 'Parent', 0.5, 450),
(623, 'Michel', 'Macéo', '1978-10-08', 'Autre', 0.5, 450),
(624, 'Leroux', 'Simon', '1989-10-21', 'Parent', 0.5, 451),
(625, 'Rousseau', 'Noë', '1928-02-06', 'Enfant', 0.5, 451),
(626, 'Richard', 'Noémie', '1926-06-24', 'Autre', 1, 452),
(627, 'Fournier', 'Adrien', '1982-10-01', 'Autre', 0.5, 453),
(628, 'Rousseau', 'Noë', '1994-02-06', 'Enfant', 0.5, 453),
(629, 'Dupuy', 'Jordan', '1925-01-02', 'Famille proche', 0.5, 454),
(630, 'Lemoine', 'Lilian', '2009-07-17', 'Autre', 0.5, 454),
(631, 'Bailly', 'Hugo', '1924-03-31', 'Parent', 1, 456),
(632, 'Rodriguez', 'Amine', '1919-07-23', 'Famille éloignée', 1, 458),
(633, 'Olivier', 'Jade', '1946-06-29', 'Autre', 0.5, 460),
(634, 'Hubert', 'Pierre', '1925-05-04', 'Parent', 0.5, 460),
(635, 'Renard', 'Katell', '2003-10-05', 'Autre', 0.33, 461),
(636, 'Petit', 'Nathan', '2008-01-03', 'Famille éloignée', 0.33, 461),
(637, 'Petit', 'Nathan', '1960-09-27', 'Famille éloignée', 0.33, 461),
(638, 'Le gall', 'Diego', '1987-09-30', 'Autre', 0.5, 462),
(639, 'Guerin', 'Mélanie', '1959-10-28', 'Famille proche', 0.5, 462),
(640, 'Rousseau', 'Célia', '1955-09-22', 'Enfant', 0.5, 463),
(641, 'Chevallier', 'Edwige', '1901-01-10', 'Parent', 0.5, 463),
(642, 'Durand', 'Juliette', '1924-11-22', 'Enfant', 1, 464),
(643, 'Blanchard', 'Gabin', '1966-07-06', 'Famille proche', 0.33, 465),
(644, 'Guyot', 'Yanis', '1989-02-25', 'Parent', 0.33, 465),
(645, 'Olivier', 'Maëlle', '1953-04-24', 'Parent', 0.33, 465),
(646, 'Dumont', 'Clotilde', '1962-07-07', 'Famille proche', 1, 467),
(647, 'Benoit', 'Mohamed', '1907-08-09', 'Famille proche', 0.5, 468),
(648, 'Lemoine', 'Lilian', '1913-08-24', 'Autre', 0.5, 468),
(649, 'Lemoine', 'Jérémy', '1904-04-08', 'Famille éloignée', 1, 470),
(650, 'Pierre', 'Marie', '1945-03-29', 'Autre', 1, 472),
(651, 'Bailly', 'Hugo', '1917-11-27', 'Parent', 1, 473),
(652, 'Fernandez', 'Tristan', '1960-07-08', 'Parent', 1, 474),
(653, 'Dumont', 'Clotilde', '1973-05-01', 'Famille proche', 1, 476),
(654, 'Rey', 'Émile', '1926-05-24', 'Enfant', 1, 478),
(655, 'Blanc', 'Rémi', '1968-01-05', 'Famille proche', 0.5, 481),
(656, 'Simon', 'Loane', '2007-07-25', 'Enfant', 0.5, 481),
(657, 'Durand', 'Lou', '1952-12-09', 'Famille proche', 1, 482),
(658, 'Gauthier', 'Élouan', '1988-06-03', 'Parent', 0.5, 483),
(659, 'Pierre', 'Marie', '1999-02-26', 'Autre', 0.5, 483),
(660, 'Blanc', 'Bastien', '1983-02-24', 'Parent', 0.5, 484),
(661, 'Aubry', 'Emma', '1932-06-16', 'Autre', 0.5, 484),
(662, 'Royer', 'Loevan', '1920-02-19', 'Famille proche', 0.5, 485),
(663, 'Olivier', 'Maëlle', '1948-04-03', 'Parent', 0.5, 485),
(664, 'Brun', 'Tristan', '1978-04-04', 'Famille proche', 0.33, 486),
(665, 'Faure', 'Agathe', '1903-01-07', 'Parent', 0.33, 486),
(666, 'Guillot', 'Amélie', '1982-05-15', 'Enfant', 0.33, 486),
(667, 'Mathieu', 'Laura', '1921-05-02', 'Famille éloignée', 0.33, 487),
(668, 'Laurent', 'Cédric', '1915-05-12', 'Autre', 0.33, 487),
(669, 'Berger', 'Enzo', '1900-07-17', 'Autre', 0.33, 487),
(670, 'Faure', 'Julia', '1988-07-26', 'Enfant', 1, 488),
(671, 'Olivier', 'Jade', '1927-08-09', 'Autre', 1, 489),
(672, 'Joly', 'Anna', '2011-02-10', 'Enfant', 1, 490),
(673, 'Boyer', 'Kilian', '1900-08-13', 'Enfant', 1, 491),
(674, 'Roussel', 'Katell', '1965-06-13', 'Famille proche', 1, 492),
(675, 'Michel', 'Macéo', '1971-01-11', 'Enfant', 1, 493),
(676, 'Rey', 'Jade', '1981-05-13', 'Famille proche', 1, 496),
(677, 'Fournier', 'Alexandra', '1962-11-12', 'Autre', 0.5, 498),
(678, 'Gillet', 'Chaïma', '1996-11-25', 'Parent', 0.5, 498),
(679, 'Laurent', 'Antoine', '1925-04-11', 'Autre', 0.5, 499),
(680, 'Gautier', 'Luna', '1940-04-17', 'Famille proche', 0.5, 499),
(681, 'Lemaire', 'Marion', '1932-04-28', 'Parent', 1, 500),
(682, 'Richard', 'Charlotte', '1993-09-23', 'Autre', 1, 501),
(683, 'Roche', 'Ethan', '1917-03-21', 'Enfant', 0.33, 502),
(684, 'Le gall', 'Diego', '1957-08-31', 'Autre', 0.33, 502),
(685, 'Bourgeois', 'Lauriane', '1965-09-30', 'Enfant', 0.33, 502),
(686, 'Chevallier', 'Bastien', '1997-10-10', 'Famille éloignée', 0.33, 503),
(687, 'Denis', 'Inès', '1917-08-19', 'Autre', 0.33, 503),
(688, 'Royer', 'Loevan', '1949-06-17', 'Famille proche', 0.33, 503),
(689, 'Fernandez', 'Tristan', '1996-09-09', 'Parent', 0.5, 504),
(690, 'Collet', 'Margaux', '1991-11-02', 'Autre', 0.5, 504),
(691, 'Klein', 'Sara', '1983-06-24', 'Enfant', 1, 505),
(692, 'Renaud', 'Ambre', '1937-07-16', 'Enfant', 1, 506),
(693, 'Fontaine', 'Alexandra', '1930-12-14', 'Famille éloignée', 0.5, 507),
(694, 'Lemoine', 'Louis', '1955-11-14', 'Autre', 0.5, 507),
(695, 'Joly', 'Anna', '1957-12-05', 'Enfant', 0.5, 508),
(696, 'Gautier', 'Thomas', '2008-12-05', 'Enfant', 0.5, 508),
(697, 'Aubry', 'Élouan', '1984-12-08', 'Autre', 0.33, 509),
(698, 'Michel', 'Macéo', '1955-10-28', 'Enfant', 0.33, 509),
(699, 'Lemoine', 'Louis', '1921-03-12', 'Autre', 0.33, 509),
(700, 'Dumont', 'Clotilde', '2001-08-31', 'Famille proche', 1, 510),
(701, 'Gonzalez', 'Adrian', '1944-01-23', 'Autre', 1, 511),
(702, 'Rodriguez', 'Noah', '1988-08-05', 'Famille proche', 1, 513),
(703, 'Boyer', 'Kilian', '1924-03-06', 'Enfant', 0.5, 514),
(704, 'Rey', 'Lily', '1982-12-02', 'Parent', 0.5, 514),
(705, 'Fournier', 'Mélissa', '1906-10-12', 'Famille proche', 0.33, 515),
(706, 'Gauthier', 'Carla', '1965-05-28', 'Autre', 0.33, 515),
(707, 'Olivier', 'Kylian', '1911-12-09', 'Famille proche', 0.33, 515),
(708, 'Riviere', 'Loevan', '1953-07-17', 'Famille éloignée', 1, 516),
(709, 'Fernandez', 'Mathieu', '1942-08-01', 'Parent', 1, 518),
(710, 'Weber', 'Erwan', '1904-06-24', 'Enfant', 1, 520),
(711, 'Fernandez', 'Mathieu', '1983-11-03', 'Parent', 0.33, 521),
(712, 'Durand', 'Aaron', '1981-06-17', 'Famille éloignée', 0.33, 521),
(713, 'Le gall', 'Diego', '2011-10-29', 'Autre', 0.33, 521),
(714, 'Garcia', 'Colin', '1979-02-07', 'Famille proche', 0.5, 523),
(715, 'Gautier', 'Thomas', '1959-06-15', 'Enfant', 0.5, 523),
(716, 'Benoit', 'Dimitri', '2004-03-05', 'Famille proche', 1, 524),
(717, 'Dupuy', 'Jordan', '1925-09-25', 'Famille proche', 0.33, 526),
(718, 'Rodriguez', 'Amine', '1950-09-21', 'Famille éloignée', 0.33, 526),
(719, 'Masson', 'Alicia', '2001-12-14', 'Enfant', 0.33, 526),
(720, 'Perez', 'Chaïma', '1959-05-29', 'Enfant', 1, 529),
(721, 'Roux', 'Jasmine', '1984-10-08', 'Autre', 1, 531),
(722, 'Laurent', 'Cédric', '1919-04-23', 'Autre', 0.2, 532),
(723, 'Dumont', 'Aaron', '2000-08-21', 'Famille proche', 0.2, 532),
(724, 'Mathieu', 'Laura', '1942-07-17', 'Famille éloignée', 0.2, 532),
(725, 'Pons', 'Loevan', '1918-05-02', 'Parent', 0.2, 532),
(726, 'Collin', 'Noah', '1968-01-03', 'Famille éloignée', 0.2, 532),
(727, 'Benoit', 'Dimitri', '1996-08-18', 'Famille proche', 0.5, 533),
(728, 'Aubry', 'Léonard', '1908-04-29', 'Autre', 0.5, 533),
(729, 'Blanchard', 'Mathéo', '1978-04-05', 'Enfant', 0.5, 535),
(730, 'Perrin', 'Renaud', '1957-02-11', 'Parent', 0.5, 535),
(731, 'Aubert', 'Noémie', '1915-03-31', 'Enfant', 0.5, 537),
(732, 'Laurent', 'Evan', '1980-09-05', 'Parent', 0.5, 537),
(733, 'Faure', 'Agathe', '2008-02-28', 'Parent', 0.33, 539),
(734, 'Prevost', 'Juliette', '1922-09-03', 'Enfant', 0.33, 539),
(735, 'Leroux', 'Simon', '1916-05-23', 'Parent', 0.33, 539),
(736, 'Marchand', 'Jeanne', '1941-01-28', 'Famille éloignée', 0.5, 541),
(737, 'Meunier', 'Constant', '1938-12-28', 'Famille proche', 0.5, 541),
(738, 'Pierre', 'Yohan', '1937-12-04', 'Famille proche', 1, 542),
(739, 'Leclercq', 'Eva', '2007-11-15', 'Parent', 1, 543),
(740, 'Guillot', 'Zoé', '1929-04-07', 'Enfant', 0.5, 544),
(741, 'Adam', 'Solene', '1935-06-11', 'Famille éloignée', 0.5, 544),
(742, 'Gauthier', 'Élouan', '1929-04-20', 'Parent', 1, 545),
(743, 'Hubert', 'Julien', '1962-09-20', 'Enfant', 1, 547),
(744, 'Rey', 'Jade', '1904-05-13', 'Famille proche', 1, 548),
(745, 'Gautier', 'Thomas', '1920-02-20', 'Enfant', 0.5, 549),
(746, 'Vidal', 'Julien', '1956-09-02', 'Enfant', 0.5, 549),
(747, 'Blanc', 'Rémi', '1998-07-01', 'Famille proche', 0.5, 550),
(748, 'Lemoine', 'Lilian', '1940-08-30', 'Autre', 0.5, 550),
(749, 'Gay', 'Inès', '1952-01-04', 'Famille proche', 0.33, 551),
(750, 'Noel', 'Nina', '1969-03-14', 'Autre', 0.33, 551),
(751, 'Blanchard', 'Mathéo', '1947-12-15', 'Enfant', 0.33, 551),
(752, 'Gonzalez', 'Théo', '1937-06-29', 'Famille proche', 1, 552),
(753, 'Laurent', 'Cédric', '1929-09-28', 'Autre', 0.33, 553),
(754, 'Chevallier', 'Edwige', '1922-02-14', 'Parent', 0.33, 553),
(755, 'Barre', 'Macéo', '1948-07-14', 'Famille proche', 0.33, 553),
(756, 'Perrin', 'Renaud', '1964-02-21', 'Parent', 0.5, 554),
(757, 'Laurent', 'Antoine', '1947-07-14', 'Autre', 0.5, 554),
(758, 'Aubry', 'Élouan', '1969-05-21', 'Autre', 1, 555),
(759, 'Cousin', 'Alicia', '2013-03-03', 'Famille proche', 1, 557),
(760, 'Simon', 'Rosalie', '1979-12-03', 'Autre', 1, 559),
(761, 'Caron', 'Lutécia', '1912-03-20', 'Enfant', 1, 561),
(762, 'Hubert', 'Pierre', '1919-10-28', 'Parent', 0.5, 562),
(763, 'Masson', 'Alicia', '1923-01-04', 'Enfant', 0.5, 562),
(764, 'Lemaire', 'Marion', '1907-02-03', 'Parent', 0.33, 563),
(765, 'Chevalier', 'Baptiste', '1944-02-17', 'Enfant', 0.33, 563),
(766, 'Lemaire', 'Gaspard', '1951-12-28', 'Famille proche', 0.33, 563),
(767, 'Vasseur', 'Manon', '1912-03-23', 'Famille proche', 0.5, 564),
(768, 'Laurent', 'Cédric', '1923-10-08', 'Autre', 0.5, 564),
(769, 'Aubry', 'Léonard', '1943-02-25', 'Autre', 0.5, 565),
(770, 'Richard', 'Noémie', '1967-04-07', 'Autre', 0.5, 565),
(771, 'Guyot', 'Yanis', '2003-10-15', 'Parent', 0.5, 566),
(772, 'Le roux', 'Victor', '1938-07-22', 'Famille éloignée', 0.5, 566),
(773, 'Vasseur', 'Lucie', '1921-05-25', 'Autre', 1, 567),
(774, 'Roussel', 'Nathan', '1919-04-03', 'Autre', 0.33, 568),
(775, 'Rey', 'Jade', '1918-09-02', 'Famille proche', 0.33, 568),
(776, 'Renard', 'Katell', '1968-09-15', 'Autre', 0.33, 568),
(777, 'Fontaine', 'Élisa', '1942-11-13', 'Famille éloignée', 0.5, 569),
(778, 'Aubert', 'Noémie', '1904-01-09', 'Enfant', 0.5, 569),
(779, 'Gaillard', 'Léa', '1951-04-17', 'Autre', 0.5, 570),
(780, 'Roy', 'Alexis', '1998-12-23', 'Parent', 0.5, 570),
(781, 'Rolland', 'Amine', '1994-10-21', 'Famille éloignée', 0.25, 571),
(782, 'Duval', 'Yasmine', '1934-11-02', 'Parent', 0.25, 571),
(783, 'Marty', 'Anthony', '1900-02-18', 'Autre', 0.25, 571),
(784, 'Roussel', 'Nathan', '1924-08-29', 'Autre', 0.25, 571),
(785, 'Dupuy', 'Alice', '1952-08-27', 'Famille éloignée', 0.5, 572),
(786, 'Moulin', 'Lily', '2011-03-06', 'Enfant', 0.5, 572),
(787, 'Vidal', 'Julien', '1976-07-07', 'Enfant', 0.25, 573),
(788, 'Clement', 'Guillemette', '1950-05-20', 'Famille éloignée', 0.25, 573),
(789, 'Leclercq', 'Eva', '1914-05-27', 'Parent', 0.25, 573),
(790, 'Noel', 'Rosalie', '1963-07-02', 'Parent', 0.25, 573),
(791, 'Gaillard', 'Léa', '1942-09-29', 'Autre', 0.5, 574),
(792, 'Moulin', 'Lily', '1959-07-20', 'Enfant', 0.5, 574),
(793, 'Michel', 'Macéo', '1919-04-23', 'Enfant', 1, 575),
(794, 'Leroy', 'Angelina', '2002-12-01', 'Famille éloignée', 0.5, 576),
(795, 'Durand', 'Lou', '1915-02-28', 'Enfant', 0.5, 576);
INSERT INTO `Beneficiaire` (`ID_beneficiaire`, `Nom_beneficiaire`, `Prenom_beneficiaire`, `Date_naissance_beneficiaire`, `Lien_parente_beneficiaire`, `Pourcentage_beneficiaire`, `ID_salarie`) VALUES
(796, 'Lemoine', 'Jérémy', '1966-01-10', 'Famille éloignée', 0.5, 577),
(797, 'Gautier', 'Alexandra', '1970-05-15', 'Famille proche', 0.5, 577),
(798, 'Klein', 'Ambre', '1906-06-02', 'Parent', 0.33, 578),
(799, 'Riviere', 'Loevan', '1940-04-16', 'Famille éloignée', 0.33, 578),
(800, 'Roux', 'Jasmine', '1915-11-20', 'Autre', 0.33, 578),
(801, 'Lambert', 'Kylian', '1981-08-05', 'Parent', 1, 579),
(802, 'Noel', 'Rosalie', '1963-02-27', 'Parent', 0.5, 580),
(803, 'Prevost', 'Juliette', '1962-09-27', 'Enfant', 0.5, 580),
(804, 'Chevallier', 'Martin', '1980-04-06', 'Famille éloignée', 1, 582),
(805, 'Richard', 'Yohan', '2004-10-28', 'Famille proche', 1, 584),
(806, 'Masson', 'Alicia', '1969-11-18', 'Enfant', 0.2, 585),
(807, 'Guerin', 'Mélanie', '1910-08-11', 'Famille proche', 0.2, 585),
(808, 'Fontaine', 'Alexandra', '1987-10-13', 'Famille éloignée', 0.2, 585),
(809, 'Chevalier', 'Baptiste', '2002-07-11', 'Enfant', 0.2, 585),
(810, 'Bailly', 'Hugo', '1925-12-24', 'Parent', 0.2, 585),
(811, 'Prevost', 'Juliette', '1998-09-23', 'Enfant', 1, 586),
(812, 'Carre', 'Léonie', '1965-09-24', 'Famille proche', 1, 588),
(813, 'Maillard', 'Salomé', '1944-09-17', 'Enfant', 0.5, 589),
(814, 'Lemoine', 'Louis', '1947-12-12', 'Autre', 0.5, 589),
(815, 'Chevallier', 'Bastien', '1995-03-28', 'Famille éloignée', 1, 590),
(816, 'Faure', 'Gilbert', '1987-01-25', 'Famille éloignée', 1, 591),
(817, 'Jacquet', 'Mathilde', '1976-01-12', 'Famille proche', 1, 592),
(818, 'Leroux', 'Éloïse', '2013-12-27', 'Famille proche', 0.5, 593),
(819, 'Lambert', 'Kylian', '1971-08-17', 'Parent', 0.5, 593),
(820, 'Benoit', 'Mohamed', '1939-01-16', 'Famille proche', 0.5, 595),
(821, 'Gonzalez', 'Théo', '1925-08-31', 'Famille proche', 0.5, 595),
(822, 'Denis', 'Lamia', '1932-01-21', 'Enfant', 0.5, 596),
(823, 'Durand', 'Lou', '1999-11-23', 'Famille proche', 0.5, 596),
(824, 'Michel', 'Macéo', '1920-04-04', 'Autre', 1, 597),
(825, 'Durand', 'Louis', '1922-07-26', 'Famille éloignée', 1, 598),
(826, 'Laurent', 'Evan', '2005-07-10', 'Parent', 0.25, 599),
(827, 'Sanchez', 'Katell', '1908-01-07', 'Autre', 0.25, 599),
(828, 'Laurent', 'Antoine', '1905-11-19', 'Autre', 0.25, 599),
(829, 'Benoit', 'Dimitri', '1963-07-31', 'Famille proche', 0.25, 599),
(830, 'Petit', 'Chaïma', '1903-03-29', 'Autre', 1, 601),
(831, 'Aubry', 'Léonard', '1978-02-03', 'Autre', 1, 603),
(832, 'Sanchez', 'Katell', '1960-02-18', 'Autre', 1, 604),
(833, 'Perez', 'Maïwenn', '1934-11-04', 'Autre', 0.33, 605),
(834, 'Rousseau', 'Noë', '2011-10-06', 'Enfant', 0.33, 605),
(835, 'Perez', 'Maïwenn', '1930-02-03', 'Autre', 0.33, 605),
(836, 'Andre', 'Timothée', '1920-07-26', 'Famille éloignée', 0.5, 606),
(837, 'Louis', 'Lamia', '1918-07-14', 'Autre', 0.5, 606),
(838, 'Rey', 'Émile', '1904-07-21', 'Enfant', 0.5, 607),
(839, 'Aubry', 'Grégory', '1905-05-12', 'Autre', 0.5, 607),
(840, 'Marty', 'Paul', '1902-05-25', 'Famille proche', 1, 608),
(841, 'Masson', 'Alicia', '1909-12-25', 'Enfant', 1, 612),
(842, 'Garnier', 'Anthony', '1990-12-17', 'Famille éloignée', 1, 616),
(843, 'Gerard', 'Eva', '1952-09-22', 'Enfant', 1, 617),
(844, 'Olivier', 'Kylian', '1989-11-15', 'Famille proche', 1, 618),
(845, 'Roussel', 'Katell', '1975-07-04', 'Famille proche', 1, 619),
(846, 'Marchand', 'Jeanne', '1981-04-01', 'Famille éloignée', 1, 620),
(847, 'Renaud', 'Ambre', '1987-02-12', 'Enfant', 1, 622),
(848, 'Roux', 'Jasmine', '1984-05-26', 'Autre', 1, 623),
(849, 'Bouvier', 'Lilian', '1949-12-21', 'Enfant', 1, 624),
(850, 'Cousin', 'Alicia', '1942-09-04', 'Famille proche', 1, 625),
(851, 'Noel', 'Nina', '1900-11-29', 'Autre', 1, 627),
(852, 'Guillot', 'Zoé', '1919-07-20', 'Enfant', 0.5, 629),
(853, 'Blanc', 'Lucas', '1950-03-23', 'Parent', 0.5, 629),
(854, 'Dupuy', 'Jordan', '1939-11-24', 'Famille proche', 0.5, 631),
(855, 'Rodriguez', 'Amine', '1978-03-04', 'Famille éloignée', 0.5, 631),
(856, 'Roger', 'Quentin', '1962-10-08', 'Autre', 0.5, 632),
(857, 'Mercier', 'Angelina', '1905-02-08', 'Autre', 0.5, 632),
(858, 'Petit', 'Chaïma', '1983-10-03', 'Autre', 0.2, 633),
(859, 'Hubert', 'Julien', '1997-01-22', 'Enfant', 0.2, 633),
(860, 'Aubry', 'Grégory', '1977-12-14', 'Autre', 0.2, 633),
(861, 'Garnier', 'Anthony', '2010-04-24', 'Famille éloignée', 0.2, 633),
(862, 'Lefebvre', 'Inès', '1939-02-03', 'Enfant', 0.2, 633),
(863, 'Rey', 'Lily', '1941-08-17', 'Parent', 0.5, 635),
(864, 'Lemoine', 'Luna', '1998-10-06', 'Enfant', 0.5, 635),
(865, 'Herve', 'Ethan', '2000-03-25', 'Enfant', 0.5, 636),
(866, 'Chevallier', 'Edwige', '1961-07-14', 'Parent', 0.5, 636),
(867, 'Rodriguez', 'Noah', '2001-08-11', 'Famille proche', 1, 638),
(868, 'Aubry', 'Grégory', '1993-06-01', 'Autre', 0.5, 639),
(869, 'Chevallier', 'Martin', '1959-04-16', 'Famille éloignée', 0.5, 639),
(870, 'Lemoine', 'Jérémy', '1994-11-26', 'Famille éloignée', 0.5, 640),
(871, 'Noel', 'Rosalie', '1946-06-28', 'Parent', 0.5, 640),
(872, 'Leroux', 'Lilou', '1931-11-08', 'Famille éloignée', 1, 641),
(873, 'Mercier', 'Angelina', '2005-07-17', 'Autre', 1, 643),
(874, 'Laine', 'Solene', '1963-06-11', 'Famille proche', 1, 644),
(875, 'Bourgeois', 'Lauriane', '1952-03-18', 'Enfant', 1, 646),
(876, 'Roche', 'Ethan', '1916-11-21', 'Enfant', 0.25, 648),
(877, 'Pons', 'Loevan', '1911-08-30', 'Parent', 0.25, 648),
(878, 'Leroux', 'Adrian', '1959-10-29', 'Famille éloignée', 0.25, 648),
(879, 'Guerin', 'Mélanie', '1954-03-22', 'Famille proche', 0.25, 648),
(880, 'Vidal', 'Maxence', '1981-06-28', 'Famille proche', 1, 650),
(881, 'Rolland', 'Amine', '1916-10-23', 'Famille éloignée', 1, 651),
(882, 'Paris', 'Élouan', '1928-01-15', 'Parent', 1, 652),
(883, 'Roy', 'Alexis', '1972-11-30', 'Parent', 0.25, 654),
(884, 'Olivier', 'Kylian', '2008-10-07', 'Famille proche', 0.25, 654),
(885, 'Blanc', 'Bastien', '1970-08-04', 'Parent', 0.25, 654),
(886, 'Rousseau', 'Célia', '1953-07-02', 'Enfant', 0.25, 654),
(887, 'Fontaine', 'Alexandra', '1931-01-12', 'Famille éloignée', 1, 656),
(888, 'Riviere', 'Loevan', '1955-03-11', 'Famille éloignée', 1, 657),
(889, 'Simon', 'Rosalie', '1954-08-19', 'Autre', 0.166667, 658),
(890, 'Bertrand', 'Amandine', '1950-11-17', 'Enfant', 0.166667, 658),
(891, 'Rey', 'Émile', '1933-08-16', 'Enfant', 0.166667, 658),
(892, 'Dumont', 'Clotilde', '1901-03-13', 'Famille proche', 0.166667, 658),
(893, 'Henry', 'Martin', '1983-01-16', 'Famille éloignée', 0.166667, 658),
(894, 'Boyer', 'Kilian', '1985-08-13', 'Enfant', 0.166667, 658),
(895, 'Leroux', 'Adrian', '2009-11-14', 'Famille éloignée', 0.25, 659),
(896, 'Barbier', 'Charlotte', '1924-12-26', 'Famille proche', 0.25, 659),
(897, 'Blanchard', 'Gabin', '1993-02-22', 'Famille proche', 0.25, 659),
(898, 'Jacquet', 'Mathilde', '1925-12-16', 'Famille proche', 0.25, 659),
(899, 'Lambert', 'Kylian', '1986-10-18', 'Parent', 1, 660),
(900, 'Maillard', 'Salomé', '1935-07-04', 'Enfant', 0.5, 661),
(901, 'Olivier', 'Maëlle', '1995-01-29', 'Parent', 0.5, 661),
(902, 'Maillard', 'Salomé', '1993-08-12', 'Enfant', 0.33, 662),
(903, 'Collet', 'Margaux', '1984-12-11', 'Autre', 0.33, 662),
(904, 'Fournier', 'Alexandra', '1900-02-10', 'Autre', 0.33, 662),
(905, 'Aubert', 'Noémie', '1934-01-18', 'Enfant', 0.5, 663),
(906, 'Berger', 'Enzo', '1912-02-03', 'Autre', 0.5, 663),
(907, 'Rolland', 'Amine', '1935-02-08', 'Famille éloignée', 0.5, 665),
(908, 'Moulin', 'Lily', '1936-06-10', 'Enfant', 0.5, 665),
(909, 'Paris', 'Élouan', '1902-10-25', 'Parent', 0.5, 667),
(910, 'Noel', 'Nina', '1931-11-23', 'Autre', 0.5, 667),
(911, 'Roussel', 'Katell', '1967-03-27', 'Famille proche', 1, 668),
(912, 'Caron', 'Lutécia', '1982-01-15', 'Enfant', 1, 669),
(913, 'Royer', 'Loevan', '1982-02-17', 'Famille proche', 1, 670),
(914, 'Renaud', 'Ambre', '1979-06-05', 'Enfant', 1, 671),
(915, 'Pons', 'Loevan', '1960-01-05', 'Parent', 1, 673),
(916, 'Perrin', 'Renaud', '1983-12-29', 'Parent', 1, 677),
(917, 'Simon', 'Timothée', '2008-11-28', 'Parent', 0.25, 680),
(918, 'Julien', 'Océane', '2007-02-09', 'Enfant', 0.25, 680),
(919, 'Pierre', 'Marie', '1947-03-29', 'Autre', 0.25, 680),
(920, 'Gauthier', 'Élouan', '1995-07-14', 'Parent', 0.25, 680),
(921, 'Durand', 'Louis', '1928-06-01', 'Famille éloignée', 0.5, 681),
(922, 'Weber', 'Erwan', '1902-11-09', 'Enfant', 0.5, 681),
(923, 'Bourgeois', 'Lauriane', '1977-09-13', 'Enfant', 1, 682),
(924, 'Marty', 'Anthony', '1928-04-20', 'Autre', 1, 683),
(925, 'Denis', 'Lamia', '1941-03-14', 'Enfant', 0.33, 685),
(926, 'Michel', 'Macéo', '1908-04-07', 'Autre', 0.33, 685),
(927, 'Durand', 'Lou', '1976-10-18', 'Famille proche', 0.33, 685),
(928, 'Guyot', 'Gilbert', '2000-08-24', 'Famille éloignée', 0.5, 686),
(929, 'Guillot', 'Amélie', '1952-08-11', 'Enfant', 0.5, 686),
(930, 'Adam', 'Solene', '1983-08-19', 'Famille éloignée', 1, 687),
(931, 'Le gall', 'Diego', '1924-08-25', 'Autre', 0.5, 688),
(932, 'Olivier', 'Jade', '1974-06-29', 'Autre', 0.5, 688),
(933, 'Aubert', 'Noémie', '1908-10-11', 'Enfant', 0.5, 690),
(934, 'Laurent', 'Cédric', '1936-12-13', 'Autre', 0.5, 690),
(935, 'Meunier', 'Pauline', '1943-09-28', 'Parent', 1, 691),
(936, 'Klein', 'Sara', '1924-10-17', 'Enfant', 1, 693),
(937, 'Aubry', 'Élouan', '1923-06-22', 'Autre', 0.5, 695),
(938, 'Klein', 'Ambre', '1910-10-19', 'Parent', 0.5, 695),
(939, 'Renaud', 'Ambre', '1972-10-01', 'Enfant', 1, 699),
(940, 'Perez', 'Maïwenn', '1980-12-05', 'Autre', 0.33, 701),
(941, 'Dupuy', 'Malo', '1904-04-20', 'Enfant', 0.33, 701),
(942, 'Maillard', 'Salomé', '1935-05-17', 'Enfant', 0.33, 701),
(943, 'Roger', 'Quentin', '1958-06-25', 'Autre', 1, 702),
(944, 'Rey', 'Lily', '1971-04-19', 'Parent', 0.33, 703),
(945, 'Marchand', 'Jeanne', '1903-08-27', 'Famille éloignée', 0.33, 703),
(946, 'Guyot', 'Gilbert', '1950-09-22', 'Famille éloignée', 0.33, 703),
(947, 'Pierre', 'Marie', '1988-07-07', 'Autre', 1, 706),
(948, 'Blanchard', 'Mathéo', '1954-08-02', 'Enfant', 0.25, 707),
(949, 'Fournier', 'Adrien', '1938-11-07', 'Autre', 0.25, 707),
(950, 'Sanchez', 'Katell', '1988-04-17', 'Autre', 0.25, 707),
(951, 'Moreau', 'Zoé', '1918-01-09', 'Autre', 0.25, 707),
(952, 'Rodriguez', 'Noah', '1961-06-11', 'Famille proche', 1, 708),
(953, 'Leroux', 'Adrian', '1909-12-05', 'Famille éloignée', 0.2, 709),
(954, 'Laurent', 'Evan', '1944-08-27', 'Parent', 0.2, 709),
(955, 'Gonzalez', 'Adrian', '1970-03-22', 'Autre', 0.2, 709),
(956, 'Dupuy', 'Jordan', '1913-12-27', 'Famille proche', 0.2, 709),
(957, 'Lemoine', 'Luna', '1935-03-28', 'Enfant', 0.2, 709),
(958, 'Roy', 'Alexis', '2008-04-19', 'Parent', 1, 710),
(959, 'Perrin', 'Benjamin', '1957-09-16', 'Famille éloignée', 0.5, 712),
(960, 'Richard', 'Charlotte', '1943-12-20', 'Autre', 0.5, 712),
(961, 'Rey', 'Émile', '1911-11-18', 'Enfant', 0.5, 714),
(962, 'Clement', 'Guillemette', '1997-02-18', 'Famille éloignée', 0.5, 714),
(963, 'Richard', 'Yohan', '1955-01-25', 'Famille proche', 0.5, 715),
(964, 'Durand', 'Aaron', '1987-05-09', 'Famille éloignée', 0.5, 715),
(965, 'Marchand', 'Jeanne', '1958-01-24', 'Famille éloignée', 1, 716),
(966, 'Gillet', 'Chaïma', '1998-11-12', 'Parent', 1, 717),
(967, 'Leroux', 'Éloïse', '1946-04-08', 'Famille proche', 1, 718),
(968, 'Klein', 'Sara', '1948-11-20', 'Enfant', 0.5, 720),
(969, 'Fournier', 'Adrien', '1998-06-30', 'Autre', 0.5, 720),
(970, 'Fournier', 'Alexandra', '1933-04-28', 'Autre', 1, 721),
(971, 'Guillaume', 'Chloé', '1998-01-08', 'Famille éloignée', 0.5, 722),
(972, 'Julien', 'Océane', '1959-05-25', 'Enfant', 0.5, 722),
(973, 'Blanchard', 'Gabin', '1968-06-10', 'Famille proche', 1, 725),
(974, 'Carre', 'Léonie', '1930-08-24', 'Famille proche', 1, 726),
(975, 'Petit', 'Chaïma', '1978-03-26', 'Autre', 1, 727),
(976, 'Noel', 'Nina', '2004-03-11', 'Autre', 0.33, 728),
(977, 'Pierre', 'Yohan', '1908-03-16', 'Famille proche', 0.33, 728),
(978, 'Petit', 'Nathan', '2004-07-24', 'Famille éloignée', 0.33, 728),
(979, 'Marchand', 'Jeanne', '1926-07-11', 'Famille éloignée', 1, 730),
(980, 'Berger', 'Enzo', '1928-01-25', 'Autre', 0.5, 731),
(981, 'Moreau', 'Zoé', '1976-06-05', 'Autre', 0.5, 731),
(982, 'Mathieu', 'Laura', '1987-03-04', 'Famille éloignée', 0.5, 732),
(983, 'Gautier', 'Alexandra', '2010-02-06', 'Famille proche', 0.5, 732),
(984, 'Guyot', 'Gilbert', '1985-01-26', 'Famille éloignée', 0.5, 734),
(985, 'Renault', 'Mathis', '1975-06-13', 'Famille éloignée', 0.5, 734),
(986, 'Bouvier', 'Lilian', '1981-06-30', 'Enfant', 0.5, 735),
(987, 'Fournier', 'Adrien', '1922-09-07', 'Autre', 0.5, 735),
(988, 'Lefebvre', 'Inès', '1963-12-23', 'Enfant', 0.5, 736),
(989, 'Marty', 'Paul', '1968-12-15', 'Famille proche', 0.5, 736),
(990, 'Marchal', 'Julia', '1919-04-22', 'Famille proche', 1, 737),
(991, 'Marie', 'Maïlé', '1979-08-19', 'Enfant', 0.5, 738),
(992, 'Vasseur', 'Manon', '1938-01-07', 'Famille proche', 0.5, 738),
(993, 'Guillaume', 'Chloé', '1945-02-21', 'Famille éloignée', 0.5, 739),
(994, 'Sanchez', 'Katell', '1941-09-23', 'Autre', 0.5, 739),
(995, 'Collet', 'Margaux', '1982-11-07', 'Autre', 0.5, 740),
(996, 'Perrin', 'Benjamin', '1904-10-04', 'Famille éloignée', 0.5, 740),
(997, 'Marty', 'Paul', '1941-05-29', 'Famille proche', 0.25, 741),
(998, 'Blanc', 'Lucas', '1974-12-08', 'Parent', 0.25, 741),
(999, 'Roger', 'Quentin', '1904-08-30', 'Autre', 0.25, 741),
(1000, 'Cousin', 'Alicia', '1960-10-23', 'Famille proche', 0.25, 741),
(1001, 'Menard', 'Léo', '1980-04-14', 'Famille éloignée', 1, 742),
(1002, 'Durand', 'Lou', '1991-04-09', 'Enfant', 0.33, 743),
(1003, 'Michel', 'Alexis', '1930-05-17', 'Enfant', 0.33, 743),
(1004, 'Riviere', 'Loevan', '1930-09-21', 'Famille éloignée', 0.33, 743),
(1005, 'Bailly', 'Hugo', '1918-08-06', 'Parent', 1, 744),
(1006, 'Garnier', 'Maïwenn', '1940-12-04', 'Autre', 0.33, 746),
(1007, 'Humbert', 'Léonie', '1928-01-28', 'Famille éloignée', 0.33, 746),
(1008, 'Gonzalez', 'Cloé', '2001-06-28', 'Famille éloignée', 0.33, 746),
(1009, 'Marie', 'Maïlé', '1960-08-03', 'Enfant', 0.5, 748),
(1010, 'Henry', 'Martin', '1907-08-05', 'Famille éloignée', 0.5, 748),
(1011, 'Fournier', 'Marwane', '1911-06-05', 'Autre', 0.5, 749),
(1012, 'Gillet', 'Chaïma', '1938-08-16', 'Parent', 0.5, 749),
(1013, 'Fournier', 'Alexandra', '1947-03-04', 'Autre', 0.25, 750),
(1014, 'Martinez', 'Arthur', '1905-01-23', 'Autre', 0.25, 750),
(1015, 'Boyer', 'Arthur', '1932-06-05', 'Autre', 0.25, 750),
(1016, 'Dubois', 'Ethan', '1952-07-01', 'Autre', 0.25, 750),
(1017, 'Perrin', 'Clément', '1903-05-18', 'Autre', 0.33, 751),
(1018, 'Leroy', 'Angelina', '1940-05-02', 'Famille éloignée', 0.33, 751),
(1019, 'Michel', 'Alexis', '1922-05-20', 'Enfant', 0.33, 751),
(1020, 'Olivier', 'Maëlle', '1953-10-22', 'Parent', 0.5, 752),
(1021, 'Fournier', 'Mélissa', '1908-11-08', 'Famille proche', 0.5, 752),
(1022, 'Barre', 'Macéo', '2009-07-04', 'Famille proche', 0.5, 753),
(1023, 'Vasseur', 'Lucie', '1992-09-14', 'Autre', 0.5, 753),
(1024, 'Chevallier', 'Bastien', '1982-05-16', 'Famille éloignée', 0.5, 754),
(1025, 'Fontaine', 'Élisa', '1970-02-05', 'Famille éloignée', 0.5, 754),
(1026, 'Julien', 'Océane', '1923-01-28', 'Enfant', 0.5, 755),
(1027, 'Roche', 'Ethan', '2004-02-01', 'Enfant', 0.5, 755),
(1028, 'Fernandez', 'Mathieu', '1938-03-18', 'Parent', 1, 756),
(1029, 'Cousin', 'Maïwenn', '2004-01-24', 'Famille proche', 1, 757),
(1030, 'Poirier', 'Kylian', '1915-05-01', 'Autre', 1, 759),
(1031, 'Roger', 'Quentin', '1950-08-18', 'Autre', 1, 760),
(1032, 'Blanc', 'Rémi', '1925-04-22', 'Famille proche', 1, 761),
(1033, 'Francois', 'Jasmine', '1953-07-20', 'Famille proche', 0.5, 762),
(1034, 'Perrin', 'Clément', '1987-09-22', 'Autre', 0.5, 762),
(1035, 'Hubert', 'Julien', '1907-10-30', 'Enfant', 1, 763),
(1036, 'Collet', 'Margaux', '1971-04-19', 'Autre', 1, 764),
(1037, 'Poirier', 'Kylian', '1906-04-17', 'Autre', 1, 765),
(1038, 'Dupuy', 'Malo', '1907-08-09', 'Enfant', 1, 766),
(1039, 'Clement', 'Guillemette', '1936-11-13', 'Famille éloignée', 0.25, 767),
(1040, 'Aubry', 'Léonard', '1947-04-03', 'Autre', 0.25, 767),
(1041, 'Perez', 'Chaïma', '2006-09-10', 'Enfant', 0.25, 767),
(1042, 'Moreau', 'Zoé', '2007-05-09', 'Autre', 0.25, 767),
(1043, 'Perrin', 'Renaud', '2011-10-04', 'Parent', 1, 772),
(1044, 'Leroux', 'Éloïse', '1922-05-24', 'Famille proche', 0.5, 773),
(1045, 'Faure', 'Hugo', '1922-03-01', 'Parent', 0.5, 773),
(1046, 'Hubert', 'Pierre', '1958-04-27', 'Parent', 0.5, 775),
(1047, 'Guillaume', 'Chloé', '1914-02-06', 'Famille éloignée', 0.5, 775),
(1048, 'Faure', 'Gilbert', '1903-06-14', 'Famille éloignée', 1, 777),
(1049, 'Aubry', 'Élouan', '1916-12-24', 'Autre', 0.5, 778),
(1050, 'Poulain', 'Charlotte', '1939-09-10', 'Parent', 0.5, 778),
(1051, 'Benoit', 'Martin', '1996-10-29', 'Famille proche', 0.5, 779),
(1052, 'Aubry', 'Léonard', '1907-12-12', 'Autre', 0.5, 779),
(1053, 'Le roux', 'Victor', '1919-03-13', 'Famille éloignée', 0.5, 780),
(1054, 'Bonnet', 'Tristan', '1935-07-05', 'Autre', 0.5, 780),
(1055, 'Olivier', 'Maëlle', '1989-07-31', 'Parent', 0.5, 781),
(1056, 'Herve', 'Ethan', '2005-08-13', 'Enfant', 0.5, 781),
(1057, 'Denis', 'Inès', '2002-02-17', 'Autre', 1, 783),
(1058, 'Bertrand', 'Amandine', '1921-03-31', 'Enfant', 1, 784),
(1059, 'Faure', 'Julia', '1928-10-23', 'Enfant', 1, 785),
(1060, 'Dumont', 'Aaron', '1948-05-10', 'Famille proche', 0.33, 786),
(1061, 'Aubry', 'Emma', '1990-11-11', 'Autre', 0.33, 786),
(1062, 'Marty', 'Anthony', '2007-01-04', 'Autre', 0.33, 786),
(1063, 'Gonzalez', 'Adrian', '1943-02-09', 'Autre', 1, 787),
(1064, 'Noel', 'Rosalie', '2012-05-16', 'Parent', 1, 788),
(1065, 'Martinez', 'Arthur', '2008-08-23', 'Autre', 0.5, 789),
(1066, 'Dupuy', 'Malo', '1916-07-10', 'Enfant', 0.5, 789),
(1067, 'Riviere', 'Loevan', '1985-09-20', 'Famille éloignée', 1, 790),
(1068, 'Vincent', 'Colin', '1948-02-09', 'Famille proche', 1, 791),
(1069, 'Blanchard', 'Mathéo', '1985-07-15', 'Enfant', 0.5, 792),
(1070, 'Masson', 'Alicia', '1965-11-13', 'Enfant', 0.5, 792),
(1071, 'Bonnet', 'Tristan', '2000-02-01', 'Autre', 1, 793),
(1072, 'Lefebvre', 'Inès', '1975-10-25', 'Enfant', 0.5, 794),
(1073, 'Nicolas', 'Timéo', '1911-03-21', 'Enfant', 0.5, 794),
(1074, 'Poulain', 'Charlotte', '1937-06-16', 'Parent', 1, 795),
(1075, 'Benoit', 'Martin', '1931-12-05', 'Famille proche', 1, 796),
(1076, 'Guyot', 'Yanis', '1927-12-17', 'Parent', 1, 797),
(1077, 'Klein', 'Sara', '2001-04-08', 'Enfant', 0.5, 802),
(1078, 'Durand', 'Juliette', '1942-05-02', 'Enfant', 0.5, 802),
(1079, 'Petit', 'Chaïma', '2005-04-02', 'Autre', 0.33, 803),
(1080, 'Fournier', 'Mélissa', '1944-11-26', 'Famille proche', 0.33, 803),
(1081, 'Leroux', 'Lilou', '2000-04-18', 'Famille éloignée', 0.33, 803),
(1082, 'Vidal', 'Julien', '1907-10-29', 'Enfant', 0.5, 804),
(1083, 'Poirier', 'Kylian', '1991-05-19', 'Autre', 0.5, 804),
(1084, 'Lemaire', 'Gaspard', '1923-03-03', 'Famille proche', 1, 805),
(1085, 'Fontaine', 'Alexandra', '1912-10-12', 'Famille éloignée', 0.5, 806),
(1086, 'Guerin', 'Mélanie', '1998-11-07', 'Famille proche', 0.5, 806),
(1087, 'Weber', 'Erwan', '1946-11-05', 'Enfant', 1, 808),
(1088, 'Martinez', 'Sarah', '1984-11-23', 'Autre', 1, 810),
(1089, 'Aubry', 'Emma', '1973-12-14', 'Autre', 1, 811),
(1090, 'Gautier', 'Luna', '1997-06-19', 'Famille proche', 1, 813),
(1091, 'Durand', 'Lou', '1934-12-11', 'Enfant', 1, 814),
(1092, 'Vincent', 'Colin', '2012-01-01', 'Famille proche', 0.5, 815),
(1093, 'Chevalier', 'Baptiste', '1958-09-27', 'Enfant', 0.5, 815),
(1094, 'Hubert', 'Julien', '1963-03-30', 'Enfant', 0.5, 817),
(1095, 'Schneider', 'Salomé', '1964-04-20', 'Famille éloignée', 0.5, 817),
(1096, 'Perrin', 'Clément', '1984-12-14', 'Autre', 1, 819),
(1097, 'Gerard', 'Eva', '1904-08-06', 'Enfant', 0.5, 821),
(1098, 'Renard', 'Katell', '1918-08-21', 'Autre', 0.5, 821),
(1099, 'Blanc', 'Lucas', '1987-12-21', 'Parent', 0.33, 822),
(1100, 'Adam', 'Solene', '1985-06-22', 'Famille éloignée', 0.33, 822),
(1101, 'Le roux', 'Victor', '1974-03-31', 'Famille éloignée', 0.33, 822),
(1102, 'Lemoine', 'Lilian', '1992-03-16', 'Autre', 1, 824),
(1103, 'Hubert', 'Pierre', '2010-02-17', 'Parent', 1, 826),
(1104, 'Collin', 'Noah', '1987-08-08', 'Famille éloignée', 0.5, 828),
(1105, 'Berger', 'Enzo', '1925-12-07', 'Autre', 0.5, 828),
(1106, 'Garnier', 'Anthony', '1996-12-11', 'Famille éloignée', 0.33, 832),
(1107, 'Marie', 'Maïlé', '1934-08-16', 'Enfant', 0.33, 832),
(1108, 'Bailly', 'Hugo', '1963-06-08', 'Parent', 0.33, 832),
(1109, 'Royer', 'Loevan', '1947-02-15', 'Famille proche', 1, 833),
(1110, 'Pierre', 'Marie', '2002-03-19', 'Autre', 1, 834),
(1111, 'Guyot', 'Yanis', '1902-09-12', 'Parent', 0.5, 836),
(1112, 'Leclercq', 'Eva', '1983-04-25', 'Parent', 0.5, 836),
(1113, 'Blanc', 'Lucas', '1987-07-23', 'Parent', 1, 838),
(1114, 'Vasseur', 'Manon', '1901-09-25', 'Famille proche', 1, 839),
(1115, 'Aubry', 'Emma', '1976-02-12', 'Autre', 1, 841),
(1116, 'Denis', 'Lamia', '1941-02-09', 'Enfant', 0.33, 842),
(1117, 'Roche', 'Ethan', '1916-07-15', 'Enfant', 0.33, 842),
(1118, 'Renard', 'Katell', '1974-10-23', 'Autre', 0.33, 842),
(1119, 'Simon', 'Rosalie', '1947-06-18', 'Autre', 0.2, 845),
(1120, 'Lemaire', 'Gaspard', '1911-09-30', 'Famille proche', 0.2, 845),
(1121, 'Fontaine', 'Élisa', '1965-10-15', 'Famille éloignée', 0.2, 845),
(1122, 'Vidal', 'Julien', '1982-03-12', 'Enfant', 0.2, 845),
(1123, 'Roussel', 'Nathan', '1939-11-18', 'Autre', 0.2, 845),
(1124, 'Andre', 'Timothée', '1996-02-19', 'Famille éloignée', 0.33, 846),
(1125, 'Nicolas', 'Timéo', '1982-08-11', 'Enfant', 0.33, 846),
(1126, 'Leroux', 'Lilou', '1975-07-18', 'Famille éloignée', 0.33, 846),
(1127, 'Roche', 'Ethan', '1950-11-01', 'Enfant', 1, 847),
(1128, 'Roy', 'Alexis', '1953-06-05', 'Parent', 0.33, 848),
(1129, 'Faure', 'Hugo', '2008-12-08', 'Parent', 0.33, 848),
(1130, 'Garnier', 'Anthony', '1917-07-16', 'Famille éloignée', 0.33, 848),
(1131, 'Barbier', 'Charlotte', '1951-11-28', 'Famille proche', 0.5, 850),
(1132, 'Roussel', 'Nathan', '1963-01-29', 'Autre', 0.5, 850),
(1133, 'Brun', 'Tristan', '1996-09-13', 'Famille proche', 0.5, 851),
(1134, 'Guillot', 'Amélie', '1923-10-26', 'Enfant', 0.5, 851),
(1135, 'Gautier', 'Luna', '1991-10-04', 'Famille proche', 0.2, 852),
(1136, 'Olivier', 'Maëlle', '1941-10-07', 'Parent', 0.2, 852),
(1137, 'Durand', 'Aaron', '1986-10-18', 'Famille éloignée', 0.2, 852),
(1138, 'Dupuy', 'Malo', '1946-12-03', 'Enfant', 0.2, 852),
(1139, 'Blanc', 'Bastien', '1929-04-08', 'Parent', 0.2, 852),
(1140, 'Sanchez', 'Katell', '2005-10-30', 'Autre', 0.5, 853),
(1141, 'Petit', 'Marine', '1907-11-08', 'Autre', 0.5, 853),
(1142, 'Denis', 'Lamia', '1903-12-17', 'Enfant', 1, 854),
(1143, 'Faure', 'Julia', '1960-02-14', 'Enfant', 0.33, 855),
(1144, 'Blanc', 'Lucas', '1939-11-27', 'Parent', 0.33, 855),
(1145, 'Perez', 'Kyllian', '1972-09-02', 'Enfant', 0.33, 855),
(1146, 'Meunier', 'Constant', '1988-06-14', 'Famille proche', 0.5, 857),
(1147, 'Leroy', 'Angelina', '1952-01-24', 'Famille éloignée', 0.5, 857),
(1148, 'Durand', 'Louis', '1939-10-17', 'Famille éloignée', 1, 860),
(1149, 'Brun', 'Tristan', '1992-09-26', 'Famille proche', 0.33, 861),
(1150, 'Gonzalez', 'Cloé', '2001-02-09', 'Famille éloignée', 0.33, 861),
(1151, 'Marchal', 'Julia', '1931-09-07', 'Famille proche', 0.33, 861),
(1152, 'Henry', 'Martin', '1962-11-16', 'Famille éloignée', 1, 863),
(1153, 'Lefebvre', 'Inès', '1913-12-24', 'Enfant', 1, 865),
(1154, 'Rousseau', 'Célia', '1978-03-08', 'Enfant', 1, 866),
(1155, 'Lemoine', 'Louis', '1922-10-22', 'Autre', 0.33, 868),
(1156, 'Faure', 'Agathe', '1950-02-15', 'Parent', 0.33, 868),
(1157, 'Schneider', 'Salomé', '1928-04-05', 'Famille éloignée', 0.33, 868),
(1158, 'Lemoine', 'Louis', '2004-10-23', 'Autre', 1, 870),
(1159, 'Lemoine', 'Jérémy', '2011-05-28', 'Famille éloignée', 0.5, 872),
(1160, 'Simon', 'Loane', '1930-08-04', 'Enfant', 0.5, 872),
(1161, 'Perez', 'Kyllian', '2005-05-31', 'Enfant', 1, 873),
(1162, 'Rey', 'Émile', '1988-07-09', 'Enfant', 1, 874),
(1163, 'Caron', 'Lutécia', '2004-02-17', 'Enfant', 1, 875),
(1164, 'Brun', 'Macéo', '1951-07-02', 'Famille éloignée', 1, 877),
(1165, 'Durand', 'Louis', '2012-09-29', 'Famille éloignée', 1, 879),
(1166, 'Faure', 'Louna', '2002-07-08', 'Parent', 0.5, 881),
(1167, 'Roche', 'Ethan', '1910-04-14', 'Enfant', 0.5, 881),
(1168, 'Guerin', 'Mélanie', '1954-06-02', 'Famille proche', 0.25, 882),
(1169, 'Blanc', 'Bastien', '1984-10-22', 'Parent', 0.25, 882),
(1170, 'Poulain', 'Charlotte', '1907-02-19', 'Parent', 0.25, 882),
(1171, 'Martinez', 'Sarah', '1963-06-04', 'Autre', 0.25, 882),
(1172, 'Vasseur', 'Lucie', '2004-02-04', 'Autre', 0.5, 883),
(1173, 'Clement', 'Guillemette', '1941-10-10', 'Famille éloignée', 0.5, 883),
(1174, 'Lemoine', 'Luna', '1985-10-09', 'Enfant', 1, 884),
(1175, 'Roussel', 'Katell', '1997-05-17', 'Famille proche', 1, 885),
(1176, 'Gonzalez', 'Elsa', '2007-08-22', 'Parent', 0.33, 886),
(1177, 'Weber', 'Erwan', '1984-06-12', 'Enfant', 0.33, 886),
(1178, 'Klein', 'Ambre', '1918-01-22', 'Parent', 0.33, 886),
(1179, 'Rey', 'Lily', '2010-03-27', 'Parent', 1, 887),
(1180, 'Gerard', 'Eva', '1982-03-10', 'Enfant', 0.33, 888),
(1181, 'Gonzalez', 'Théo', '1904-08-13', 'Famille proche', 0.33, 888),
(1182, 'Faure', 'Agathe', '1900-12-09', 'Parent', 0.33, 888),
(1183, 'Muller', 'Carla', '1939-08-29', 'Autre', 1, 889),
(1184, 'Simon', 'Timothée', '1932-07-14', 'Parent', 0.25, 891),
(1185, 'Leroux', 'Simon', '1933-03-22', 'Parent', 0.25, 891),
(1186, 'Noel', 'Nina', '1989-03-16', 'Autre', 0.25, 891),
(1187, 'Moulin', 'Lily', '1923-06-02', 'Enfant', 0.25, 891),
(1188, 'Poirier', 'Kylian', '1979-04-25', 'Autre', 0.5, 892),
(1189, 'Meunier', 'Pauline', '1923-10-09', 'Parent', 0.5, 892),
(1190, 'Fernandez', 'Mathieu', '1933-04-21', 'Parent', 1, 893),
(1191, 'Guillot', 'Amélie', '1917-08-11', 'Enfant', 0.5, 894),
(1192, 'Gautier', 'Alexandra', '1969-01-26', 'Famille proche', 0.5, 894),
(1193, 'Martinez', 'Sarah', '1940-05-07', 'Autre', 0.5, 895),
(1194, 'Perrin', 'Benjamin', '2007-07-30', 'Famille éloignée', 0.5, 895),
(1195, 'Benoit', 'Dimitri', '1917-03-07', 'Famille proche', 1, 896),
(1196, 'Denis', 'Inès', '1993-10-09', 'Autre', 0.33, 897),
(1197, 'Le gall', 'Diego', '1925-02-12', 'Autre', 0.33, 897),
(1198, 'Leroy', 'Angelina', '1932-01-26', 'Famille éloignée', 0.33, 897),
(1199, 'Nicolas', 'Timéo', '1933-04-02', 'Enfant', 1, 898),
(1200, 'Carre', 'Léonie', '2002-03-04', 'Famille proche', 0.5, 899),
(1201, 'Menard', 'Léo', '1904-05-19', 'Famille éloignée', 0.5, 899);

-- --------------------------------------------------------

--
-- Structure de la table `Cotisation`
--

CREATE TABLE IF NOT EXISTS `Cotisation` (
  `Date_cotisation` date NOT NULL,
  `Montant_cotisation` float NOT NULL,
  `ID_salarie` int(11) NOT NULL,
  PRIMARY KEY (`Date_cotisation`),
  KEY `FK_Cotisation_ID_salarie` (`ID_salarie`)
) ENGINE=MyISAM DEFAULT CHARSET=latin1;

--
-- Contenu de la table `Cotisation`
--

INSERT INTO `Cotisation` (`Date_cotisation`, `Montant_cotisation`, `ID_salarie`) VALUES
('1995-12-08', 100, 1),
('1997-12-02', 1000, 2),
('2014-12-06', 245, 3),
('2014-12-11', 100, 1),
('2014-11-27', 250, 1),
('2013-12-18', 200, 1);

-- --------------------------------------------------------

--
-- Doublure de structure pour la vue `Cotisation_annuelle_view`
--
CREATE TABLE IF NOT EXISTS `Cotisation_annuelle_view` (
`ID_salarie` int(11)
,`Cotisation annuelle` double
,`Year` int(4)
);
-- --------------------------------------------------------

--
-- Structure de la table `Entreprise`
--

CREATE TABLE IF NOT EXISTS `Entreprise` (
  `ID_entreprise` int(11) NOT NULL AUTO_INCREMENT,
  `Raison_sociale` varchar(25) NOT NULL,
  `Ville_entreprise` varchar(25) NOT NULL,
  `CP_entreprise` varchar(6) NOT NULL,
  `Nom_rue_entreprise` varchar(25) NOT NULL,
  `Email_entreprise` varchar(50) NOT NULL,
  `Num_tel_entreprise` int(11) DEFAULT NULL,
  `Pass_entreprise` varchar(100) NOT NULL,
  `Num_siret` int(14) NOT NULL,
  `ID_periodicite` int(11) NOT NULL,
  `ID_formule` int(11) NOT NULL,
  `ID_statut` int(11) NOT NULL,
  `Date_effet` date DEFAULT NULL,
  `Date_adhesion` date NOT NULL,
  `ID_agence` int(11) NOT NULL,
  PRIMARY KEY (`ID_entreprise`),
  UNIQUE KEY `Email_entreprise` (`Email_entreprise`,`Num_tel_entreprise`,`Num_siret`),
  KEY `FK_Entreprise_ID_formule` (`ID_formule`),
  KEY `FK_Entreprise_ID_statut` (`ID_statut`),
  KEY `fk_id_agence` (`ID_agence`),
  KEY `fk_ID_periodicite` (`ID_periodicite`)
) ENGINE=MyISAM  DEFAULT CHARSET=latin1 AUTO_INCREMENT=122 ;

--
-- Contenu de la table `Entreprise`
--

INSERT INTO `Entreprise` (`ID_entreprise`, `Raison_sociale`, `Ville_entreprise`, `CP_entreprise`, `Nom_rue_entreprise`, `Email_entreprise`, `Num_tel_entreprise`, `Pass_entreprise`, `Num_siret`, `ID_periodicite`, `ID_formule`, `ID_statut`, `Date_effet`, `Date_adhesion`, `ID_agence`) VALUES
(1, 'Taciti Associates', 'Paris', '59979', 'Rue des Anges', 'TacitiAssociates@example.fr', 2147483647, 'toto', 694049007, 3, 2, 1, NULL, '0000-00-00', 1),
(2, 'Duis Volutpat Nunc Limite', 'Marseille', '49593', 'Rue de l''Annonciade', 'DuisVolutpatNuncLimited@example.fr', 2147483647, 'toto', 827179180, 3, 1, 1, NULL, '0000-00-00', 1),
(3, 'Nulla Cras Institute', 'Lyon', '40983', 'Rue de l''Antiquaille', 'NullaCrasInstitute@example.fr', 2147483647, 'toto', 685651611, 3, 1, 1, NULL, '0000-00-00', 1),
(4, 'Eros Non LLP', 'Toulouse', '73724', 'Rue de l''Arbre-Sec', 'ErosNonLLP@example.fr', 2147483647, 'toto', 856783744, 12, 1, 1, NULL, '0000-00-00', 1),
(5, 'Convallis Convallis Compa', 'Nice', '68875', 'Quai Saint-Antoine', 'ConvallisConvallisCompany@example.fr', 2147483647, 'toto', 133323646, 3, 2, 1, NULL, '0000-00-00', 1),
(6, 'Massa Limited', 'Nantes', '42000', 'Rue Sidoine-Apollinaire', 'MassaLimited@example.fr', 2147483647, 'toto', 210758573, 3, 1, 1, NULL, '0000-00-00', 1),
(7, 'Diam At Pretium Limited', 'Strasbourg', '33573', 'Quai Claude-Bernard', 'DiamAtPretiumLimited@example.fr', 2147483647, 'toto', 584899184, 3, 1, 1, NULL, '0000-00-00', 1),
(8, 'Mi Tempor Lorem PC', 'Montpellier', '41058', 'Rue Paul-Bert', 'MiTemporLoremPC@example.fr', 2147483647, 'toto', 231468581, 3, 2, 1, NULL, '0000-00-00', 1),
(9, 'Sit Amet Ltd', 'Bordeaux', '47784', 'Avenue Berthelot', 'SitAmetLtd@example.fr', 2147483647, 'toto', 847250474, 1, 2, 1, NULL, '0000-00-00', 1),
(10, 'Dolor Institute', 'Lille13', '76026', 'Rue du Sergent Michel Ber', 'DolorInstitute@example.fr', 2147483647, 'toto', 165716072, 3, 2, 1, NULL, '0000-00-00', 1),
(11, 'Magna Praesent Incorporat', 'Rennes', '44996', 'Rue Bichat', 'MagnaPraesentIncorporated@example.fr', 2147483647, 'toto', 398521528, 1, 2, 1, NULL, '0000-00-00', 2),
(12, 'Nullam Ut Ltd', 'Reims', '20877', 'Avenue de Birmingham', 'NullamUtLtd@example.fr', 2147483647, 'toto', 364153954, 3, 1, 1, NULL, '0000-00-00', 2),
(13, 'Erat Vivamus Consulting', 'Le Havre', '83887', 'Avenue Maréchal-Foch', 'EratVivamusConsulting@example.fr', 2147483647, 'toto', 995465505, 1, 1, 1, NULL, '0000-00-00', 2),
(14, 'Proin PC', 'Saint-Étienne', '84283', 'Rue du Fort Saint-Irénée', 'ProinPC@example.fr', 2147483647, 'toto', 884879506, 12, 2, 1, NULL, '0000-00-00', 2),
(15, 'Egestas Consulting', 'Toulon', '65376', 'Rue des Fossés-de-Trion', 'EgestasConsulting@example.fr', 2147483647, 'toto', 944431965, 3, 2, 1, NULL, '0000-00-00', 2),
(16, 'Augue Id Ante Company', 'Grenoble', '34400', 'Avenue du Général-Frère', 'AugueIdAnteCompany@example.fr', 2147483647, 'toto', 385424620, 12, 2, 1, NULL, '0000-00-00', 2),
(17, 'Erat Limited', 'Dijon', '53340', 'Quai Fulchiron', 'EratLimited@example.fr', 2147483647, 'toto', 165416335, 3, 2, 1, NULL, '0000-00-00', 2),
(18, 'Conubia Corporation', 'Angers', '52892', 'Rue Jaboulay', 'ConubiaCorporation@example.fr', 2147483647, 'toto', 609323361, 1, 2, 1, NULL, '0000-00-00', 2),
(19, 'Dolor PC', 'Saint-Denis', '51549', 'Place des Jacobins', 'DolorPC@example.fr', 2147483647, 'toto', 602472766, 1, 2, 1, NULL, '0000-00-00', 2),
(20, 'Et Institute', 'Villeurbanne', '28170', 'Rue Simon-Jallade', 'EtInstitute@example.fr', 2147483647, 'toto', 261371074, 3, 1, 1, NULL, '0000-00-00', 2),
(21, 'Interdum Nunc Sollicitudi', 'Nîmes', '66613', 'Avenue Jean-Jaurès', 'InterdumNuncSollicitudinInstitute@example.fr', 2147483647, 'toto', 277286782, 3, 2, 1, NULL, '0000-00-00', 3),
(22, 'Pellentesque Tincidunt Te', 'Le Mans', '32699', 'Rue Mazard', 'PellentesqueTinciduntTempusIncorporated@example.fr', 2147483647, 'toto', 446694214, 3, 1, 1, NULL, '0000-00-00', 3),
(23, 'Eu Corp.', 'Clermont-Ferrand', '97259', 'Rue Mazenod', 'EuCorp@example.fr', 2147483647, 'toto', 452928759, 1, 2, 1, NULL, '0000-00-00', 3),
(24, 'Magna Et Ipsum Institute', 'Aix-en-Provence', '93877', 'Place Pierre-Mendès-Franc', 'MagnaEtIpsumInstitute@example.fr', 2147483647, 'toto', 152378178, 3, 2, 1, NULL, '0000-00-00', 3),
(25, 'Phasellus Nulla Associate', 'Brest', '87057', 'Avenue de Ménival', 'PhasellusNullaAssociates@example.fr', 2147483647, 'toto', 468850086, 3, 2, 1, NULL, '0000-00-00', 3),
(26, 'Venenatis Incorporated', 'Limoges', '71343', 'Rue Mercière', 'VenenatisIncorporated@example.fr', 2147483647, 'toto', 857765753, 12, 2, 1, NULL, '0000-00-00', 3),
(27, 'A Arcu Sed Consulting', 'Tours', '10157', 'Quai de la Pêcherie', 'AArcuSedConsulting@example.fr', 2147483647, 'toto', 455938778, 3, 1, 1, NULL, '0000-00-00', 3),
(28, 'Ornare PC', 'Amiens', '65758', 'Place Gabriel-Péri', 'OrnarePC@example.fr', 2147483647, 'toto', 300971868, 1, 1, 1, NULL, '0000-00-00', 3),
(29, 'Sed Company', 'Metz', '41687', 'Rue Pernon', 'SedCompany@example.fr', 2147483647, 'toto', 332085597, 3, 2, 1, NULL, '0000-00-00', 3),
(30, 'Cursus Et Eros Corporatio', 'Perpignan', '65835', 'Quai Perrache', 'CursusEtErosCorporation@example.fr', 2147483647, 'toto', 958201681, 12, 2, 1, NULL, '0000-00-00', 3),
(31, 'Eu Odio Tristique Foundat', 'Boulogne-Billancourt', '56341', 'Rue Antonin-Perrin', 'EuOdioTristiqueFoundation@example.fr', 2147483647, 'toto', 274772948, 12, 1, 1, NULL, '0000-00-00', 4),
(32, 'Augue Sed Molestie Instit', 'Besançon', '16994', 'Rue Marc-Antoine-Petit', 'AugueSedMolestieInstitute@example.fr', 2147483647, 'toto', 822601326, 12, 2, 1, NULL, '0000-00-00', 4),
(33, 'In Corporation', 'Orléans', '90438', 'Rue Rachais', 'InCorporation@example.fr', 2147483647, 'toto', 815327436, 3, 1, 1, NULL, '0000-00-00', 4),
(34, 'Leo Inc.', 'Rouen', '60873', 'Rue du Docteur-Rafin', 'LeoInc@example.fr', 2147483647, 'toto', 917922244, 3, 1, 1, NULL, '0000-00-00', 4),
(35, 'Pede Sagittis Augue Incor', 'Mulhouse', '54738', 'Quai Rambaud', 'PedeSagittisAugueIncorporated@example.fr', 2147483647, 'toto', 844328284, 3, 2, 1, NULL, '0000-00-00', 4),
(36, 'Ac Fermentum Associates', 'Caen', '57599', 'Place Gabriel-Rambaud', 'AcFermentumAssociates@example.fr', 2147483647, 'toto', 531966079, 3, 2, 1, NULL, '0000-00-00', 4),
(37, 'Ullamcorper Eu Euismod In', 'Saint-Denis', '42321', 'Rue Michel Rambaud', 'UllamcorperEuEuismodInc@example.fr', 2147483647, 'toto', 882038463, 1, 2, 1, NULL, '0000-00-00', 4),
(38, 'Curabitur Vel Incorporate', 'Nancy', '48591', 'Rue Docteur-Rebatel', 'CurabiturVelIncorporated@example.fr', 2147483647, 'toto', 956405586, 3, 1, 1, NULL, '0000-00-00', 4),
(39, 'Sociis Natoque Inc.', 'Argenteuil', '76939', 'Avenue Andreï-Sakharov', 'SociisNatoqueInc@example.fr', 2147483647, 'toto', 694049007, 3, 1, 1, NULL, '0000-00-00', 4),
(40, 'Ac LLP', 'Saint-Paul', '94618', 'Rue Antoine-de-Saint-Exup', 'AcLLP@example.fr', 2147483647, 'toto', 827179180, 12, 1, 1, NULL, '0000-00-00', 4),
(41, 'Pellentesque Ut Ipsum Ins', 'Montreuil', '49712', 'Rue Roger-Salengro', 'PellentesqueUtIpsumInstitute@example.fr', 2147483647, 'toto', 685651611, 1, 2, 1, NULL, '0000-00-00', 5),
(42, 'Urna Nec Consulting', 'Roubaix', '24480', 'Rue Antoine-Sallès', 'UrnaNecConsulting@example.fr', 2147483647, 'toto', 856783744, 3, 1, 1, NULL, '0000-00-00', 5),
(43, 'Et Tristique PC', 'Tourcoing', '34676', 'Avenue Paul-Santy', 'EtTristiquePC@example.fr', 2147483647, 'toto', 133323646, 12, 1, 1, NULL, '0000-00-00', 5),
(44, 'Rhoncus Associates', 'Dunkerque14', '16633', 'Quai du Général-Sarrail', 'RhoncusAssociates@example.fr', 2147483647, 'toto', 210758573, 3, 2, 1, NULL, '0000-00-00', 5),
(45, 'Nulla Facilisi LLP', 'Créteil', '56411', 'Rue des Tables-Claudienne', 'NullaFacilisiLLP@example.fr', 2147483647, 'toto', 584899184, 12, 2, 1, NULL, '0000-00-00', 5),
(46, 'Lectus Nullam Limited', 'Avignon', '44473', 'Boulevard des Tchécoslova', 'LectusNullamLimited@example.fr', 2147483647, 'toto', 231468581, 3, 1, 1, NULL, '0000-00-00', 5),
(47, 'Et Libero LLP', 'Nanterre', '13028', 'Rue Terme', 'EtLiberoLLP@example.fr', 2147483647, 'toto', 847250474, 1, 2, 1, NULL, '0000-00-00', 5),
(48, 'Laoreet Posuere LLP', 'Courbevoie', '81809', 'Quai Pierre-Ternier', 'LaoreetPosuereLLP@example.fr', 2147483647, 'toto', 165716072, 3, 2, 1, NULL, '0000-00-00', 5),
(49, 'Risus Donec Consulting', 'Poitiers', '29681', 'Rue de la Terrasse', 'RisusDonecConsulting@example.fr', 2147483647, 'toto', 398521528, 1, 2, 1, NULL, '0000-00-00', 5),
(50, 'Sit Corp.', 'Fort-de-France', '70419', 'Place des Terreaux', 'SitCorp@example.fr', 2147483647, 'toto', 364153954, 1, 1, 1, NULL, '0000-00-00', 5),
(51, 'Morbi Non Sapien Institut', 'Vitry-sur-Seine', '85320', 'Cours de Verdun', 'MorbiNonSapienInstitute@example.fr', 2147483647, 'toto', 995465505, 12, 1, 1, NULL, '0000-00-00', 6),
(52, 'Sapien PC', 'Versailles', '21407', 'Cours de Verdun', 'SapienPC@example.fr', 2147483647, 'toto', 884879506, 12, 1, 1, NULL, '0000-00-00', 6),
(53, 'Nostra Per Inceptos Found', 'Colombes', '73950', 'Rue Pierre-Verger', 'NostraPerInceptosFoundation@example.fr', 2147483647, 'toto', 944431965, 1, 1, 1, NULL, '0000-00-00', 6),
(54, 'Lectus Quis Limited', 'Asnières-sur-Seine', '47298', 'Avenue Verguin', 'LectusQuisLimited@example.fr', 2147483647, 'toto', 385424620, 1, 1, 1, NULL, '0000-00-00', 6),
(55, 'Non Sapien Molestie Assoc', 'Aulnay-sous-Bois', '20659', 'Rue de la Viabert', 'NonSapienMolestieAssociates@example.fr', 2147483647, 'toto', 165416335, 6, 2, 1, NULL, '0000-00-00', 6),
(56, 'Vel Industries', 'Saint-Pierre', '97379', 'Rue Viala', 'VelIndustries@example.fr', 2147483647, 'toto', 609323361, 1, 2, 1, NULL, '0000-00-00', 6),
(57, 'Cras Interdum Nunc Corpor', 'Rueil-Malmaison', '96452', 'Rue Vide-Bourse', 'CrasInterdumNuncCorporation@example.fr', 2147483647, 'toto', 602472766, 6, 2, 1, NULL, '0000-00-00', 6),
(58, 'Tempus Company', 'Pau', '47006', 'Rue de la Vieille', 'TempusCompany@example.fr', 2147483647, 'toto', 261371074, 6, 2, 1, NULL, '0000-00-00', 6),
(59, 'Lorem Fringilla Inc.', 'Champigny-sur-Marne', '34420', 'Route de Vienne', 'LoremFringillaInc@example.fr', 2147483647, 'toto', 277286782, 6, 1, 1, NULL, '0000-00-00', 6),
(60, 'Egestas Corporation', 'Aubervilliers', '23295', 'Rue de La Villette', 'EgestasCorporation@example.fr', 2147483647, 'toto', 446694214, 12, 1, 1, NULL, '0000-00-00', 6),
(61, 'Interdum Ligula Eu Limite', 'Antibes', '41853', 'Rue Villon', 'InterdumLigulaEuLimited@example.fr', 2147483647, 'toto', 452928759, 6, 1, 1, NULL, '0000-00-00', 7),
(62, 'Donec Corporation', 'Le Tampon', '42687', 'Rue du Vinatier', 'DonecCorporation@example.fr', 2147483647, 'toto', 152378178, 1, 1, 1, NULL, '0000-00-00', 7),
(63, 'Dapibus Corporation', 'La Rochelle', '78080', 'Quai Saint-Vincent', 'DapibusCorporation@example.fr', 2147483647, 'toto', 468850086, 1, 2, 1, NULL, '0000-00-00', 7),
(64, 'Vel Arcu Curabitur Associ', 'Saint-Maur-des-Fossés', '67512', 'Boulevard Jean-XXIII', 'VelArcuCurabiturAssociates@example.fr', 2147483647, 'toto', 857765753, 12, 1, 1, NULL, '0000-00-00', 7),
(65, 'Sed Sapien Company', 'Calais', '79387', 'Rue Louis-Vitet', 'SedSapienCompany@example.fr', 2147483647, 'toto', 455938778, 12, 1, 1, NULL, '0000-00-00', 7),
(66, 'Eget Massa Suspendisse As', 'Cannes', '62276', 'Cours Vitton', 'EgetMassaSuspendisseAssociates@example.fr', 2147483647, 'toto', 300971868, 12, 2, 1, NULL, '0000-00-00', 7),
(67, 'Faucibus Corp.', 'Béziers', '23306', 'Avenue Viviani', 'FaucibusCorp@example.fr', 2147483647, 'toto', 332085597, 1, 2, 1, NULL, '0000-00-00', 7),
(68, 'Magna Et Ipsum Corporatio', 'Colmar', '44152', 'Place Voltaire', 'MagnaEtIpsumCorporation@example.fr', 2147483647, 'toto', 958201681, 1, 1, 1, NULL, '0000-00-00', 7),
(69, 'Enim Suspendisse Aliquet ', 'Saint-Nazaire', '94640', 'Rue de Chaponnay', 'EnimSuspendisseAliquetPC@example.fr', 2147483647, 'toto', 274772948, 1, 1, 1, NULL, '0000-00-00', 7),
(70, 'Ac Fermentum Vel Consulti', 'Ajaccio', '89087', 'Rue du Commandant-Charcot', 'AcFermentumVelConsulting@example.fr', 2147483647, 'toto', 822601326, 12, 1, 1, NULL, '0000-00-00', 7),
(71, 'Sit Foundation', 'Drancy', '22869', 'Rue Antoine-Charial', 'SitFoundation@example.fr', 2147483647, 'toto', 815327436, 1, 1, 1, NULL, '0000-00-00', 8),
(72, 'Aliquet Consulting', 'Bourges', '84425', 'Rue de la Charité', 'AliquetConsulting@example.fr', 2147483647, 'toto', 917922244, 12, 1, 1, NULL, '0000-00-00', 8),
(73, 'Ac Libero Nec Ltd', 'Mérignac', '74375', 'Cours Charlemagne', 'AcLiberoNecLtd@example.fr', 2147483647, 'toto', 844328284, 6, 1, 1, NULL, '0000-00-00', 8),
(74, 'Ut Quam Vel Institute', 'Issy-les-Moulineaux', '25985', 'Rue des Chartreux', 'UtQuamVelInstitute@example.fr', 2147483647, 'toto', 531966079, 12, 1, 1, NULL, '0000-00-00', 8),
(75, 'Blandit Viverra LLP', 'Levallois-Perret', '67824', 'Quai Chauveau', 'BlanditViverraLLP@example.fr', 2147483647, 'toto', 882038463, 12, 2, 1, NULL, '0000-00-00', 8),
(76, 'Mollis Vitae Posuere Asso', 'Quimper', '94456', 'Rue Chazière', 'MollisVitaePosuereAssociates@example.fr', 2147483647, 'toto', 956405586, 12, 1, 1, NULL, '0000-00-00', 8),
(77, 'Amet Ornare Lectus Corp.', 'Valence', '14668', 'Montée du Chemin-Neuf', 'AmetOrnareLectusCorp@example.fr', 2147483647, 'toto', 694049007, 12, 2, 1, NULL, '0000-00-00', 8),
(78, 'Sed Congue Elit PC', 'Noisy-le-Grand', '74059', 'Rue Paul-Chenavard', 'SedCongueElitPC@example.fr', 2147483647, 'toto', 827179180, 1, 1, 1, NULL, '0000-00-00', 8),
(79, 'Leo Cras LLP', 'Villeneuve-d''Ascq', '16186', 'Rue des Chevaucheurs', 'LeoCrasLLP@example.fr', 2147483647, 'toto', 685651611, 12, 1, 1, NULL, '0000-00-00', 8),
(80, 'Dolor Corp.', 'La Seyne-sur-Mer', '75167', 'Rue Chevreul', 'DolorCorp@example.fr', 2147483647, 'toto', 856783744, 1, 2, 1, NULL, '0000-00-00', 8),
(81, 'Elit Industries', 'Antony', '33010', 'Montée de Choulans', 'ElitIndustries@example.fr', 2147483647, 'toto', 133323646, 6, 1, 1, NULL, '0000-00-00', 9),
(82, 'Mattis Ltd', 'Neuilly-sur-Seine', '94720', 'Pont Winston-Churchill', 'MattisLtd@example.fr', 2147483647, 'toto', 210758573, 12, 2, 1, NULL, '0000-00-00', 9),
(83, 'Ac Tellus Suspendisse Cor', 'Vénissieux', '28555', 'Rue Claudia', 'AcTellusSuspendisseCorp@example.fr', 2147483647, 'toto', 584899184, 6, 2, 1, NULL, '0000-00-00', 9),
(84, 'Donec Sollicitudin LLC', 'Troyes', '49619', 'Pont Clemenceau', 'DonecSollicitudinLLC@example.fr', 2147483647, 'toto', 231468581, 12, 2, 1, NULL, '0000-00-00', 9),
(85, 'Hendrerit Neque In Consul', 'Clichy', '21999', 'Quai du Commerce', 'HendreritNequeInConsulting@example.fr', 2147483647, 'toto', 847250474, 12, 2, 1, NULL, '0000-00-00', 9),
(86, 'Arcu Sed PC', 'Les Abymes', '17883', 'Rue de Condé', 'ArcuSedPC@example.fr', 2147483647, 'toto', 165716072, 6, 1, 1, NULL, '0000-00-00', 9),
(87, 'Amet Metus PC', 'Pessac', '50913', 'Rue Constantine', 'AmetMetusPC@example.fr', 2147483647, 'toto', 398521528, 6, 2, 1, NULL, '0000-00-00', 9),
(88, 'Arcu Incorporated', 'Chambéry', '93036', 'Rue de la Corderie', 'ArcuIncorporated@example.fr', 2147483647, 'toto', 364153954, 1, 1, 1, NULL, '0000-00-00', 9),
(89, 'Sem Magna Corp.', 'Sarcelles', '84181', 'Rue Pierre-Corneille', 'SemMagnaCorp@example.fr', 2147483647, 'toto', 995465505, 12, 2, 1, NULL, '0000-00-00', 9),
(90, 'Nullam Corporation', 'Cergy', '84091', 'Allée Pierre-de-Coubertin', 'NullamCorporation@example.fr', 2147483647, 'toto', 884879506, 1, 1, 1, NULL, '0000-00-00', 9),
(91, 'Auctor Incorporated', 'Ivry-sur-Seine', '52350', 'Rue Sœur-Bouvier', 'AuctorIncorporated@example.fr', 2147483647, 'toto', 944431965, 6, 1, 1, NULL, '0000-00-00', 10),
(92, 'Quis Accumsan Convallis P', 'Niort', '38776', 'Rue de Brest', 'QuisAccumsanConvallisPC@example.fr', 2147483647, 'toto', 385424620, 1, 2, 1, NULL, '0000-00-00', 10),
(93, 'Egestas PC', 'Lorient', '63104', 'Boulevard des Brotteaux', 'EgestasPC@example.fr', 2147483647, 'toto', 165416335, 1, 1, 1, NULL, '0000-00-00', 10),
(94, 'Turpis Limited', 'Cayenne', '77294', 'Rue Burdeau', 'TurpisLimited@example.fr', 2147483647, 'toto', 609323361, 1, 2, 1, NULL, '0000-00-00', 10),
(95, 'Adipiscing Lobortis Risus', 'Montauban', '19884', 'Rue du Bœuf', 'AdipiscingLobortisRisusFoundation@example.fr', 2147483647, 'toto', 602472766, 12, 1, 1, NULL, '0000-00-00', 10),
(96, 'Luctus Et Ultrices Founda', 'Saint-Quentin', '89950', 'Rue Bugeaud', 'LuctusEtUltricesFoundation@example.fr', 2147483647, 'toto', 261371074, 6, 2, 1, NULL, '0000-00-00', 10),
(97, 'Amet Consectetuer LLC', 'Villejuif', '61602', 'Montée de la Butte', 'AmetConsectetuerLLC@example.fr', 2147483647, 'toto', 277286782, 1, 1, 1, NULL, '0000-00-00', 10),
(98, 'Orci Corp.', 'Saint-André', '79390', 'Avenue Barthélémy-Buyer', 'OrciCorp@example.fr', 2147483647, 'toto', 446694214, 12, 2, 1, NULL, '0000-00-00', 10),
(99, 'Dolor Company', 'Épinay-sur-Seine', '52407', 'Rue des Aqueducs', 'DolorCompany@example.fr', 2147483647, 'toto', 452928759, 6, 2, 1, NULL, '0000-00-00', 10),
(121, 'TROLOLO', 'Lyon', '69005', '3 rue du boulanger', 'aurelien.wils@tutu.lol', 677948470, '1c8cf3ff8640260bf0612eb96ffb436a7e136fac', 2147483647, 1, 1, 1, NULL, '2014-12-06', 1);

-- --------------------------------------------------------

--
-- Structure de la table `Entreprise_view`
--
-- utilisé(#1356 - View 'ptut_db.Entreprise_view' references invalid table(s) or column(s) or function(s) or definer/invoker of view lack rights to use them)

--
-- Contenu de la table `Entreprise_view`
--
-- utilisé (#1356 - View 'ptut_db.Entreprise_view' references invalid table(s) or column(s) or function(s) or definer/invoker of view lack rights to use them)

-- --------------------------------------------------------

--
-- Structure de la table `Formule`
--

CREATE TABLE IF NOT EXISTS `Formule` (
  `ID_formule` int(11) NOT NULL AUTO_INCREMENT,
  `Nom_formule` varchar(25) NOT NULL,
  PRIMARY KEY (`ID_formule`),
  UNIQUE KEY `Nom_formule` (`Nom_formule`)
) ENGINE=MyISAM  DEFAULT CHARSET=latin1 AUTO_INCREMENT=3 ;

--
-- Contenu de la table `Formule`
--

INSERT INTO `Formule` (`ID_formule`, `Nom_formule`) VALUES
(1, 'Cotisation'),
(2, 'Prestation');

-- --------------------------------------------------------

--
-- Structure de la table `Mode_de_versement`
--

CREATE TABLE IF NOT EXISTS `Mode_de_versement` (
  `ID_mode_versement` int(11) NOT NULL AUTO_INCREMENT,
  `Nom_mode_versement` varchar(25) NOT NULL,
  PRIMARY KEY (`ID_mode_versement`),
  UNIQUE KEY `Nom_mode_versement` (`Nom_mode_versement`)
) ENGINE=MyISAM  DEFAULT CHARSET=latin1 AUTO_INCREMENT=4 ;

--
-- Contenu de la table `Mode_de_versement`
--

INSERT INTO `Mode_de_versement` (`ID_mode_versement`, `Nom_mode_versement`) VALUES
(1, 'Retraite viagère'),
(2, 'Capital différé'),
(3, 'Autre produit vie');

-- --------------------------------------------------------

--
-- Structure de la table `Option_de_prestation`
--

CREATE TABLE IF NOT EXISTS `Option_de_prestation` (
  `ID_base_calcul` int(11) NOT NULL AUTO_INCREMENT,
  `Nom_base_calcul` varchar(25) NOT NULL,
  PRIMARY KEY (`ID_base_calcul`),
  UNIQUE KEY `Nom_base_calcul` (`Nom_base_calcul`)
) ENGINE=MyISAM  DEFAULT CHARSET=latin1 AUTO_INCREMENT=3 ;

--
-- Contenu de la table `Option_de_prestation`
--

INSERT INTO `Option_de_prestation` (`ID_base_calcul`, `Nom_base_calcul`) VALUES
(1, 'Salaire moyen'),
(2, 'Salaire max');

-- --------------------------------------------------------

--
-- Structure de la table `Periodicite`
--

CREATE TABLE IF NOT EXISTS `Periodicite` (
  `Nom_periodicite` varchar(25) NOT NULL,
  `Nb_mois_periodicite` int(11) NOT NULL,
  PRIMARY KEY (`Nb_mois_periodicite`),
  UNIQUE KEY `Nom_periodicite` (`Nom_periodicite`)
) ENGINE=MyISAM DEFAULT CHARSET=latin1;

--
-- Contenu de la table `Periodicite`
--

INSERT INTO `Periodicite` (`Nom_periodicite`, `Nb_mois_periodicite`) VALUES
('Mois', 1),
('Trimestre', 3),
('Semestre', 6),
('Année', 12);

-- --------------------------------------------------------

--
-- Structure de la table `Poste`
--

CREATE TABLE IF NOT EXISTS `Poste` (
  `ID_poste` int(11) NOT NULL AUTO_INCREMENT,
  `Intitule_poste` varchar(50) NOT NULL,
  PRIMARY KEY (`ID_poste`),
  UNIQUE KEY `Intitule_poste` (`Intitule_poste`)
) ENGINE=MyISAM  DEFAULT CHARSET=latin1 AUTO_INCREMENT=99 ;

--
-- Contenu de la table `Poste`
--

INSERT INTO `Poste` (`ID_poste`, `Intitule_poste`) VALUES
(1, 'Ingénieur'),
(2, 'Professeur des écoles'),
(3, 'Vétérinaire'),
(4, 'Agent d''accueil en office de tourisme'),
(5, 'Conseiller conjugal et familial'),
(6, 'Administrateur dans la Fonction publique européenn'),
(7, 'Assistant export'),
(8, 'Gestionnaire de carrière'),
(9, 'Chef de chantier'),
(10, 'Aide-soignant(e)'),
(11, 'Ludothécaire'),
(12, 'Conseiller d''orientation-psychologue'),
(13, 'Gestionnaire de patrimoine'),
(14, 'Éducateur de jeunes enfants'),
(15, 'Chef de projet démantèlement nucléaire'),
(16, 'Paysagiste'),
(17, 'Conseiller-vendeur en agence de voyages'),
(18, 'Testeur'),
(19, 'Actrice'),
(20, 'Bibliothécaire jeunesse'),
(21, 'Moniteur-éducateur'),
(22, 'Commercial en énergies renouvelables'),
(23, 'Zoologiste '),
(24, 'Responsable d''eau potable ou d''assainissement'),
(25, 'Pilote d''hélicoptère'),
(26, 'Développeur informatique'),
(27, 'Infirmier d''entreprise'),
(28, 'Secrétaire administratif ou de chancellerie'),
(29, 'Technicien conseiller en agrobiologie'),
(30, 'Garde-chasse / Garde pêche'),
(31, 'Chargé du suivi des programmes humanitaires'),
(32, 'Ingénieur procédés en environnement'),
(33, 'Garde du littoral'),
(34, 'Volcanologue'),
(35, 'Ingénieur calcul et appui scientifique'),
(36, 'Animateur touristique'),
(37, 'Lieutenant de pompiers'),
(38, 'Consultant en recrutement'),
(39, 'Développeur de projets en énergies renouvelables'),
(40, 'Conseiller en maîtrise d''énergie'),
(41, 'Technicien du réemploi'),
(42, 'Ingénieur télécoms'),
(43, 'Chargé du recrutement'),
(44, 'Actuaire'),
(45, 'Ingénieur chimiste'),
(46, 'Administrateur de base de données'),
(47, 'Dessinateur industriel'),
(48, 'Conteur'),
(49, 'Orthoptiste'),
(50, 'Courtier'),
(51, 'Domoticien'),
(52, 'Gestionnaire de paie'),
(53, 'Agent général'),
(54, 'Média-planneur'),
(55, 'Auditeur financier'),
(56, 'Économiste de la construction'),
(57, 'Officier de la marine marchande'),
(58, 'Gynécologue'),
(59, 'Médiateur en environnement'),
(60, 'Ingénieur numéricien'),
(61, 'Masseur-kinésithérapeute'),
(62, 'Médecin de l''Education nationale'),
(63, 'Conseiller en agriculture durable'),
(64, 'Technicien en traitement des déchets'),
(65, 'Responsable de formation'),
(66, 'Ingénieur en efficacité énergétique des bâtiments'),
(67, 'Juge d''application des peines (JAP)'),
(68, 'Maquettiste'),
(69, 'Psychologue scolaire'),
(70, 'Constructeur bois'),
(71, 'Directeur du marketing'),
(72, 'Orthophoniste'),
(73, 'Technicien de maintenance'),
(74, 'Orthoprothésiste'),
(75, 'Modéliste'),
(76, 'Agent d''accueil'),
(77, 'Conseiller agricole'),
(78, 'Animateur en écotourisme'),
(79, 'Chargé de communication en environnement'),
(80, 'Psychiatre'),
(81, 'Responsable SAV (Service après-vente)'),
(82, 'Avocat'),
(83, 'Designer industriel'),
(84, 'Opérateur middle office'),
(85, 'Journaliste reporter d''images (JRI)'),
(86, 'Juge aux affaires familiales'),
(87, 'Conseiller en prévention des risques psychosociaux'),
(88, 'Clown'),
(89, 'Chef opérateur'),
(90, 'Designer textile'),
(91, 'Chercheur en sciences et en industries'),
(92, 'Expert automobile'),
(93, 'Guide accompagnateur'),
(94, 'Technicien paysagiste'),
(95, 'Ingénieur qualité ou qualiticien'),
(96, 'Contrôleur de gestion'),
(97, 'Opérateur back office'),
(98, 'Moniteur de ski');

-- --------------------------------------------------------

--
-- Structure de la table `Prime`
--

CREATE TABLE IF NOT EXISTS `Prime` (
  `Date_prime` date NOT NULL,
  `Montant_prime` float NOT NULL,
  `ID_salarie` int(11) NOT NULL,
  PRIMARY KEY (`Date_prime`,`Montant_prime`),
  KEY `FK_Prime_ID_salarie` (`ID_salarie`)
) ENGINE=MyISAM DEFAULT CHARSET=latin1;

--
-- Contenu de la table `Prime`
--

INSERT INTO `Prime` (`Date_prime`, `Montant_prime`, `ID_salarie`) VALUES
('2014-12-05', 100, 1),
('2014-02-11', 250, 1),
('2013-12-03', 200, 1),
('2000-12-15', 500, 3),
('2014-12-20', 333, 2);

-- --------------------------------------------------------

--
-- Doublure de structure pour la vue `Prime_annuelle_view`
--
CREATE TABLE IF NOT EXISTS `Prime_annuelle_view` (
`ID_salarie` int(11)
,`Prime annuelle` double
,`Year` int(4)
);
-- --------------------------------------------------------

--
-- Structure de la table `Salaire`
--

CREATE TABLE IF NOT EXISTS `Salaire` (
  `Date_debut_salaire` date NOT NULL,
  `Date_fin_salaire` date NOT NULL,
  `Salaire_salarie` float NOT NULL,
  `ID_salarie` int(11) NOT NULL,
  `ID_poste` int(11) NOT NULL,
  PRIMARY KEY (`Date_debut_salaire`,`ID_salarie`)
) ENGINE=MyISAM DEFAULT CHARSET=latin1;

--
-- Contenu de la table `Salaire`
--

INSERT INTO `Salaire` (`Date_debut_salaire`, `Date_fin_salaire`, `Salaire_salarie`, `ID_salarie`, `ID_poste`) VALUES
('2012-05-01', '2013-07-31', 9998, 45, 20),
('2009-06-01', '2011-09-30', 9999, 461, 39),
('2011-03-01', '2012-02-29', 9995, 557, 22),
('1996-05-01', '2005-04-30', 9994, 224, 36),
('1998-08-01', '2003-11-30', 9988, 467, 42),
('2010-10-01', '0000-00-00', 9988, 720, 89),
('2006-07-01', '2009-02-28', 9986, 933, 30),
('1994-10-01', '0000-00-00', 9979, 392, 7),
('1997-11-01', '2001-11-30', 9971, 616, 29),
('1985-01-01', '1999-08-31', 9970, 469, 61),
('2003-09-01', '2009-02-28', 9968, 411, 68),
('1985-08-01', '0000-00-00', 9966, 660, 64),
('2012-11-01', '2013-08-31', 9957, 436, 64),
('1997-01-01', '2000-05-31', 9953, 168, 98),
('2009-09-01', '2012-02-29', 9950, 919, 2),
('2008-10-01', '2011-07-31', 9950, 163, 63),
('1998-10-01', '2003-12-31', 9947, 629, 81),
('2007-08-01', '2008-12-31', 9946, 882, 86),
('2006-09-01', '2008-08-31', 9945, 169, 4),
('2010-11-01', '0000-00-00', 9944, 534, 94),
('1996-08-01', '2002-07-31', 9944, 804, 29),
('2005-06-01', '2007-07-31', 9944, 307, 68),
('1998-01-01', '2003-08-31', 9942, 266, 36),
('2010-11-01', '2011-10-31', 9939, 731, 5),
('1990-11-01', '2002-06-30', 9933, 719, 65),
('2009-01-01', '2010-08-31', 9926, 901, 72),
('2001-03-01', '2007-12-31', 9922, 312, 90),
('2008-03-01', '2010-02-28', 9914, 693, 66),
('2008-05-01', '0000-00-00', 9913, 668, 63),
('2010-03-01', '0000-00-00', 9909, 488, 21),
('1995-03-01', '1999-12-31', 9908, 512, 73),
('1999-08-01', '2003-02-28', 9904, 985, 13),
('2006-03-01', '2008-02-29', 9902, 942, 98),
('1998-08-01', '2006-07-31', 9902, 671, 22),
('1990-11-01', '1995-07-31', 9901, 559, 10),
('2003-12-01', '2009-04-30', 9901, 554, 75),
('1985-12-01', '1991-08-31', 9895, 371, 3),
('2006-11-01', '0000-00-00', 9892, 156, 45),
('2012-12-01', '0000-00-00', 9888, 232, 54),
('1972-01-01', '1985-12-31', 9887, 214, 66),
('1979-12-01', '1997-05-31', 9887, 631, 59),
('2000-12-01', '2007-11-30', 9883, 359, 53),
('1983-12-01', '0000-00-00', 9875, 790, 9),
('1977-05-01', '0000-00-00', 9874, 503, 19),
('1985-08-01', '1991-05-31', 9864, 872, 97),
('2012-03-01', '0000-00-00', 9862, 644, 86),
('2011-12-01', '2012-11-30', 9858, 968, 45),
('1976-07-01', '1981-11-30', 9857, 986, 31),
('2010-01-01', '2011-04-30', 9857, 243, 80),
('2012-02-01', '0000-00-00', 9855, 200, 96),
('2010-03-01', '0000-00-00', 9851, 437, 44),
('2002-12-01', '2006-09-30', 9850, 669, 39),
('2011-06-01', '0000-00-00', 9850, 123, 31),
('2012-08-01', '0000-00-00', 9846, 269, 56),
('1994-08-01', '0000-00-00', 9845, 788, 26),
('1993-04-01', '0000-00-00', 9842, 702, 67),
('2010-05-01', '0000-00-00', 9842, 379, 96),
('1993-08-01', '1997-09-30', 9837, 787, 14),
('1997-02-01', '2005-08-31', 9826, 885, 12),
('2006-03-01', '2008-02-29', 9822, 693, 62),
('2001-07-01', '0000-00-00', 9818, 46, 3),
('2004-11-01', '0000-00-00', 9818, 989, 63),
('2005-12-01', '2006-11-30', 9815, 968, 9),
('2008-10-01', '0000-00-00', 9812, 715, 92),
('1980-06-01', '1988-10-31', 9803, 132, 64),
('2001-05-01', '0000-00-00', 9802, 11, 22),
('2007-08-01', '2009-04-30', 9798, 784, 58),
('1986-10-01', '1996-01-31', 9796, 457, 2),
('2003-04-01', '0000-00-00', 9794, 838, 86),
('2007-04-01', '2009-09-30', 9789, 871, 42),
('2008-12-01', '0000-00-00', 9785, 13, 86),
('2002-07-01', '0000-00-00', 9784, 87, 36),
('2009-04-01', '0000-00-00', 9781, 648, 9),
('1994-10-01', '2001-04-30', 9776, 994, 73),
('2002-01-01', '2005-12-31', 9774, 779, 36),
('2002-07-01', '2005-06-30', 9768, 550, 20),
('2007-09-01', '0000-00-00', 9767, 52, 85),
('2007-12-01', '2009-04-30', 9767, 811, 31),
('1991-01-01', '1998-08-31', 9764, 339, 67),
('2005-01-01', '2009-07-31', 9759, 553, 85),
('1981-04-01', '1997-09-30', 9758, 706, 4),
('2000-11-01', '2007-10-31', 9754, 167, 3),
('2002-07-01', '0000-00-00', 9754, 886, 72),
('1995-04-01', '0000-00-00', 9752, 781, 57),
('1980-09-01', '1987-06-30', 9751, 312, 35),
('1993-09-01', '1997-10-31', 9749, 288, 8),
('2008-03-01', '0000-00-00', 9747, 564, 5),
('1992-10-01', '2003-09-30', 9746, 363, 30),
('1980-07-01', '1986-02-28', 9745, 588, 22),
('2008-10-01', '2009-12-31', 9744, 275, 86),
('1995-02-01', '1998-11-30', 9742, 338, 86),
('1999-02-01', '0000-00-00', 9741, 856, 60),
('1998-06-01', '2003-07-31', 9741, 154, 96),
('1992-02-01', '1995-09-30', 9740, 972, 23),
('2010-10-01', '0000-00-00', 9735, 950, 33),
('2011-04-01', '2012-03-31', 9724, 926, 65),
('2003-11-01', '0000-00-00', 9722, 930, 79),
('2000-01-01', '2006-12-31', 9722, 262, 95),
('2003-04-01', '0000-00-00', 9720, 918, 2),
('2012-12-01', '0000-00-00', 9714, 809, 96),
('2011-09-01', '0000-00-00', 9709, 31, 12),
('2003-11-01', '2005-07-31', 9708, 403, 32),
('2001-11-01', '2005-01-31', 9708, 356, 16),
('1990-05-01', '1998-06-30', 9707, 525, 96),
('1973-01-01', '0000-00-00', 9701, 468, 31),
('2008-03-01', '2010-05-31', 9695, 360, 95),
('2009-04-01', '0000-00-00', 9691, 361, 20),
('2008-07-01', '0000-00-00', 9689, 916, 94),
('2011-06-01', '2012-01-31', 9688, 774, 94),
('2005-11-01', '2007-12-31', 9687, 473, 95),
('2013-09-01', '0000-00-00', 9679, 24, 81),
('2010-07-01', '2011-09-30', 9675, 319, 18),
('2005-06-01', '2009-12-31', 9671, 780, 29),
('2002-07-01', '0000-00-00', 9671, 719, 71),
('2011-09-01', '2012-10-31', 9670, 984, 98),
('1999-08-01', '2006-11-30', 9663, 536, 2),
('1999-02-01', '2004-01-31', 9662, 105, 70),
('2001-03-01', '2005-08-31', 9661, 23, 13),
('1970-12-01', '1985-07-31', 9660, 296, 17),
('2000-11-01', '2005-04-30', 9660, 878, 23),
('2012-06-01', '0000-00-00', 9657, 959, 29),
('2002-09-01', '2006-08-31', 9653, 444, 64),
('2009-08-01', '0000-00-00', 9653, 895, 87),
('1996-08-01', '0000-00-00', 9651, 700, 46),
('2010-04-01', '2011-07-31', 9648, 207, 33),
('1994-10-01', '2004-06-30', 9648, 515, 14),
('1986-01-01', '1993-03-31', 9647, 265, 3),
('2002-12-01', '2008-11-30', 9645, 736, 19),
('1994-03-01', '1999-02-28', 9644, 537, 89),
('1990-09-01', '1998-08-31', 9641, 485, 19),
('2005-10-01', '2009-11-30', 9637, 763, 72),
('1991-06-01', '1998-12-31', 9637, 362, 56),
('2013-01-01', '2013-04-30', 9633, 691, 86),
('2012-12-01', '0000-00-00', 9633, 207, 10),
('2009-07-01', '2011-02-28', 9632, 260, 75),
('1992-06-01', '1997-12-31', 9630, 995, 86),
('2006-11-01', '2010-10-31', 9628, 287, 23),
('1989-10-01', '1994-09-30', 9626, 757, 42),
('2005-02-01', '2007-04-30', 9625, 965, 98),
('1970-11-01', '1985-06-30', 9622, 165, 97),
('1979-09-01', '1988-06-30', 9622, 718, 35),
('1997-02-01', '2005-09-30', 9618, 889, 29),
('1996-06-01', '2002-05-31', 9605, 483, 93),
('1995-10-01', '2005-01-31', 9602, 8, 73),
('2012-01-01', '0000-00-00', 9596, 4, 83),
('2002-06-01', '0000-00-00', 9592, 297, 94),
('1994-11-01', '1999-10-31', 9591, 120, 42),
('2000-04-01', '2003-01-31', 9590, 163, 22),
('2013-09-01', '0000-00-00', 9588, 601, 29),
('1999-09-01', '0000-00-00', 9582, 823, 78),
('2002-09-01', '2006-05-31', 9582, 743, 34),
('1998-02-01', '2002-03-31', 9581, 158, 64),
('1987-03-01', '2000-10-31', 9576, 523, 43),
('1984-02-01', '1990-03-31', 9560, 715, 87),
('2011-12-01', '0000-00-00', 9555, 369, 55),
('1995-12-01', '0000-00-00', 9552, 245, 60),
('2011-09-01', '2012-11-30', 9545, 574, 17),
('2012-01-01', '0000-00-00', 9539, 489, 90),
('2005-08-01', '0000-00-00', 9530, 344, 8),
('2012-10-01', '2013-07-31', 9529, 547, 14),
('2009-02-01', '2011-09-30', 9527, 695, 15),
('2006-01-01', '2009-12-31', 9526, 779, 69),
('1999-05-01', '2004-04-30', 9522, 373, 11),
('1998-12-01', '2002-11-30', 9520, 896, 9),
('2011-08-01', '0000-00-00', 9515, 810, 7),
('2011-08-01', '2013-02-28', 9514, 879, 69),
('2007-12-01', '0000-00-00', 9513, 821, 51),
('1979-08-01', '1996-12-31', 9510, 971, 96),
('2010-11-01', '0000-00-00', 9510, 955, 3),
('1995-09-01', '2001-10-31', 9509, 948, 80),
('2004-06-01', '2007-11-30', 9496, 808, 60),
('1981-08-01', '1989-10-31', 9488, 422, 25),
('2005-08-01', '0000-00-00', 9487, 464, 97),
('1990-04-01', '2002-03-31', 9486, 941, 5),
('1989-12-01', '1996-01-31', 9483, 300, 52),
('2006-07-01', '0000-00-00', 9478, 434, 2),
('1997-03-01', '2005-09-30', 9478, 208, 65),
('1997-04-01', '2005-11-30', 9477, 408, 66),
('2010-11-01', '0000-00-00', 9476, 577, 55),
('2003-01-01', '2005-09-30', 9475, 395, 59),
('1992-10-01', '1999-12-31', 9469, 540, 92),
('1987-05-01', '1996-04-30', 9462, 397, 60),
('2011-08-01', '0000-00-00', 9458, 356, 89),
('1975-01-01', '1994-06-30', 9454, 282, 95),
('2002-01-01', '2008-02-29', 9446, 218, 21),
('2012-03-01', '2012-06-30', 9446, 99, 95),
('2013-03-01', '2013-06-30', 9446, 99, 5),
('2012-01-01', '2012-10-31', 9445, 436, 27),
('1975-03-01', '1994-08-31', 9445, 934, 34),
('1997-07-01', '2003-04-30', 9445, 371, 95),
('1981-04-01', '1987-10-31', 9444, 739, 28),
('2011-06-01', '2013-02-28', 9443, 820, 64),
('2005-03-01', '2009-09-30', 9435, 189, 67),
('2008-12-01', '0000-00-00', 9435, 736, 68),
('2001-02-01', '0000-00-00', 9432, 80, 95),
('2005-08-01', '0000-00-00', 9427, 16, 96),
('2005-12-01', '2008-09-30', 9427, 163, 76),
('2000-01-01', '2004-09-30', 9423, 975, 24),
('2005-10-01', '0000-00-00', 9421, 889, 54),
('2008-10-01', '0000-00-00', 9406, 484, 45),
('2012-05-01', '0000-00-00', 9404, 967, 58),
('1995-12-01', '0000-00-00', 9403, 795, 7),
('2009-05-01', '0000-00-00', 9403, 554, 89),
('1993-05-01', '2004-01-31', 9400, 993, 33),
('2011-05-01', '2012-02-29', 9400, 72, 37),
('2004-03-01', '0000-00-00', 9392, 927, 36),
('2006-03-01', '2010-04-30', 9391, 787, 17),
('1990-07-01', '1998-06-30', 9388, 518, 88),
('2010-05-01', '2012-04-30', 9387, 3, 15),
('1995-05-01', '2005-01-31', 9386, 285, 80),
('2006-08-01', '2008-07-31', 9386, 752, 47),
('2000-01-01', '2006-12-31', 9378, 326, 77),
('2010-10-01', '0000-00-00', 9378, 529, 36),
('2005-02-01', '0000-00-00', 9377, 157, 86),
('1981-06-01', '1986-02-28', 9377, 559, 15),
('2011-11-01', '0000-00-00', 9370, 84, 95),
('1980-12-01', '1986-07-31', 9362, 361, 68),
('1998-07-01', '2006-06-30', 9358, 108, 66),
('2001-11-01', '2008-04-30', 9357, 668, 21),
('2012-06-01', '2013-05-31', 9353, 78, 93),
('2007-11-01', '2009-07-31', 9349, 654, 43),
('2007-05-01', '0000-00-00', 9346, 329, 51),
('2004-07-01', '2009-08-31', 9343, 27, 27),
('2009-10-01', '0000-00-00', 9342, 400, 29),
('2013-05-01', '2013-08-31', 9340, 691, 87),
('1999-01-01', '2006-08-31', 9339, 314, 95),
('2009-02-01', '2010-07-31', 9336, 729, 49),
('1995-10-01', '1999-05-31', 9335, 972, 42),
('1974-10-01', '1982-09-30', 9335, 201, 76),
('2002-05-01', '0000-00-00', 9329, 532, 71),
('2008-01-01', '0000-00-00', 9324, 833, 44),
('1984-05-01', '1999-04-30', 9320, 541, 9),
('2006-01-01', '2007-12-31', 9320, 70, 40),
('1998-05-01', '2001-06-30', 9319, 372, 36),
('2011-04-01', '2012-03-31', 9316, 596, 37),
('2010-09-01', '2011-12-31', 9315, 727, 24),
('2007-12-01', '2008-11-30', 9315, 870, 65),
('2009-10-01', '2011-04-30', 9314, 583, 70),
('1985-01-01', '1994-09-30', 9313, 535, 53),
('2008-08-01', '0000-00-00', 9312, 381, 76),
('2002-12-01', '2008-08-31', 9310, 171, 4),
('2009-12-01', '2012-01-31', 9305, 200, 75),
('1979-05-01', '1988-01-31', 9305, 664, 87),
('2001-05-01', '2003-10-31', 9302, 522, 86),
('2014-04-01', '0000-00-00', 9300, 509, 30),
('1975-07-01', '1985-03-31', 9299, 947, 2),
('1991-08-01', '2002-11-30', 9297, 55, 15),
('2010-03-01', '2012-02-29', 9294, 748, 63),
('1990-11-01', '1995-08-31', 9290, 308, 72),
('1998-06-01', '0000-00-00', 9287, 155, 39),
('1994-09-01', '1999-08-31', 9287, 470, 59),
('1991-02-01', '1996-10-31', 9277, 142, 12),
('2012-09-01', '0000-00-00', 9276, 429, 50),
('2008-07-01', '2011-08-31', 9276, 54, 10),
('2002-11-01', '0000-00-00', 9274, 531, 82),
('2010-03-01', '2011-06-30', 9272, 511, 56),
('1996-06-01', '2002-07-31', 9270, 81, 34),
('2013-01-01', '2013-11-30', 9269, 931, 60),
('1989-11-01', '1997-12-31', 9266, 422, 30),
('2009-09-01', '2011-10-31', 9264, 12, 35),
('1992-04-01', '1997-09-30', 9263, 472, 91),
('2001-04-01', '2007-11-30', 9257, 431, 82),
('1997-10-01', '2001-02-28', 9255, 43, 71),
('1980-08-01', '1987-05-31', 9254, 770, 30),
('1990-06-01', '2002-05-31', 9252, 622, 41),
('1998-07-01', '2003-11-30', 9250, 554, 64),
('1994-01-01', '2000-08-31', 9249, 337, 64),
('2002-09-01', '0000-00-00', 9242, 610, 37),
('1992-12-01', '2000-02-29', 9241, 640, 97),
('1996-03-01', '2002-02-28', 9240, 247, 45),
('2011-11-01', '0000-00-00', 9240, 17, 15),
('2005-10-01', '2010-01-31', 9229, 233, 43),
('2004-02-01', '2005-09-30', 9229, 323, 61),
('1982-06-01', '1990-05-31', 9228, 964, 76),
('1972-02-01', '1993-01-31', 9227, 248, 39),
('2007-06-01', '0000-00-00', 9226, 835, 61),
('2009-09-01', '2011-02-28', 9223, 922, 20),
('2011-04-01', '2011-11-30', 9216, 677, 7),
('2007-06-01', '0000-00-00', 9215, 640, 67),
('2011-06-01', '2011-09-30', 9208, 601, 18),
('1973-03-01', '1983-05-31', 9207, 893, 66),
('2002-05-01', '2008-04-30', 9202, 178, 11),
('2006-06-01', '2010-05-31', 9202, 653, 13),
('1997-06-01', '2000-09-30', 9201, 689, 22),
('2009-12-01', '2012-05-31', 9200, 284, 11),
('2012-10-01', '2013-05-31', 9200, 774, 71),
('1986-11-01', '1993-10-31', 9199, 167, 34),
('2010-07-01', '2011-04-30', 9199, 767, 65),
('2002-03-01', '2008-02-29', 9198, 247, 46),
('1990-06-01', '1998-04-30', 9196, 964, 40),
('2001-04-01', '0000-00-00', 9194, 726, 67),
('1981-10-01', '1998-03-31', 9192, 638, 7),
('2011-11-01', '2012-12-31', 9191, 908, 96),
('2005-09-01', '0000-00-00', 9185, 692, 82),
('1993-05-01', '2004-01-31', 9183, 826, 62),
('1998-07-01', '2006-03-31', 9181, 389, 61),
('2007-08-01', '0000-00-00', 9175, 739, 63),
('1995-05-01', '2001-08-31', 9172, 415, 80),
('1992-02-01', '1999-05-31', 9170, 497, 98),
('2004-09-01', '2009-08-31', 9168, 161, 58),
('1976-10-01', '1986-03-31', 9163, 202, 90),
('1998-09-01', '2002-06-30', 9157, 488, 6),
('2003-12-01', '0000-00-00', 9156, 894, 2),
('2010-07-01', '0000-00-00', 9155, 684, 94),
('1978-04-01', '1996-03-31', 9148, 708, 76),
('1999-09-01', '2004-08-31', 9148, 161, 46),
('2010-01-01', '2011-12-31', 9141, 905, 65),
('2006-09-01', '2008-08-31', 9140, 429, 51),
('2012-10-01', '0000-00-00', 9138, 969, 24),
('2013-05-01', '2013-12-31', 9136, 830, 28),
('2007-09-01', '2010-11-30', 9135, 542, 20),
('2003-10-01', '0000-00-00', 9134, 19, 13),
('1987-01-01', '1990-10-31', 9133, 591, 85),
('2010-11-01', '0000-00-00', 9128, 683, 59),
('1997-11-01', '2002-01-31', 9127, 796, 81),
('2007-01-01', '2010-06-30', 9127, 684, 18),
('1985-08-01', '1995-03-31', 9126, 94, 71),
('1993-04-01', '2000-02-29', 9125, 543, 51),
('2010-07-01', '2012-06-30', 9119, 579, 75),
('2005-02-01', '0000-00-00', 9117, 125, 16),
('2000-01-01', '2004-10-31', 9115, 572, 31),
('1970-12-01', '1981-11-30', 9103, 894, 69),
('1999-03-01', '2006-11-30', 9095, 883, 21),
('2007-09-01', '0000-00-00', 9091, 508, 57),
('2013-05-01', '0000-00-00', 9088, 727, 37),
('2008-06-01', '2011-03-31', 9086, 259, 4),
('2012-05-01', '2012-10-31', 9078, 703, 48),
('2003-04-01', '2005-01-31', 9077, 980, 53),
('2013-12-01', '0000-00-00', 9076, 966, 54),
('2003-06-01', '2007-01-31', 9072, 20, 75),
('1999-08-01', '2004-07-31', 9059, 843, 37),
('2007-07-01', '2010-11-30', 9059, 228, 96),
('2009-10-01', '2011-12-31', 9058, 489, 46),
('1998-11-01', '2006-07-31', 9057, 667, 18),
('1998-11-01', '2006-07-31', 9056, 772, 50),
('1986-08-01', '1995-10-31', 9056, 125, 21),
('2005-02-01', '2008-01-31', 9056, 175, 11),
('2010-08-01', '2011-12-31', 9055, 729, 18),
('1987-09-01', '2001-02-28', 9054, 396, 39),
('1997-11-01', '2003-06-30', 9054, 606, 43),
('1978-07-01', '1990-06-30', 9050, 886, 90),
('1997-03-01', '1999-12-31', 9049, 857, 29),
('2012-06-01', '0000-00-00', 9049, 738, 66),
('1977-07-01', '1989-10-31', 9048, 39, 65),
('2012-08-01', '2013-01-31', 9048, 696, 53),
('1986-03-01', '0000-00-00', 9035, 761, 49),
('1994-07-01', '2004-06-30', 9034, 818, 60),
('1983-03-01', '1990-11-30', 9034, 234, 71),
('1994-12-01', '0000-00-00', 9032, 824, 96),
('1996-04-01', '2002-03-31', 9030, 471, 63),
('1994-10-01', '2004-05-31', 9025, 721, 78),
('2007-05-01', '2009-07-31', 9024, 887, 79),
('2011-03-01', '0000-00-00', 9023, 419, 33),
('1988-05-01', '1992-08-31', 9022, 191, 64),
('2004-02-01', '2009-01-31', 9022, 556, 68),
('2008-01-01', '0000-00-00', 9022, 354, 87),
('1998-07-01', '0000-00-00', 9016, 658, 26),
('2008-01-01', '2011-03-31', 9016, 109, 87),
('2008-09-01', '2011-04-30', 9014, 615, 86),
('1988-04-01', '1996-12-31', 9009, 298, 64),
('1998-03-01', '2006-02-28', 9007, 117, 90),
('1971-02-01', '1978-03-31', 9006, 195, 66),
('2013-02-01', '2013-07-31', 9001, 696, 22),
('2006-12-01', '2007-11-30', 9000, 870, 65),
('1978-05-01', '1985-07-31', 8998, 358, 56),
('1992-01-01', '2002-12-31', 8996, 29, 60),
('2013-03-01', '2013-06-30', 8996, 688, 17),
('1998-07-01', '2006-06-30', 8995, 375, 65),
('2010-03-01', '2012-02-29', 8992, 693, 76),
('1994-12-01', '1999-11-30', 8990, 817, 34),
('2000-12-01', '2003-07-31', 8990, 482, 39),
('1995-10-01', '2001-11-30', 8987, 286, 92),
('2002-01-01', '2008-03-31', 8987, 364, 37),
('1988-07-01', '1997-01-31', 8986, 889, 35),
('2013-08-01', '0000-00-00', 8979, 589, 73),
('2005-10-01', '2007-06-30', 8973, 232, 26),
('1975-04-01', '1984-12-31', 8971, 535, 85),
('2013-01-01', '0000-00-00', 8965, 475, 18),
('2009-06-01', '2010-07-31', 8963, 267, 78),
('2000-07-01', '0000-00-00', 8962, 90, 86),
('2009-01-01', '2011-06-30', 8956, 670, 72),
('2008-11-01', '2010-07-31', 8954, 481, 75),
('1985-07-01', '1990-04-30', 8953, 572, 2),
('2010-05-01', '2011-08-31', 8950, 475, 77),
('1992-10-01', '1998-02-28', 8944, 986, 29),
('2006-07-01', '0000-00-00', 8943, 375, 92),
('2002-10-01', '2005-09-30', 8937, 907, 58),
('1994-11-01', '2001-06-30', 8936, 662, 48),
('1997-02-01', '2005-07-31', 8932, 949, 87),
('1995-02-01', '2004-07-31', 8928, 251, 93),
('1991-05-01', '1995-11-30', 8919, 553, 55),
('2006-04-01', '0000-00-00', 8919, 414, 63),
('2000-11-01', '0000-00-00', 8916, 456, 19),
('1994-09-01', '2004-08-31', 8914, 256, 93),
('2002-10-01', '0000-00-00', 8914, 560, 2),
('1998-10-01', '2002-09-30', 8908, 836, 20),
('2011-06-01', '2012-01-31', 8906, 813, 84),
('2008-10-01', '2010-09-30', 8904, 82, 87),
('1994-03-01', '1999-02-28', 8903, 970, 56),
('2002-08-01', '2008-08-31', 8903, 81, 91),
('1997-08-01', '0000-00-00', 8902, 376, 10),
('2000-08-01', '2007-07-31', 8901, 656, 66),
('2004-03-01', '2006-08-31', 8899, 657, 23),
('2006-11-01', '2010-10-31', 8892, 534, 28),
('1994-11-01', '1998-02-28', 8890, 109, 59),
('2010-12-01', '2011-09-30', 8890, 717, 48),
('2007-02-01', '2008-10-31', 8882, 481, 50),
('1974-11-01', '1984-09-30', 8881, 491, 30),
('2012-08-01', '0000-00-00', 8877, 752, 64),
('1998-09-01', '2006-08-31', 8876, 485, 24),
('2002-01-01', '2006-02-28', 8876, 787, 19),
('1992-08-01', '1998-01-31', 8874, 987, 81),
('2006-10-01', '2008-04-30', 8873, 879, 26),
('2005-09-01', '2009-12-31', 8872, 191, 91),
('2004-03-01', '2009-02-28', 8868, 537, 59),
('1993-02-01', '0000-00-00', 8865, 248, 45),
('1999-06-01', '2003-02-28', 8863, 929, 28),
('1999-10-01', '2007-02-28', 8862, 807, 16),
('1992-05-01', '2003-03-31', 8851, 278, 23),
('2004-10-01', '0000-00-00', 8846, 491, 65),
('2002-01-01', '0000-00-00', 8844, 226, 53),
('2009-07-01', '2010-08-31', 8839, 908, 91),
('2009-10-01', '0000-00-00', 8830, 433, 44),
('2001-11-01', '2007-11-30', 8829, 948, 57),
('2009-05-01', '2011-01-31', 8828, 367, 23),
('2011-11-01', '0000-00-00', 8826, 113, 50),
('2006-02-01', '0000-00-00', 8824, 718, 58),
('2008-06-01', '0000-00-00', 8823, 940, 66),
('2004-03-01', '2009-02-28', 8820, 970, 70),
('2001-01-01', '2007-07-31', 8817, 739, 70),
('2008-03-01', '2010-02-28', 8817, 942, 76),
('1993-03-01', '1998-05-31', 8816, 42, 24),
('1971-03-01', '1979-09-30', 8805, 16, 57),
('1999-07-01', '2001-04-30', 8801, 370, 69),
('2009-08-01', '2012-01-31', 8801, 841, 74),
('2001-03-01', '2005-08-31', 8799, 437, 11),
('1985-12-01', '0000-00-00', 8793, 741, 75),
('2010-02-01', '2010-09-30', 8787, 459, 34),
('2012-08-01', '0000-00-00', 8774, 370, 57),
('1978-06-01', '1990-05-31', 8770, 622, 72),
('2005-09-01', '2008-05-31', 8768, 259, 48),
('2000-04-01', '0000-00-00', 8763, 97, 52),
('2013-12-01', '0000-00-00', 8761, 870, 26),
('2010-11-01', '0000-00-00', 8761, 896, 66),
('2009-03-01', '0000-00-00', 8757, 328, 4),
('2002-04-01', '2008-03-31', 8756, 471, 71),
('1994-05-01', '2001-02-28', 8755, 312, 61),
('2003-05-01', '0000-00-00', 8754, 944, 15),
('2009-06-01', '0000-00-00', 8752, 111, 57),
('2007-12-01', '0000-00-00', 8749, 646, 62),
('1987-07-01', '1994-04-30', 8748, 312, 78),
('1998-04-01', '2000-11-30', 8745, 482, 62),
('2010-06-01', '2011-03-31', 8745, 436, 80),
('2005-02-01', '2006-11-30', 8743, 370, 30),
('2007-06-01', '2011-02-28', 8739, 271, 87),
('2009-12-01', '2010-11-30', 8732, 870, 59),
('1991-12-01', '1996-05-31', 8729, 229, 51),
('1996-12-01', '2002-08-31', 8723, 880, 74),
('1987-05-01', '1992-09-30', 8716, 986, 41),
('1979-08-01', '0000-00-00', 8715, 177, 59),
('2012-12-01', '2013-11-30', 8715, 118, 79),
('1996-09-01', '2001-02-28', 8713, 437, 37),
('1987-11-01', '2001-04-30', 8712, 11, 81),
('1997-11-01', '2006-04-30', 8707, 552, 9),
('1988-05-01', '1996-11-30', 8704, 145, 52),
('2009-05-01', '0000-00-00', 8698, 373, 54),
('2010-04-01', '0000-00-00', 8696, 616, 89),
('1992-08-01', '2003-07-31', 8694, 756, 64),
('2007-03-01', '2009-06-30', 8693, 103, 6),
('1972-07-01', '1986-06-30', 8692, 85, 3),
('2004-06-01', '2009-08-31', 8690, 845, 59),
('2009-03-01', '2010-05-31', 8690, 574, 9),
('1993-04-01', '2000-05-31', 8689, 265, 79),
('1972-01-01', '1980-05-31', 8687, 132, 84),
('1997-04-01', '2001-06-30', 8676, 686, 91),
('2005-11-01', '2008-08-31', 8675, 385, 69),
('1994-04-01', '0000-00-00', 8674, 635, 23),
('2005-06-01', '0000-00-00', 8664, 802, 79),
('2008-03-01', '2010-05-31', 8664, 211, 64),
('2003-08-01', '0000-00-00', 8664, 280, 57),
('1992-06-01', '1999-09-30', 8664, 807, 79),
('1988-04-01', '2001-03-31', 8662, 548, 26),
('1985-12-01', '1995-05-31', 8662, 989, 70),
('1989-10-01', '2002-03-31', 8662, 124, 24),
('2011-02-01', '0000-00-00', 8661, 372, 94),
('2004-10-01', '2007-03-31', 8648, 871, 22),
('2012-03-01', '0000-00-00', 8644, 749, 88),
('1994-03-01', '2000-11-30', 8643, 194, 76),
('2000-07-01', '2004-12-31', 8643, 553, 86),
('2006-09-01', '0000-00-00', 8639, 773, 70),
('2008-03-01', '2009-05-31', 8638, 267, 25),
('2002-06-01', '0000-00-00', 8637, 622, 41),
('1999-08-01', '2006-10-31', 8636, 633, 62),
('2009-03-01', '0000-00-00', 8631, 411, 12),
('2011-02-01', '2012-01-31', 8630, 516, 95),
('1981-03-01', '1992-02-29', 8629, 1, 54),
('1980-12-01', '1997-11-30', 8627, 744, 45),
('2012-03-01', '0000-00-00', 8625, 748, 74),
('2010-08-01', '2011-04-30', 8624, 72, 35),
('2003-07-01', '2009-02-28', 8622, 606, 17),
('1995-04-01', '2004-09-30', 8620, 216, 35),
('1999-03-01', '2004-05-31', 8612, 845, 91),
('2001-06-01', '2005-11-30', 8612, 246, 12),
('2011-05-01', '2012-08-31', 8611, 243, 37),
('2009-04-01', '0000-00-00', 8609, 995, 95),
('1972-07-01', '1986-06-30', 8606, 854, 42),
('2001-05-01', '2005-08-31', 8603, 789, 53),
('2013-11-01', '0000-00-00', 8600, 813, 46),
('2005-02-01', '0000-00-00', 8596, 8, 28),
('2001-04-01', '2007-10-31', 8594, 974, 80),
('2000-04-01', '2007-03-31', 8594, 760, 81),
('2012-08-01', '0000-00-00', 8594, 403, 70),
('1997-05-01', '2002-12-31', 8591, 68, 18),
('2002-11-01', '2005-08-31', 8591, 259, 36),
('1989-06-01', '1995-07-31', 8588, 331, 71),
('1993-03-01', '2000-02-29', 8585, 127, 35),
('1975-07-01', '1994-12-31', 8583, 5, 53),
('2011-06-01', '0000-00-00', 8579, 62, 56),
('2006-11-01', '2010-10-31', 8577, 896, 12),
('2010-07-01', '2011-08-31', 8577, 984, 39),
('2012-09-01', '2013-02-28', 8573, 623, 70),
('1999-10-01', '0000-00-00', 8573, 452, 71),
('2001-08-01', '2004-10-31', 8570, 22, 58),
('1970-03-01', '1992-02-29', 8567, 626, 69),
('1989-03-01', '1994-02-28', 8563, 185, 36),
('1976-02-01', '1988-09-30', 8563, 213, 77),
('2014-03-01', '0000-00-00', 8563, 575, 14),
('2006-06-01', '0000-00-00', 8561, 466, 13),
('2003-09-01', '0000-00-00', 8557, 868, 58),
('1982-09-01', '1993-02-28', 8556, 755, 76),
('2008-05-01', '0000-00-00', 8552, 398, 48),
('1985-04-01', '1994-12-31', 8546, 947, 51),
('2010-05-01', '2012-06-30', 8546, 473, 62),
('1982-04-01', '1998-03-31', 8545, 561, 18),
('2007-09-01', '2009-01-31', 8544, 729, 66),
('2002-03-01', '0000-00-00', 8531, 625, 48),
('2012-10-01', '2013-09-30', 8523, 611, 25),
('1990-10-01', '1994-09-30', 8520, 836, 60),
('1993-09-01', '2003-12-31', 8516, 93, 40),
('2008-09-01', '2009-10-31', 8516, 973, 41),
('2011-10-01', '2013-01-31', 8515, 651, 18),
('1994-01-01', '1998-12-31', 8512, 423, 5),
('1993-03-01', '2003-11-30', 8510, 50, 93),
('2013-07-01', '2013-11-30', 8509, 505, 93),
('2007-04-01', '2010-07-31', 8508, 168, 5),
('1992-09-01', '2003-05-31', 8505, 737, 27),
('1989-07-01', '1995-09-30', 8501, 364, 68),
('2000-03-01', '2007-02-28', 8498, 101, 83),
('2010-08-01', '2012-04-30', 8498, 481, 57),
('2010-01-01', '0000-00-00', 8497, 904, 95),
('2009-06-01', '2011-02-28', 8495, 500, 66),
('2004-10-01', '0000-00-00', 8494, 947, 34),
('2012-02-01', '2012-10-31', 8493, 76, 33),
('1995-01-01', '0000-00-00', 8492, 5, 16),
('1987-12-01', '1992-05-31', 8489, 682, 16),
('2007-05-01', '2008-12-31', 8482, 901, 56),
('2010-07-01', '2011-03-31', 8482, 677, 46),
('1978-03-01', '1984-02-29', 8481, 564, 83),
('2013-06-01', '0000-00-00', 8477, 131, 93),
('1978-04-01', '1985-05-31', 8476, 665, 39),
('1987-09-01', '1992-02-29', 8475, 23, 61),
('1976-04-01', '1985-09-30', 8473, 216, 72),
('1999-06-01', '0000-00-00', 8469, 253, 20),
('1990-10-01', '2002-09-30', 8468, 560, 12),
('1995-04-01', '2001-07-31', 8464, 646, 76),
('2008-04-01', '0000-00-00', 8456, 675, 74),
('2010-12-01', '0000-00-00', 8452, 390, 12),
('2008-12-01', '2010-11-30', 8449, 809, 44),
('1981-03-01', '0000-00-00', 8447, 792, 50),
('2003-06-01', '2007-01-31', 8444, 950, 73),
('2013-01-01', '0000-00-00', 8442, 75, 77),
('2005-08-01', '2007-04-30', 8442, 403, 98),
('2003-04-01', '2008-09-30', 8439, 472, 2),
('2012-09-01', '2013-01-31', 8437, 505, 80),
('1997-08-01', '2003-03-31', 8428, 38, 37),
('2003-08-01', '2008-10-31', 8426, 154, 32),
('2005-06-01', '2007-02-28', 8424, 36, 9),
('2005-06-01', '0000-00-00', 8421, 939, 70),
('2005-03-01', '0000-00-00', 8421, 587, 67),
('2012-02-01', '2012-09-30', 8420, 774, 94),
('2010-07-01', '0000-00-00', 8419, 988, 19),
('1996-06-01', '0000-00-00', 8419, 405, 86),
('1999-04-01', '2004-03-31', 8415, 305, 13),
('2003-01-01', '0000-00-00', 8415, 29, 36),
('2005-07-01', '0000-00-00', 8412, 417, 82),
('1989-07-01', '1995-08-31', 8411, 948, 71),
('2008-06-01', '2009-12-31', 8410, 34, 12),
('2005-02-01', '0000-00-00', 8410, 521, 18),
('1986-03-01', '1991-10-31', 8408, 588, 57),
('1975-05-01', '1984-12-31', 8408, 515, 94),
('1977-07-01', '1989-10-31', 8403, 625, 94),
('2004-11-01', '0000-00-00', 8396, 306, 2),
('2010-07-01', '2012-08-31', 8395, 888, 62),
('1999-11-01', '2004-10-31', 8394, 420, 72),
('2000-04-01', '2004-12-31', 8392, 559, 38),
('1989-12-01', '2002-05-31', 8386, 493, 67),
('1981-08-01', '1992-07-31', 8384, 756, 16),
('1973-02-01', '1993-07-31', 8383, 58, 79),
('1996-01-01', '2002-02-28', 8383, 701, 27),
('2000-01-01', '2002-11-30', 8378, 857, 90),
('2000-11-01', '2005-04-30', 8377, 928, 24),
('2004-08-01', '2009-07-31', 8376, 843, 20),
('1992-07-01', '1999-10-31', 8376, 642, 62),
('1970-02-01', '1992-01-31', 8376, 983, 60),
('1979-06-01', '1991-01-31', 8375, 507, 62),
('1984-07-01', '1999-06-30', 8371, 152, 11),
('1983-10-01', '1991-06-30', 8367, 146, 69),
('1987-01-01', '2000-06-30', 8367, 440, 10),
('1999-12-01', '2004-10-31', 8365, 380, 16),
('2008-03-01', '0000-00-00', 8364, 181, 17),
('2001-08-01', '2005-09-30', 8363, 763, 96),
('1986-01-01', '1999-12-31', 8362, 214, 54),
('1981-01-01', '1989-04-30', 8360, 435, 4),
('1998-03-01', '2002-02-28', 8357, 239, 67),
('1982-07-01', '1998-06-30', 8355, 658, 42),
('1984-01-01', '1994-03-31', 8354, 9, 22),
('1977-04-01', '1995-09-30', 8352, 1000, 95),
('1990-12-01', '1996-11-30', 8347, 736, 98),
('1999-10-01', '0000-00-00', 8344, 340, 33),
('1988-09-01', '0000-00-00', 8344, 220, 74),
('1971-09-01', '1982-05-31', 8343, 50, 93),
('2013-01-01', '0000-00-00', 8342, 915, 30),
('2008-07-01', '2011-06-30', 8338, 550, 27),
('2009-04-01', '2011-09-30', 8336, 116, 80),
('1996-05-01', '2005-07-31', 8328, 464, 79),
('2007-03-01', '0000-00-00', 8318, 127, 76),
('2010-05-01', '0000-00-00', 8307, 787, 77),
('1989-07-01', '2001-10-31', 8304, 694, 10),
('2012-12-01', '2013-11-30', 8302, 968, 60),
('2005-07-01', '0000-00-00', 8301, 145, 18),
('2008-04-01', '0000-00-00', 8297, 364, 84),
('2004-06-01', '0000-00-00', 8294, 775, 88),
('1997-06-01', '2000-03-31', 8294, 163, 47),
('2001-07-01', '2005-09-30', 8292, 129, 5),
('1997-10-01', '2006-02-28', 8292, 435, 16),
('2007-02-01', '2009-08-31', 8286, 704, 78),
('1993-11-01', '1998-01-31', 8285, 158, 83),
('2005-08-01', '2010-01-31', 8281, 490, 34),
('2003-04-01', '2004-08-31', 8280, 882, 20),
('1990-10-01', '1996-09-30', 8279, 834, 38),
('1984-12-01', '1990-11-30', 8278, 539, 73),
('2006-12-01', '2008-04-30', 8277, 269, 83),
('2011-02-01', '2012-07-31', 8274, 137, 70),
('2003-01-01', '2008-10-31', 8274, 902, 77),
('1998-05-01', '2001-07-31', 8273, 22, 74),
('2013-06-01', '0000-00-00', 8271, 973, 2),
('2008-08-01', '2009-12-31', 8270, 969, 95),
('1987-12-01', '2001-05-31', 8269, 492, 95),
('2008-05-01', '2010-06-30', 8267, 888, 75),
('2013-08-01', '2014-01-31', 8266, 696, 92),
('2010-06-01', '2012-04-30', 8264, 967, 19),
('1996-03-01', '1998-09-30', 8259, 522, 42),
('2006-09-01', '2008-08-31', 8253, 745, 82),
('1976-06-01', '1985-11-30', 8253, 989, 65),
('1976-02-01', '1983-08-31', 8249, 335, 54),
('2000-06-01', '2003-10-31', 8249, 168, 66),
('1989-09-01', '1994-08-31', 8249, 161, 65),
('2005-05-01', '2009-12-31', 8243, 904, 76),
('1999-03-01', '2004-02-29', 8239, 185, 12),
('2013-02-01', '0000-00-00', 8236, 428, 24),
('2010-03-01', '2010-11-30', 8236, 717, 10),
('1994-05-01', '1999-04-30', 8234, 373, 60),
('2013-11-01', '0000-00-00', 8234, 141, 1),
('1981-01-01', '1991-12-31', 8234, 176, 80),
('2007-05-01', '2010-12-31', 8232, 412, 97),
('1990-11-01', '1998-10-31', 8227, 293, 33),
('2008-11-01', '2010-07-31', 8226, 36, 85),
('2002-10-01', '2008-05-31', 8225, 725, 9),
('2006-05-01', '0000-00-00', 8225, 458, 37),
('1985-06-01', '1989-06-30', 8213, 616, 73),
('1981-07-01', '1997-12-31', 8210, 409, 4),
('2011-08-01', '2013-03-31', 8209, 34, 53),
('2004-09-01', '2009-08-31', 8207, 470, 3),
('2010-01-01', '0000-00-00', 8207, 64, 3),
('2003-09-01', '2007-05-31', 8205, 271, 17),
('2005-05-01', '2008-06-30', 8205, 54, 2),
('1993-09-01', '2000-08-31', 8203, 149, 53),
('2011-03-01', '2012-04-30', 8186, 275, 39),
('1977-03-01', '0000-00-00', 8186, 945, 23),
('1977-12-01', '1996-05-31', 8178, 405, 51),
('2004-07-01', '0000-00-00', 8177, 515, 86),
('2003-10-01', '2009-02-28', 8173, 230, 58),
('2010-12-01', '0000-00-00', 8172, 542, 25),
('2005-03-01', '0000-00-00', 8170, 205, 43),
('2006-12-01', '2007-11-30', 8168, 968, 23),
('2009-11-01', '0000-00-00', 8164, 928, 17),
('1993-09-01', '2004-02-29', 8160, 620, 71),
('1983-05-01', '1993-08-31', 8157, 93, 80),
('1996-05-01', '0000-00-00', 8154, 150, 2),
('1988-09-01', '2001-08-31', 8154, 478, 62),
('2012-05-01', '2012-09-30', 8144, 707, 15),
('2011-03-01', '2012-11-30', 8142, 232, 50),
('1985-04-01', '1999-09-30', 8140, 340, 63),
('2006-12-01', '0000-00-00', 8136, 146, 97),
('2000-10-01', '2004-02-29', 8134, 689, 30),
('2004-03-01', '2007-06-30', 8129, 15, 22),
('2007-01-01', '2008-10-31', 8120, 980, 30),
('2004-11-01', '2009-08-31', 8119, 512, 74),
('1998-09-01', '2003-12-31', 8116, 25, 49),
('1997-07-01', '2005-12-31', 8115, 393, 85),
('1990-10-01', '1998-09-30', 8115, 201, 87),
('2011-04-01', '0000-00-00', 8107, 426, 75),
('1992-02-01', '1999-08-31', 8104, 844, 50),
('2010-03-01', '2011-02-28', 8103, 557, 96),
('1986-09-01', '1993-08-31', 8102, 508, 79),
('1992-12-01', '0000-00-00', 8101, 698, 72),
('1994-06-01', '1997-09-30', 8099, 649, 67),
('2010-07-01', '2011-02-28', 8094, 141, 54),
('2009-06-01', '2012-01-31', 8094, 735, 12),
('2004-10-01', '2009-09-30', 8093, 757, 48),
('1999-03-01', '2006-11-30', 8091, 65, 94),
('2012-05-01', '0000-00-00', 8091, 481, 42),
('1990-12-01', '1998-08-31', 8090, 568, 54),
('1987-12-01', '1996-11-30', 8088, 480, 36),
('1989-09-01', '1995-10-31', 8082, 218, 36),
('1997-06-01', '2001-07-31', 8078, 763, 22),
('1999-04-01', '0000-00-00', 8072, 943, 24),
('2003-06-01', '2007-01-31', 8071, 517, 15),
('1999-11-01', '2004-10-31', 8068, 120, 8),
('1985-11-01', '1993-01-31', 8061, 341, 75),
('1981-09-01', '1988-02-29', 8059, 279, 74),
('2007-02-01', '2010-11-30', 8058, 598, 19),
('2012-04-01', '0000-00-00', 8057, 394, 32),
('2007-05-01', '2011-01-31', 8057, 716, 14),
('1998-02-01', '2002-01-31', 8056, 827, 88),
('1971-10-01', '1980-04-30', 8056, 881, 95),
('1970-11-01', '1985-06-30', 8054, 102, 42),
('1998-05-01', '2003-08-31', 8052, 600, 75),
('2011-05-01', '2012-01-31', 8049, 24, 18),
('2004-10-01', '2009-09-30', 8047, 388, 82),
('2011-05-01', '2012-11-30', 8044, 583, 50),
('2003-03-01', '2006-09-30', 8044, 985, 49),
('1998-03-01', '2006-04-30', 8042, 458, 9),
('2003-08-01', '2007-03-31', 8032, 829, 29),
('1980-03-01', '1991-06-30', 8030, 531, 17),
('1981-05-01', '1992-03-31', 8025, 838, 83),
('2007-10-01', '0000-00-00', 8020, 624, 73),
('1994-12-01', '1998-11-30', 8019, 896, 25),
('2008-06-01', '0000-00-00', 8017, 291, 74),
('2003-09-01', '0000-00-00', 8015, 755, 17),
('2005-12-01', '2010-05-31', 8014, 246, 79),
('2007-03-01', '0000-00-00', 8013, 543, 1),
('1979-06-01', '1985-03-31', 8012, 632, 66),
('2013-09-01', '0000-00-00', 8009, 864, 44),
('1971-05-01', '1992-10-31', 8009, 345, 33),
('2002-09-01', '2006-06-30', 8009, 338, 44),
('2006-10-01', '0000-00-00', 8007, 318, 67),
('2000-01-01', '2003-06-30', 8005, 684, 96),
('2000-05-01', '2007-07-31', 8002, 341, 59),
('1989-12-01', '1994-10-31', 8001, 120, 32),
('1992-02-01', '2003-01-31', 7999, 636, 9),
('1993-08-01', '2000-07-31', 7997, 656, 83),
('1995-02-01', '2004-07-31', 7993, 571, 7),
('1998-03-01', '2003-07-31', 7991, 986, 94),
('2012-01-01', '2012-12-31', 7987, 915, 35),
('2005-08-01', '2007-09-30', 7984, 200, 67),
('2007-03-01', '0000-00-00', 7982, 524, 48),
('1993-09-01', '0000-00-00', 7972, 734, 24),
('2008-11-01', '0000-00-00', 7971, 322, 30),
('2013-08-01', '0000-00-00', 7969, 771, 1),
('2006-03-01', '0000-00-00', 7967, 897, 76),
('1974-03-01', '1987-06-30', 7967, 456, 52),
('2010-08-01', '0000-00-00', 7967, 877, 84),
('2008-04-01', '2009-09-30', 7966, 166, 82),
('2013-01-01', '0000-00-00', 7963, 590, 10),
('1997-01-01', '2001-04-30', 7958, 191, 79),
('2006-12-01', '0000-00-00', 7957, 502, 71),
('2001-01-01', '2003-02-28', 7951, 12, 63),
('1973-07-01', '1987-02-28', 7951, 523, 74),
('2002-04-01', '0000-00-00', 7949, 941, 27),
('2005-07-01', '2010-01-31', 7948, 133, 14),
('2006-08-01', '0000-00-00', 7947, 772, 87),
('2012-11-01', '0000-00-00', 7946, 260, 93),
('2000-11-01', '2007-06-30', 7945, 680, 89),
('2004-10-01', '2009-06-30', 7942, 975, 23),
('1986-05-01', '1993-04-30', 7941, 14, 86),
('1985-05-01', '1999-08-31', 7941, 823, 59),
('2007-04-01', '2008-12-31', 7940, 333, 3),
('2003-06-01', '2005-07-31', 7937, 200, 90),
('1982-08-01', '1993-04-30', 7934, 993, 45),
('2003-05-01', '0000-00-00', 7932, 551, 19),
('1999-04-01', '2004-03-31', 7924, 710, 24),
('1985-04-01', '0000-00-00', 7924, 26, 8),
('2003-06-01', '2007-01-31', 7922, 506, 97),
('1997-11-01', '2001-12-31', 7920, 288, 55),
('1999-07-01', '0000-00-00', 7913, 18, 25),
('2000-09-01', '2007-04-30', 7908, 746, 13),
('1983-01-01', '1990-09-30', 7908, 389, 47),
('2011-03-01', '2012-02-29', 7905, 679, 42),
('1991-11-01', '1999-04-30', 7898, 442, 21),
('2001-05-01', '2004-06-30', 7894, 542, 52),
('2011-01-01', '0000-00-00', 7891, 89, 43),
('2009-02-01', '0000-00-00', 7887, 556, 28),
('2011-06-01', '2012-09-30', 7884, 504, 83),
('2010-03-01', '2012-02-29', 7879, 749, 24),
('2007-12-01', '0000-00-00', 7875, 690, 24),
('1976-12-01', '1995-11-30', 7873, 795, 78),
('2006-09-01', '0000-00-00', 7869, 314, 46),
('2013-04-01', '2013-09-30', 7868, 334, 24),
('2010-10-01', '2011-06-30', 7868, 966, 73),
('1996-03-01', '2005-06-30', 7862, 699, 52),
('2005-02-01', '2008-01-31', 7861, 976, 56),
('2012-04-01', '0000-00-00', 7860, 839, 5),
('1999-10-01', '2002-03-31', 7860, 871, 83),
('1999-01-01', '2002-02-28', 7857, 54, 47),
('2004-08-01', '0000-00-00', 7854, 251, 2),
('2004-01-01', '2005-05-31', 7852, 269, 48),
('1989-03-01', '2001-07-31', 7852, 580, 67),
('2001-02-01', '0000-00-00', 7851, 270, 36),
('2010-05-01', '0000-00-00', 7849, 288, 91),
('1984-10-01', '1994-09-30', 7842, 491, 86),
('2000-04-01', '2004-11-30', 7842, 235, 44),
('1992-09-01', '0000-00-00', 7841, 687, 47),
('2003-12-01', '2009-03-31', 7839, 563, 71),
('2005-06-01', '2007-07-31', 7835, 17, 3),
('1998-09-01', '2006-04-30', 7833, 339, 60),
('1999-10-01', '2004-09-30', 7831, 757, 11),
('2007-10-01', '0000-00-00', 7830, 960, 2),
('2007-08-01', '0000-00-00', 7829, 953, 28),
('1973-11-01', '1980-08-31', 7826, 312, 44),
('1980-02-01', '1988-07-31', 7818, 949, 96),
('2011-12-01', '2013-05-31', 7817, 921, 57),
('1971-12-01', '1993-04-30', 7816, 453, 86),
('2004-11-01', '2007-04-30', 7813, 612, 31),
('2010-03-01', '2012-02-29', 7811, 942, 51),
('2004-03-01', '0000-00-00', 7811, 620, 25),
('1970-01-01', '1980-12-31', 7809, 884, 97),
('2003-06-01', '0000-00-00', 7804, 86, 50),
('1999-10-01', '2004-09-30', 7800, 433, 11),
('2001-10-01', '2007-11-30', 7797, 690, 94),
('2006-01-01', '2008-08-31', 7796, 615, 30),
('1988-11-01', '1997-06-30', 7796, 604, 38),
('2003-08-01', '2009-01-31', 7792, 98, 72),
('2012-05-01', '2013-07-31', 7792, 275, 3),
('2009-05-01', '2011-02-28', 7791, 784, 57),
('2000-10-01', '2005-05-31', 7791, 780, 27),
('2004-01-01', '0000-00-00', 7790, 351, 88),
('2008-07-01', '0000-00-00', 7789, 350, 6),
('1987-03-01', '1996-02-29', 7789, 205, 9),
('2008-10-01', '0000-00-00', 7781, 627, 37),
('2004-12-01', '0000-00-00', 7781, 94, 23),
('2010-09-01', '2012-08-31', 7779, 429, 66),
('1997-04-01', '2005-07-31', 7778, 132, 15),
('2008-02-01', '2009-07-31', 7778, 137, 71),
('1998-08-01', '2003-11-30', 7777, 563, 55),
('1992-03-01', '2003-02-28', 7776, 1, 35),
('1983-09-01', '1991-05-31', 7774, 65, 54),
('1984-05-01', '1991-10-31', 7773, 442, 29),
('1999-03-01', '2004-02-29', 7770, 970, 46),
('1989-02-01', '1993-03-31', 7764, 763, 98),
('2008-10-01', '2011-09-30', 7757, 907, 36),
('1982-07-01', '1998-06-30', 7757, 277, 75),
('2008-06-01', '0000-00-00', 7754, 483, 12),
('1992-06-01', '1999-07-31', 7748, 156, 47),
('1993-10-01', '1998-12-31', 7747, 66, 9),
('2010-11-01', '0000-00-00', 7746, 649, 35),
('2003-02-01', '0000-00-00', 7745, 946, 83),
('1996-01-01', '2000-06-30', 7744, 144, 91),
('2013-03-01', '2013-10-31', 7743, 141, 43),
('2004-07-01', '0000-00-00', 7742, 544, 74),
('1988-05-01', '1996-11-30', 7735, 16, 90),
('2009-07-01', '0000-00-00', 7731, 66, 34),
('2013-05-01', '2013-08-31', 7728, 332, 98),
('2000-12-01', '2007-08-31', 7724, 194, 96),
('2013-12-01', '0000-00-00', 7723, 968, 40),
('1981-09-01', '1998-02-28', 7723, 357, 48),
('2013-12-01', '0000-00-00', 7716, 118, 88),
('1987-12-01', '2001-05-31', 7711, 837, 94),
('1998-11-01', '2002-08-31', 7701, 743, 52),
('2011-10-01', '2012-12-31', 7699, 267, 4),
('2000-03-01', '2007-04-30', 7696, 329, 80),
('2006-09-01', '0000-00-00', 7690, 201, 70),
('2004-05-01', '2007-07-31', 7689, 649, 67),
('1999-12-01', '2007-05-31', 7685, 835, 44),
('2012-03-01', '2013-02-28', 7680, 130, 19),
('1992-12-01', '2000-03-31', 7676, 742, 24),
('2000-12-01', '2005-06-30', 7675, 53, 54),
('1988-07-01', '1997-03-31', 7672, 718, 33),
('2011-07-01', '0000-00-00', 7672, 670, 83),
('2003-08-01', '2006-03-31', 7671, 482, 76),
('2011-01-01', '2011-12-31', 7665, 915, 62),
('2006-11-01', '2008-05-31', 7660, 34, 64),
('2008-10-01', '0000-00-00', 7660, 472, 95),
('2000-01-01', '2004-10-31', 7657, 512, 67),
('2010-06-01', '0000-00-00', 7657, 653, 88),
('1992-10-01', '2003-05-31', 7656, 853, 80),
('2009-11-01', '0000-00-00', 7652, 878, 51),
('2004-09-01', '0000-00-00', 7650, 256, 12),
('2005-06-01', '2009-11-30', 7648, 229, 7),
('2011-08-01', '0000-00-00', 7647, 978, 28),
('2000-09-01', '2007-08-31', 7645, 316, 20),
('1992-11-01', '0000-00-00', 7642, 345, 25),
('1975-04-01', '1988-03-31', 7636, 548, 44),
('2006-07-01', '2008-12-31', 7632, 670, 36),
('2010-06-01', '2011-05-31', 7630, 100, 34),
('1992-04-01', '1999-06-30', 7629, 318, 93),
('2000-12-01', '2005-05-31', 7629, 229, 27),
('2010-02-01', '0000-00-00', 7626, 591, 31),
('2007-09-01', '2009-10-31', 7624, 652, 87),
('2007-08-01', '2009-09-30', 7621, 307, 19),
('2007-09-01', '0000-00-00', 7621, 194, 79),
('1997-12-01', '0000-00-00', 7619, 313, 85),
('1990-09-01', '2002-04-30', 7613, 327, 24),
('2009-11-01', '0000-00-00', 7611, 120, 41),
('2001-08-01', '2008-01-31', 7610, 83, 9),
('1975-08-01', '1985-04-30', 7602, 659, 27),
('2002-06-01', '2008-05-31', 7602, 617, 71),
('2013-10-01', '0000-00-00', 7597, 869, 93),
('2009-08-01', '0000-00-00', 7595, 843, 37),
('2013-12-01', '0000-00-00', 7593, 59, 90),
('2010-03-01', '2012-02-29', 7592, 582, 92),
('2008-08-01', '2011-04-30', 7590, 395, 54),
('1993-04-01', '2000-06-30', 7583, 261, 9),
('2012-11-01', '0000-00-00', 7583, 984, 40),
('1991-02-01', '1996-11-30', 7582, 381, 42),
('2010-02-01', '2011-05-31', 7580, 709, 60),
('2006-08-01', '0000-00-00', 7579, 362, 3),
('2005-12-01', '0000-00-00', 7570, 676, 3),
('2006-11-01', '2010-10-31', 7569, 577, 83),
('2000-03-01', '2007-04-30', 7567, 793, 18),
('1988-12-01', '1994-01-31', 7561, 27, 80),
('2000-05-01', '2007-04-30', 7560, 912, 72),
('1991-06-01', '1999-02-28', 7557, 883, 97),
('2006-04-01', '2008-10-31', 7557, 538, 68),
('2006-03-01', '0000-00-00', 7556, 435, 90),
('1999-01-01', '2006-07-31', 7555, 362, 54),
('2002-04-01', '2004-09-30', 7554, 871, 4),
('2010-11-01', '0000-00-00', 7549, 287, 5),
('1992-06-01', '1997-12-31', 7540, 266, 91),
('1990-09-01', '1998-08-31', 7538, 753, 32),
('1986-12-01', '1993-11-30', 7537, 359, 18),
('2014-02-01', '0000-00-00', 7535, 210, 75),
('1994-05-01', '1997-02-28', 7529, 857, 33),
('1986-07-01', '2000-06-30', 7525, 85, 17),
('2001-05-01', '2007-12-31', 7524, 354, 88),
('1986-04-01', '1995-09-30', 7522, 202, 53),
('2003-02-01', '2006-09-30', 7522, 972, 29),
('2012-04-01', '2012-11-30', 7521, 355, 78),
('2009-03-01', '2011-10-31', 7521, 933, 71),
('1972-02-01', '1979-01-31', 7521, 326, 22),
('2001-11-01', '2003-12-31', 7516, 888, 14),
('1986-09-01', '1993-08-31', 7515, 52, 10),
('1987-11-01', '0000-00-00', 7513, 476, 76),
('1996-05-01', '2000-10-31', 7510, 928, 82),
('1973-11-01', '1987-06-30', 7507, 867, 52),
('2002-02-01', '2005-01-31', 7507, 175, 57),
('2014-02-01', '0000-00-00', 7501, 677, 5),
('1984-10-01', '1989-09-30', 7495, 757, 2),
('2006-11-01', '0000-00-00', 7495, 678, 73),
('2002-09-01', '2008-04-30', 7493, 398, 5),
('1982-03-01', '1986-09-30', 7493, 553, 84),
('1985-08-01', '2000-03-31', 7493, 97, 8),
('2009-09-01', '0000-00-00', 7492, 179, 70),
('2001-10-01', '2008-03-31', 7488, 675, 50),
('2003-09-01', '2009-02-28', 7487, 875, 50),
('2010-11-01', '0000-00-00', 7485, 501, 33),
('2001-04-01', '0000-00-00', 7483, 548, 86),
('1993-05-01', '1998-08-31', 7477, 25, 14),
('2010-06-01', '2011-11-30', 7476, 272, 72),
('1993-02-01', '2000-04-30', 7473, 806, 90),
('1989-11-01', '1995-12-31', 7468, 701, 9),
('2007-12-01', '2011-01-31', 7465, 372, 35),
('1994-05-01', '2004-04-30', 7465, 346, 1),
('2009-02-01', '0000-00-00', 7461, 851, 73),
('1997-03-01', '2002-11-30', 7461, 238, 45),
('2010-01-01', '0000-00-00', 7461, 129, 26),
('2010-01-01', '2011-12-31', 7457, 495, 59),
('2008-02-01', '2009-03-31', 7457, 984, 78),
('1989-12-01', '1998-02-28', 7457, 458, 91),
('2013-02-01', '0000-00-00', 7450, 190, 85),
('2012-12-01', '0000-00-00', 7449, 936, 17),
('1998-11-01', '2006-05-31', 7448, 335, 54),
('2001-03-01', '2003-03-31', 7442, 17, 50),
('1989-06-01', '1995-09-30', 7442, 951, 78),
('1991-08-01', '2003-03-31', 7437, 840, 15),
('2012-09-01', '2013-08-31', 7436, 864, 50),
('2009-01-01', '2011-08-31', 7435, 31, 50),
('1987-02-01', '1996-01-31', 7428, 778, 25),
('1992-03-01', '1996-08-31', 7418, 23, 57),
('1980-04-01', '1997-03-31', 7418, 336, 82),
('1994-03-01', '1999-02-28', 7417, 185, 25),
('2013-06-01', '2014-01-31', 7415, 677, 94),
('1990-01-01', '1997-12-31', 7411, 825, 7),
('1993-01-01', '0000-00-00', 7410, 170, 19),
('1995-08-01', '2001-11-30', 7410, 37, 21),
('1991-12-01', '0000-00-00', 7405, 231, 3),
('1990-05-01', '1995-02-28', 7404, 572, 52),
('2009-08-01', '2011-04-30', 7401, 654, 80),
('2006-05-01', '2010-02-28', 7400, 488, 84),
('2001-06-01', '0000-00-00', 7400, 28, 85),
('1989-03-01', '1997-09-30', 7398, 963, 63),
('2001-05-01', '2007-11-30', 7398, 994, 6),
('2011-07-01', '0000-00-00', 7392, 538, 8),
('1999-11-01', '2007-04-30', 7388, 576, 10),
('2006-01-01', '0000-00-00', 7382, 393, 11),
('1993-08-01', '2000-04-30', 7374, 486, 97),
('1992-01-01', '2002-12-31', 7372, 176, 5),
('2009-06-01', '2011-12-31', 7370, 244, 94),
('2007-07-01', '2009-04-30', 7369, 232, 77),
('2009-10-01', '0000-00-00', 7368, 388, 24),
('2007-03-01', '2009-07-31', 7367, 958, 8),
('2007-01-01', '0000-00-00', 7367, 326, 91),
('2014-01-01', '0000-00-00', 7364, 387, 62),
('2012-03-01', '2012-11-30', 7361, 72, 23),
('2002-08-01', '2008-04-30', 7351, 142, 64),
('1991-06-01', '1997-02-28', 7348, 238, 59),
('2007-08-01', '0000-00-00', 7346, 656, 44),
('1995-11-01', '2001-12-31', 7345, 218, 2),
('2011-05-01', '0000-00-00', 7344, 301, 23),
('1984-02-01', '1989-03-31', 7338, 892, 51),
('2001-06-01', '0000-00-00', 7338, 492, 32),
('2008-06-01', '0000-00-00', 7336, 814, 63),
('2008-05-01', '2009-12-31', 7335, 879, 35),
('1991-06-01', '1998-12-31', 7334, 773, 71),
('1973-06-01', '1981-07-31', 7334, 422, 24),
('2008-09-01', '0000-00-00', 7332, 348, 40),
('2010-03-01', '0000-00-00', 7322, 450, 15),
('2000-06-01', '2005-03-31', 7318, 308, 30),
('2002-04-01', '0000-00-00', 7316, 124, 50),
('2007-12-01', '2009-08-31', 7315, 842, 43),
('2011-02-01', '0000-00-00', 7313, 976, 72),
('1980-06-01', '1987-03-31', 7311, 977, 65),
('2008-10-01', '2010-06-30', 7307, 394, 1),
('1976-12-01', '1984-06-30', 7307, 844, 80),
('2003-03-01', '2005-05-31', 7306, 307, 47),
('2004-06-01', '2009-05-31', 7304, 520, 26),
('1996-10-01', '0000-00-00', 7304, 828, 35),
('1999-03-01', '2006-08-31', 7299, 391, 16),
('1992-03-01', '1995-10-31', 7292, 410, 51),
('2010-05-01', '2011-02-28', 7290, 547, 21),
('2005-04-01', '0000-00-00', 7289, 794, 91),
('2010-06-01', '2012-07-31', 7287, 360, 8),
('2005-02-01', '0000-00-00', 7286, 778, 69),
('2008-02-01', '0000-00-00', 7286, 722, 85),
('2011-09-01', '0000-00-00', 7285, 855, 47),
('2009-08-01', '2011-01-31', 7284, 137, 35),
('2000-07-01', '0000-00-00', 7282, 854, 30),
('1986-03-01', '1993-02-28', 7281, 524, 28),
('1992-10-01', '2003-09-30', 7280, 187, 41),
('1997-07-01', '2006-01-31', 7278, 881, 93),
('1982-07-01', '1990-06-30', 7276, 180, 27),
('1997-11-01', '2000-08-31', 7271, 605, 45),
('2010-07-01', '2011-11-30', 7265, 882, 38),
('1982-01-01', '1992-09-30', 7265, 545, 24),
('2002-10-01', '2006-09-30', 7262, 720, 57),
('2002-03-01', '2006-02-28', 7253, 239, 31),
('1990-10-01', '1998-06-30', 7252, 389, 5),
('2000-01-01', '2007-03-31', 7249, 540, 44),
('2006-05-01', '2008-12-31', 7247, 31, 67),
('1983-04-01', '1990-12-31', 7245, 667, 72),
('2005-10-01', '0000-00-00', 7240, 184, 75),
('2006-12-01', '0000-00-00', 7240, 195, 62),
('2002-03-01', '2005-04-30', 7238, 54, 44),
('1993-08-01', '2003-10-31', 7237, 893, 29),
('1998-08-01', '0000-00-00', 7233, 630, 26),
('2007-03-01', '0000-00-00', 7227, 101, 11),
('1992-12-01', '2003-07-31', 7222, 280, 25),
('2012-03-01', '0000-00-00', 7220, 582, 25),
('1995-06-01', '0000-00-00', 7218, 6, 44),
('1973-11-01', '1984-01-31', 7214, 585, 69),
('1984-09-01', '1999-03-31', 7213, 487, 71),
('1993-04-01', '2003-09-30', 7212, 19, 41),
('2012-07-01', '2012-12-31', 7208, 352, 49),
('1990-06-01', '1996-05-31', 7208, 483, 13),
('2009-08-01', '2012-01-31', 7206, 920, 78),
('1995-08-01', '2005-01-31', 7197, 69, 72),
('2011-06-01', '2012-09-30', 7191, 709, 81),
('1982-08-01', '1990-06-30', 7181, 518, 52),
('1994-12-01', '1999-11-30', 7179, 996, 84),
('1984-07-01', '1994-06-30', 7175, 783, 30),
('2012-01-01', '2013-04-30', 7175, 727, 24),
('1999-11-01', '2004-08-31', 7172, 111, 58),
('2005-05-01', '0000-00-00', 7167, 777, 30),
('2012-06-01', '0000-00-00', 7163, 382, 68),
('2013-02-01', '0000-00-00', 7161, 425, 76),
('2006-12-01', '2008-11-30', 7160, 936, 4),
('1994-12-01', '1999-09-30', 7158, 805, 47),
('2006-10-01', '0000-00-00', 7158, 497, 45),
('2011-03-01', '2012-11-30', 7157, 784, 36),
('1999-03-01', '2004-02-29', 7157, 303, 26),
('2013-10-01', '2014-03-31', 7155, 334, 65),
('2011-12-01', '2012-11-30', 7154, 870, 23),
('1990-08-01', '1998-07-31', 7145, 671, 52),
('1982-11-01', '1990-10-31', 7143, 863, 77),
('1975-12-01', '1982-05-31', 7140, 940, 95),
('2012-04-01', '2012-09-30', 7132, 869, 88),
('1999-07-01', '2003-02-28', 7127, 410, 72),
('2001-03-01', '0000-00-00', 7127, 867, 17),
('1988-04-01', '0000-00-00', 7123, 241, 14),
('1989-01-01', '1997-04-30', 7116, 692, 9),
('1997-06-01', '2005-09-30', 7113, 7, 70),
('2013-05-01', '0000-00-00', 7109, 672, 56),
('2010-05-01', '2011-04-30', 7105, 672, 10),
('2004-01-01', '2009-03-31', 7101, 629, 66),
('1990-02-01', '1994-01-31', 7096, 827, 87),
('2011-06-01', '2012-09-30', 7094, 969, 58),
('2008-11-01', '2010-08-31', 7093, 370, 19),
('1999-09-01', '2006-12-31', 7091, 607, 98),
('2006-05-01', '0000-00-00', 7091, 234, 12),
('2008-11-01', '0000-00-00', 7087, 822, 67),
('2004-05-01', '0000-00-00', 7086, 21, 52),
('1972-04-01', '1982-08-31', 7084, 755, 68),
('1987-05-01', '1996-04-30', 7077, 224, 1),
('2000-09-01', '2007-04-30', 7076, 337, 17),
('1976-12-01', '1989-07-31', 7075, 206, 31),
('2011-11-01', '0000-00-00', 7073, 887, 93),
('2006-01-01', '2008-08-31', 7073, 309, 38),
('1998-07-01', '2006-08-31', 7072, 525, 43),
('2009-09-01', '0000-00-00', 7072, 512, 4),
('1988-03-01', '1994-09-30', 7061, 994, 46),
('2005-04-01', '2009-12-31', 7057, 64, 67),
('1997-11-01', '2002-01-31', 7053, 697, 71),
('1999-07-01', '2004-06-30', 7053, 673, 76),
('2011-11-01', '2012-06-30', 7051, 141, 22),
('2003-03-01', '0000-00-00', 7050, 1, 38),
('1984-12-01', '1989-11-30', 7049, 996, 27),
('1999-11-01', '2007-01-31', 7043, 96, 69),
('2005-05-01', '0000-00-00', 7041, 494, 22),
('1982-08-01', '1990-07-31', 7038, 671, 73),
('1985-06-01', '1992-07-31', 7038, 195, 51),
('1994-07-01', '0000-00-00', 7036, 282, 95),
('1992-12-01', '2003-11-30', 7032, 894, 40),
('2003-02-01', '2008-09-30', 7032, 730, 68),
('1990-04-01', '1998-03-31', 7030, 897, 69),
('1991-07-01', '2002-12-31', 7024, 530, 29),
('1986-09-01', '1993-08-31', 7024, 427, 45),
('1995-12-01', '2005-05-31', 7023, 802, 53),
('2007-12-01', '2011-05-31', 7013, 808, 59),
('1977-01-01', '1986-03-31', 7013, 10, 20),
('2012-09-01', '2013-05-31', 7008, 677, 87),
('1987-10-01', '1993-01-31', 7006, 554, 41),
('1987-12-01', '2001-03-31', 7006, 847, 51),
('2006-03-01', '2008-02-29', 7004, 644, 85),
('2013-08-01', '0000-00-00', 6999, 355, 39),
('2003-10-01', '2009-01-31', 6997, 991, 34),
('2005-03-01', '0000-00-00', 6997, 292, 24),
('1980-03-01', '0000-00-00', 6994, 252, 92),
('1972-02-01', '1982-07-31', 6991, 762, 87),
('2006-08-01', '2008-02-29', 6983, 583, 10),
('1999-01-01', '2003-12-31', 6980, 873, 38),
('2006-07-01', '2008-12-31', 6978, 249, 87),
('2012-10-01', '0000-00-00', 6968, 858, 56),
('2013-02-01', '0000-00-00', 6966, 651, 25),
('2004-06-01', '2007-01-31', 6965, 704, 70),
('1975-12-01', '1983-08-31', 6965, 663, 22),
('2008-07-01', '0000-00-00', 6960, 848, 70),
('1979-09-01', '1986-08-31', 6953, 149, 52),
('1982-11-01', '1989-03-31', 6953, 35, 90),
('2003-04-01', '2006-11-30', 6951, 877, 94),
('2000-03-01', '2002-12-31', 6947, 395, 24),
('2012-09-01', '2013-02-28', 6939, 30, 4),
('2012-02-01', '2012-08-31', 6937, 813, 73),
('1995-10-01', '2001-12-31', 6936, 139, 12),
('2012-05-01', '0000-00-00', 6933, 901, 64),
('1996-07-01', '2002-06-30', 6931, 848, 74),
('2001-12-01', '2008-05-31', 6930, 940, 94),
('1982-08-01', '0000-00-00', 6927, 439, 68),
('1978-04-01', '1996-02-29', 6923, 477, 43),
('2013-03-01', '2013-08-31', 6920, 30, 93),
('2006-12-01', '2009-06-30', 6919, 874, 52),
('1973-10-01', '1994-03-31', 6915, 635, 83),
('2009-02-01', '0000-00-00', 6913, 105, 29),
('2003-06-01', '2006-03-31', 6912, 264, 96),
('2008-04-01', '0000-00-00', 6911, 37, 43),
('2012-11-01', '0000-00-00', 6909, 511, 93);
INSERT INTO `Salaire` (`Date_debut_salaire`, `Date_fin_salaire`, `Salaire_salarie`, `ID_salarie`, `ID_poste`) VALUES
('2000-09-01', '0000-00-00', 6908, 147, 72),
('2005-03-01', '0000-00-00', 6907, 447, 17),
('2011-09-01', '2012-02-29', 6906, 623, 3),
('2000-04-01', '2004-11-30', 6903, 895, 53),
('2011-03-01', '2011-11-30', 6901, 547, 24),
('2003-06-01', '0000-00-00', 6900, 853, 30),
('1974-03-01', '1980-10-31', 6898, 680, 21),
('2011-01-01', '0000-00-00', 6894, 276, 86),
('1971-11-01', '1982-07-31', 6893, 993, 10),
('1970-05-01', '1981-04-30', 6890, 838, 19),
('2003-02-01', '0000-00-00', 6885, 636, 83),
('2011-11-01', '2012-10-31', 6884, 731, 44),
('1990-01-01', '1993-12-31', 6883, 779, 80),
('2007-01-01', '0000-00-00', 6882, 262, 1),
('1971-02-01', '1977-03-31', 6877, 948, 16),
('1999-10-01', '2006-11-30', 6875, 195, 42),
('2012-05-01', '2013-04-30', 6873, 672, 77),
('2008-03-01', '2010-02-28', 6867, 749, 27),
('2008-05-01', '0000-00-00', 6866, 325, 81),
('2005-06-01', '2006-11-30', 6863, 269, 71),
('2003-11-01', '0000-00-00', 6862, 754, 73),
('2012-02-01', '2012-11-30', 6861, 24, 78),
('1997-07-01', '2003-02-28', 6859, 822, 16),
('2012-06-01', '0000-00-00', 6856, 284, 6),
('2009-10-01', '0000-00-00', 6855, 559, 68),
('2013-11-01', '0000-00-00', 6854, 99, 81),
('1985-04-01', '1992-05-31', 6853, 156, 85),
('2004-10-01', '0000-00-00', 6848, 182, 59),
('2011-10-01', '2012-06-30', 6843, 717, 26),
('2005-07-01', '2008-06-30', 6839, 550, 78),
('2007-05-01', '0000-00-00', 6839, 793, 39),
('2006-10-01', '2009-05-31', 6828, 244, 27),
('2003-07-01', '2006-12-31', 6827, 815, 27),
('1994-07-01', '1997-10-31', 6825, 49, 74),
('1994-10-01', '2004-06-30', 6825, 544, 16),
('2009-05-01', '2011-02-28', 6824, 232, 96),
('2008-01-01', '0000-00-00', 6819, 312, 58),
('1991-02-01', '1998-10-31', 6816, 772, 66),
('1987-04-01', '2000-09-30', 6814, 594, 60),
('2006-05-01', '2008-11-30', 6811, 978, 11),
('1989-01-01', '2001-06-30', 6810, 46, 19),
('2010-08-01', '2011-11-30', 6807, 769, 69),
('1998-09-01', '2003-12-31', 6804, 257, 71),
('1982-09-01', '1990-08-31', 6804, 753, 63),
('2001-10-01', '2004-04-30', 6803, 874, 31),
('2008-10-01', '2009-07-31', 6796, 931, 94),
('1992-04-01', '1999-07-31', 6795, 536, 97),
('1993-12-01', '2000-11-30', 6789, 359, 2),
('2000-01-01', '0000-00-00', 6786, 214, 67),
('1981-08-01', '1998-01-31', 6781, 619, 56),
('1995-08-01', '2001-12-31', 6775, 35, 85),
('2013-12-01', '0000-00-00', 6773, 465, 34),
('1991-02-01', '2002-07-31', 6769, 865, 46),
('2007-03-01', '0000-00-00', 6767, 407, 14),
('1989-10-01', '1994-09-30', 6763, 433, 76),
('2005-10-01', '0000-00-00', 6763, 597, 77),
('1996-12-01', '2001-05-31', 6762, 682, 88),
('2012-12-01', '2013-11-30', 6753, 979, 88),
('1998-01-01', '0000-00-00', 6753, 409, 16),
('2002-06-01', '2008-05-31', 6752, 814, 1),
('2004-03-01', '0000-00-00', 6751, 40, 21),
('2009-01-01', '2011-10-31', 6750, 798, 21),
('2003-07-01', '0000-00-00', 6750, 762, 44),
('1992-01-01', '1997-06-30', 6749, 952, 33),
('2013-08-01', '2014-01-31', 6748, 528, 77),
('1990-01-01', '2001-12-31', 6744, 226, 89),
('1975-08-01', '1995-01-31', 6742, 935, 98),
('2008-03-01', '2010-02-28', 6741, 644, 85),
('2012-12-01', '2013-02-28', 6741, 688, 63),
('1993-07-01', '2003-11-30', 6741, 302, 32),
('1980-07-01', '1989-02-28', 6740, 963, 14),
('1986-09-01', '1993-08-31', 6739, 316, 68),
('1987-09-01', '1992-12-31', 6737, 600, 54),
('2010-08-01', '2011-09-30', 6736, 267, 72),
('2004-03-01', '2007-07-31', 6735, 689, 96),
('2002-09-01', '2008-05-31', 6730, 880, 13),
('2005-08-01', '0000-00-00', 6726, 862, 39),
('1993-08-01', '2000-07-31', 6725, 418, 2),
('2010-08-01', '0000-00-00', 6725, 148, 20),
('1998-03-01', '0000-00-00', 6725, 956, 77),
('2000-11-01', '2007-08-31', 6723, 977, 51),
('1991-03-01', '1995-09-30', 6718, 562, 44),
('1989-06-01', '2001-09-30', 6717, 281, 12),
('2008-07-01', '0000-00-00', 6708, 952, 3),
('2012-03-01', '2012-06-30', 6707, 601, 30),
('1997-03-01', '2002-09-30', 6707, 725, 98),
('2013-02-01', '0000-00-00', 6706, 758, 19),
('2006-03-01', '2007-10-31', 6702, 260, 28),
('1971-12-01', '1980-06-30', 6698, 963, 26),
('2008-02-01', '2011-01-31', 6696, 976, 45),
('2003-06-01', '2008-11-30', 6695, 13, 42),
('1981-12-01', '1992-08-31', 6693, 399, 11),
('1985-10-01', '1992-11-30', 6693, 329, 5),
('2003-12-01', '2009-03-31', 6692, 467, 14),
('2009-03-01', '2011-12-31', 6692, 605, 19),
('1984-10-01', '1999-05-31', 6687, 253, 92),
('1982-05-01', '1987-08-31', 6683, 600, 19),
('2013-06-01', '0000-00-00', 6683, 666, 21),
('1987-04-01', '1993-12-31', 6678, 977, 53),
('1982-03-01', '1998-02-28', 6676, 956, 45),
('2011-09-01', '2012-12-31', 6674, 475, 79),
('1985-07-01', '2000-02-29', 6669, 102, 2),
('2010-01-01', '0000-00-00', 6669, 846, 81),
('1990-11-01', '2002-06-30', 6662, 91, 85),
('1999-03-01', '2006-11-30', 6661, 146, 1),
('2000-07-01', '0000-00-00', 6655, 85, 69),
('1992-04-01', '2003-03-31', 6655, 918, 4),
('2000-08-01', '2003-04-30', 6653, 424, 2),
('1999-06-01', '2003-01-31', 6650, 972, 51),
('1975-06-01', '1983-02-28', 6646, 110, 55),
('2013-12-01', '0000-00-00', 6645, 505, 22),
('1990-09-01', '2002-08-31', 6637, 610, 31),
('2008-09-01', '2010-08-31', 6633, 169, 8),
('2007-12-01', '0000-00-00', 6633, 948, 64),
('2000-09-01', '2007-08-31', 6629, 999, 84),
('1996-03-01', '0000-00-00', 6624, 477, 70),
('1988-02-01', '2001-01-31', 6622, 80, 3),
('2000-10-01', '2004-03-31', 6619, 426, 60),
('2000-03-01', '2007-05-31', 6618, 640, 8),
('1985-01-01', '1994-09-30', 6610, 544, 92),
('2004-10-01', '0000-00-00', 6609, 236, 49),
('2006-02-01', '2010-06-30', 6609, 988, 34),
('1993-02-01', '1998-06-30', 6607, 554, 24),
('1996-05-01', '2005-04-30', 6607, 397, 44),
('2007-12-01', '0000-00-00', 6606, 770, 25),
('2006-07-01', '0000-00-00', 6603, 518, 59),
('2007-03-01', '0000-00-00', 6600, 642, 20),
('2005-11-01', '2010-04-30', 6589, 379, 82),
('1975-06-01', '1985-02-28', 6584, 462, 15),
('2004-06-01', '2009-05-31', 6582, 911, 6),
('1990-04-01', '1996-05-31', 6580, 715, 63),
('2006-06-01', '2007-09-30', 6578, 651, 19),
('1995-08-01', '2001-10-31', 6577, 331, 65),
('2008-10-01', '0000-00-00', 6573, 730, 89),
('2004-05-01', '0000-00-00', 6568, 215, 4),
('1989-04-01', '1994-04-30', 6564, 892, 57),
('2000-03-01', '2007-06-30', 6564, 533, 18),
('2011-03-01', '2012-07-31', 6563, 269, 19),
('1986-10-01', '1993-09-30', 6560, 799, 42),
('1996-09-01', '2001-02-28', 6559, 23, 52),
('1995-03-01', '2001-06-30', 6557, 324, 40),
('1984-12-01', '1994-11-30', 6554, 115, 92),
('1993-10-01', '2004-03-31', 6554, 937, 8),
('1992-09-01', '2003-05-31', 6554, 399, 73),
('1983-10-01', '1989-11-30', 6553, 300, 33),
('2006-11-01', '0000-00-00', 6551, 900, 79),
('2002-04-01', '2008-07-31', 6551, 57, 15),
('2013-08-01', '2014-03-31', 6550, 509, 71),
('1997-07-01', '2005-12-31', 6541, 514, 9),
('1993-01-01', '1999-12-31', 6540, 262, 90),
('2002-01-01', '2003-08-31', 6539, 36, 93),
('1985-12-01', '1992-12-31', 6537, 106, 46),
('2002-06-01', '0000-00-00', 6536, 493, 52),
('2011-08-01', '2012-11-30', 6535, 207, 92),
('1999-11-01', '2003-07-31', 6532, 716, 12),
('2000-12-01', '0000-00-00', 6528, 832, 51),
('2006-05-01', '2008-04-30', 6524, 3, 90),
('2004-10-01', '0000-00-00', 6523, 216, 7),
('2004-02-01', '2009-01-31', 6523, 851, 60),
('1984-11-01', '1989-10-31', 6522, 420, 73),
('2012-11-01', '2013-10-31', 6517, 731, 32),
('2000-12-01', '0000-00-00', 6514, 119, 80),
('2007-09-01', '0000-00-00', 6511, 427, 13),
('2010-03-01', '2011-02-28', 6508, 679, 20),
('2000-07-01', '0000-00-00', 6506, 440, 57),
('2004-05-01', '2006-11-30', 6501, 874, 63),
('1974-06-01', '1994-05-31', 6498, 614, 47),
('2001-12-01', '2007-12-31', 6493, 286, 42),
('2008-07-01', '0000-00-00', 6491, 740, 36),
('2006-01-01', '0000-00-00', 6489, 514, 60),
('2012-08-01', '2013-01-31', 6481, 528, 44),
('1998-09-01', '2006-08-31', 6479, 753, 14),
('2007-07-01', '2009-09-30', 6478, 489, 20),
('1994-09-01', '2001-02-28', 6477, 279, 81),
('1980-01-01', '1986-09-30', 6477, 486, 56),
('2004-04-01', '2007-07-31', 6476, 390, 70),
('2008-11-01', '2010-09-30', 6476, 980, 72),
('2003-06-01', '2006-03-31', 6476, 798, 43),
('2002-11-01', '2008-10-31', 6473, 322, 68),
('2011-05-01', '2012-02-29', 6465, 931, 35),
('1983-07-01', '1989-08-31', 6465, 218, 34),
('1998-10-01', '2006-08-31', 6463, 201, 94),
('2001-10-01', '0000-00-00', 6462, 342, 29),
('2002-05-01', '2008-06-30', 6462, 300, 95),
('2010-08-01', '0000-00-00', 6460, 168, 89),
('1998-07-01', '2002-05-31', 6459, 591, 53),
('2002-07-01', '2008-06-30', 6458, 350, 57),
('2013-02-01', '0000-00-00', 6458, 516, 39),
('2004-09-01', '2006-08-31', 6456, 429, 51),
('1993-09-01', '0000-00-00', 6451, 140, 83),
('2010-03-01', '0000-00-00', 6451, 23, 89),
('2009-03-01', '0000-00-00', 6449, 185, 67),
('2006-04-01', '0000-00-00', 6444, 217, 48),
('2010-01-01', '2010-12-31', 6443, 590, 20),
('2012-02-01', '2013-01-31', 6442, 425, 91),
('1992-12-01', '1997-04-30', 6440, 988, 19),
('2010-10-01', '2012-08-31', 6438, 980, 4),
('1992-01-01', '1997-06-30', 6436, 740, 76),
('1995-10-01', '2000-06-30', 6432, 64, 51),
('1999-11-01', '2002-10-31', 6431, 84, 76),
('1972-01-01', '1985-12-31', 6430, 174, 8),
('1996-11-01', '2005-06-30', 6429, 711, 49),
('2012-08-01', '2012-11-30', 6428, 688, 13),
('2006-04-01', '2007-08-31', 6425, 729, 96),
('2005-08-01', '0000-00-00', 6420, 132, 19),
('2007-10-01', '2010-12-31', 6418, 276, 27),
('1981-12-01', '1998-05-31', 6417, 981, 12),
('2011-05-01', '0000-00-00', 6415, 615, 46),
('1984-06-01', '1991-11-30', 6411, 502, 68),
('1998-02-01', '2003-07-31', 6409, 987, 18),
('1994-08-01', '2001-03-31', 6407, 974, 65),
('2002-07-01', '2008-06-30', 6406, 848, 81),
('1974-01-01', '1981-12-31', 6406, 825, 9),
('1980-09-01', '1991-12-31', 6405, 944, 94),
('1998-07-01', '2006-03-31', 6400, 217, 1),
('2006-01-01', '0000-00-00', 6397, 797, 8),
('2014-01-01', '0000-00-00', 6395, 707, 68),
('1983-09-01', '1991-06-30', 6394, 663, 30),
('2008-10-01', '0000-00-00', 6394, 613, 6),
('2008-05-01', '2011-07-31', 6386, 356, 40),
('2012-09-01', '2013-04-30', 6379, 830, 28),
('2004-01-01', '2006-02-28', 6379, 888, 76),
('1977-04-01', '1989-07-31', 6375, 196, 48),
('2005-10-01', '0000-00-00', 6369, 298, 60),
('1993-03-01', '0000-00-00', 6368, 555, 18),
('1996-12-01', '0000-00-00', 6358, 899, 65),
('2002-02-01', '2008-01-31', 6355, 722, 33),
('1998-03-01', '2006-06-30', 6353, 434, 8),
('2008-05-01', '0000-00-00', 6352, 701, 78),
('2008-03-01', '0000-00-00', 6350, 247, 39),
('2008-08-01', '0000-00-00', 6349, 804, 11),
('2003-09-01', '2008-12-31', 6346, 600, 64),
('2012-03-01', '2013-02-28', 6345, 557, 1),
('1999-01-01', '2004-03-31', 6345, 66, 3),
('1992-09-01', '1996-12-31', 6341, 191, 9),
('1998-01-01', '2006-03-31', 6338, 422, 3),
('2012-06-01', '2013-05-31', 6337, 100, 29),
('1981-12-01', '1992-08-31', 6337, 737, 19),
('2005-06-01', '2009-12-31', 6330, 846, 69),
('1975-12-01', '1983-09-30', 6323, 114, 89),
('1992-06-01', '0000-00-00', 6323, 365, 28),
('1989-06-01', '2001-09-30', 6322, 342, 87),
('1998-11-01', '2002-10-31', 6322, 287, 73),
('1993-11-01', '2004-02-29', 6321, 164, 29),
('1983-06-01', '1989-06-30', 6320, 948, 1),
('2003-04-01', '0000-00-00', 6318, 573, 21),
('2010-10-01', '2011-06-30', 6313, 459, 72),
('2012-05-01', '2013-01-31', 6313, 966, 86),
('2010-10-01', '0000-00-00', 6312, 517, 10),
('1994-12-01', '2001-05-31', 6310, 549, 64),
('1986-02-01', '1993-01-31', 6310, 800, 32),
('2005-09-01', '2007-04-30', 6307, 901, 55),
('2013-01-01', '0000-00-00', 6307, 319, 98),
('2013-09-01', '0000-00-00', 6306, 459, 33),
('2013-02-01', '0000-00-00', 6301, 654, 74),
('2010-09-01', '0000-00-00', 6301, 903, 12),
('1990-12-01', '2002-07-31', 6298, 222, 93),
('2013-01-01', '2013-06-30', 6295, 352, 92),
('1985-12-01', '1993-01-31', 6295, 806, 62),
('1996-06-01', '2002-07-31', 6291, 715, 52),
('2001-09-01', '2007-11-30', 6289, 415, 29),
('2006-02-01', '2010-01-31', 6288, 827, 38),
('1999-05-01', '0000-00-00', 6285, 541, 18),
('1971-02-01', '1985-05-31', 6284, 452, 84),
('2001-09-01', '0000-00-00', 6284, 237, 25),
('1993-03-01', '2000-02-29', 6284, 101, 14),
('2012-11-01', '0000-00-00', 6283, 330, 49),
('2006-12-01', '0000-00-00', 6282, 159, 62),
('2000-04-01', '2007-07-31', 6280, 742, 83),
('1995-06-01', '2001-11-30', 6274, 940, 1),
('2005-07-01', '2010-02-28', 6273, 53, 42),
('2012-12-01', '2013-09-30', 6272, 72, 23),
('2007-10-01', '0000-00-00', 6271, 162, 37),
('2008-11-01', '0000-00-00', 6269, 902, 70),
('2013-05-01', '0000-00-00', 6269, 274, 3),
('1990-02-01', '1994-11-30', 6266, 805, 53),
('2007-05-01', '0000-00-00', 6265, 14, 57),
('2008-07-01', '0000-00-00', 6263, 300, 27),
('2011-04-01', '0000-00-00', 6262, 259, 62),
('2007-05-01', '0000-00-00', 6261, 746, 48),
('1986-12-01', '2000-11-30', 6258, 832, 16),
('2011-04-01', '2012-09-30', 6251, 166, 12),
('1991-09-01', '1996-03-31', 6244, 133, 63),
('2005-09-01', '2010-02-28', 6240, 23, 77),
('1986-03-01', '1990-10-31', 6240, 559, 81),
('2012-01-01', '0000-00-00', 6234, 70, 8),
('1970-11-01', '1985-06-30', 6230, 460, 35),
('1986-11-01', '2000-06-30', 6230, 90, 94),
('2003-12-01', '2009-02-28', 6227, 328, 64),
('1996-09-01', '0000-00-00', 6225, 618, 55),
('1998-06-01', '2006-05-31', 6224, 466, 84),
('2004-02-01', '2009-05-31', 6217, 641, 97),
('2008-03-01', '2011-05-31', 6214, 22, 71),
('2006-03-01', '2010-04-30', 6214, 288, 27),
('2002-07-01', '0000-00-00', 6213, 91, 31),
('2005-09-01', '2010-02-28', 6209, 450, 81),
('2009-09-01', '0000-00-00', 6206, 161, 60),
('2009-05-01', '0000-00-00', 6205, 805, 68),
('1995-11-01', '0000-00-00', 6205, 578, 9),
('2006-09-01', '2010-04-30', 6203, 831, 30),
('1984-05-01', '1991-10-31', 6202, 678, 87),
('2007-07-01', '2009-08-31', 6200, 12, 60),
('2002-06-01', '2006-05-31', 6193, 653, 18),
('2012-08-01', '2013-04-30', 6190, 210, 91),
('1991-09-01', '1997-06-30', 6189, 371, 56),
('2013-06-01', '0000-00-00', 6189, 384, 24),
('2011-08-01', '2013-01-31', 6188, 190, 81),
('2010-11-01', '0000-00-00', 6188, 15, 44),
('2009-07-01', '0000-00-00', 6183, 975, 4),
('2005-10-01', '2007-05-31', 6181, 323, 48),
('1995-11-01', '1998-12-31', 6177, 54, 10),
('1986-04-01', '1995-06-30', 6176, 10, 60),
('2010-08-01', '0000-00-00', 6171, 637, 48),
('2006-09-01', '2010-08-31', 6170, 203, 37),
('2012-12-01', '2013-08-31', 6168, 24, 36),
('1994-04-01', '0000-00-00', 6161, 135, 49),
('2007-06-01', '2009-11-30', 6160, 284, 61),
('1989-08-01', '1993-02-28', 6157, 89, 90),
('2012-01-01', '0000-00-00', 6154, 495, 51),
('1992-05-01', '1999-07-31', 6150, 900, 16),
('2012-10-01', '0000-00-00', 6150, 443, 9),
('2011-11-01', '2012-07-31', 6145, 210, 52),
('2010-08-01', '2012-07-31', 6145, 199, 34),
('2004-01-01', '2006-06-30', 6142, 249, 6),
('2000-05-01', '2004-11-30', 6138, 562, 42),
('2004-10-01', '2006-03-31', 6130, 729, 88),
('2007-10-01', '0000-00-00', 6126, 799, 3),
('2009-03-01', '0000-00-00', 6125, 136, 12),
('2002-09-01', '0000-00-00', 6124, 153, 29),
('2010-08-01', '2012-07-31', 6122, 451, 2),
('1977-05-01', '1986-07-31', 6115, 125, 30),
('2003-05-01', '2004-09-30', 6112, 729, 36),
('2004-08-01', '0000-00-00', 6111, 566, 14),
('1982-08-01', '1992-12-31', 6109, 762, 31),
('2007-04-01', '2009-09-30', 6107, 839, 2),
('2003-04-01', '2006-11-30', 6100, 637, 67),
('2001-01-01', '2003-08-31', 6098, 31, 54),
('2001-03-01', '0000-00-00', 6095, 396, 44),
('2005-09-01', '2010-02-28', 6095, 437, 35),
('2011-08-01', '0000-00-00', 6094, 482, 77),
('2013-01-01', '0000-00-00', 6092, 908, 55),
('2010-07-01', '2011-10-31', 6091, 609, 80),
('1985-01-01', '1999-06-30', 6087, 558, 22),
('2002-08-01', '2008-09-30', 6085, 715, 51),
('2007-05-01', '0000-00-00', 6084, 337, 31),
('2011-11-01', '0000-00-00', 6081, 12, 75),
('2010-05-01', '0000-00-00', 6078, 338, 48),
('2002-07-01', '2006-04-30', 6075, 488, 72),
('1987-06-01', '1992-10-31', 6075, 230, 62),
('1990-02-01', '1996-01-31', 6068, 732, 8),
('1995-07-01', '2004-09-30', 6068, 10, 1),
('1997-04-01', '2001-06-30', 6067, 129, 47),
('2008-05-01', '2009-06-30', 6065, 908, 76),
('1978-11-01', '1985-12-31', 6058, 265, 46),
('1987-06-01', '1994-02-28', 6056, 194, 50),
('2003-09-01', '2005-05-31', 6055, 36, 3),
('2003-02-01', '0000-00-00', 6053, 172, 98),
('1994-11-01', '1998-08-31', 6047, 488, 93),
('2007-09-01', '2011-02-28', 6042, 419, 33),
('2000-09-01', '2005-04-30', 6041, 904, 90),
('1986-03-01', '0000-00-00', 6037, 126, 44),
('2003-08-01', '2007-04-30', 6035, 716, 29),
('2012-07-01', '2012-11-30', 6033, 601, 74),
('1997-06-01', '2003-01-31', 6032, 627, 81),
('1991-05-01', '1995-11-30', 6030, 189, 85),
('2008-06-01', '0000-00-00', 6030, 725, 11),
('1982-11-01', '0000-00-00', 6030, 112, 50),
('1992-06-01', '1999-11-30', 6026, 835, 11),
('1994-10-01', '1997-03-31', 6023, 871, 83),
('1992-12-01', '2003-10-31', 6020, 647, 42),
('2013-06-01', '0000-00-00', 6018, 107, 63),
('2008-09-01', '0000-00-00', 6014, 834, 59),
('2009-05-01', '2010-01-31', 6014, 459, 22),
('2012-10-01', '2013-05-31', 6013, 71, 25),
('1987-12-01', '2001-03-31', 6012, 726, 46),
('2012-04-01', '0000-00-00', 6009, 377, 92),
('2009-06-01', '2011-09-30', 6007, 910, 68),
('2010-06-01', '0000-00-00', 6002, 697, 81),
('2012-12-01', '2013-08-31', 5994, 459, 4),
('1997-10-01', '2003-04-30', 5988, 608, 74),
('2001-05-01', '2003-03-31', 5982, 980, 78),
('1985-05-01', '1994-12-31', 5980, 386, 30),
('1989-11-01', '1998-02-28', 5973, 434, 33),
('2011-12-01', '2013-04-30', 5971, 882, 94),
('1992-09-01', '2003-05-31', 5968, 104, 95),
('1980-10-01', '0000-00-00', 5968, 221, 94),
('1989-05-01', '1997-09-30', 5966, 435, 25),
('2006-09-01', '2009-02-28', 5963, 657, 15),
('2010-10-01', '0000-00-00', 5961, 836, 24),
('1976-04-01', '1983-10-31', 5961, 773, 14),
('2011-08-01', '0000-00-00', 5958, 290, 34),
('1995-08-01', '1999-05-31', 5957, 598, 9),
('1992-02-01', '0000-00-00', 5957, 983, 90),
('2006-12-01', '2010-07-31', 5954, 877, 61),
('1993-09-01', '2000-08-31', 5952, 508, 94),
('2006-12-01', '2010-08-31', 5950, 929, 7),
('1982-11-01', '1990-08-31', 5947, 217, 50),
('2010-02-01', '2010-11-30', 5946, 274, 85),
('1994-01-01', '2000-08-31', 5945, 219, 70),
('2007-02-01', '2010-09-30', 5935, 517, 71),
('2004-01-01', '2009-04-30', 5933, 25, 21),
('1999-05-01', '2004-06-30', 5931, 27, 73),
('2010-09-01', '2012-08-31', 5931, 445, 26),
('2011-07-01', '2011-12-31', 5930, 479, 19),
('1993-05-01', '2000-04-30', 5922, 912, 91),
('2005-02-01', '2008-04-30', 5918, 356, 11),
('2008-09-01', '0000-00-00', 5918, 68, 56),
('1997-09-01', '2001-11-30', 5917, 406, 4),
('1989-08-01', '1995-09-30', 5917, 286, 85),
('2012-06-01', '0000-00-00', 5913, 323, 27),
('1988-02-01', '1996-10-31', 5911, 664, 21),
('1995-06-01', '2001-09-30', 5911, 957, 20),
('2010-01-01', '0000-00-00', 5910, 308, 3),
('2000-12-01', '2005-07-31', 5910, 92, 30),
('1986-06-01', '1995-09-30', 5909, 8, 53),
('2006-12-01', '2008-10-31', 5908, 370, 63),
('1993-07-01', '1998-09-30', 5899, 328, 24),
('1983-12-01', '1991-08-31', 5897, 997, 28),
('1999-05-01', '2006-10-31', 5895, 678, 24),
('2004-02-01', '0000-00-00', 5893, 173, 17),
('2012-03-01', '2012-08-31', 5890, 623, 60),
('1995-12-01', '2002-03-31', 5889, 57, 46),
('1993-01-01', '2003-09-30', 5885, 73, 37),
('1985-04-01', '1991-01-31', 5882, 632, 46),
('2002-04-01', '2006-05-31', 5880, 158, 68),
('1989-04-01', '1995-07-31', 5878, 35, 14),
('2011-01-01', '2011-06-30', 5877, 479, 22),
('1971-07-01', '1982-03-31', 5873, 51, 70),
('1997-12-01', '2006-03-31', 5872, 414, 64),
('2003-04-01', '2005-05-31', 5871, 17, 65),
('1988-07-01', '1997-02-28', 5870, 208, 39),
('1971-05-01', '1992-10-31', 5867, 747, 33),
('2007-12-01', '2008-11-30', 5862, 968, 17),
('2010-02-01', '0000-00-00', 5855, 233, 23),
('2001-10-01', '2006-01-31', 5855, 988, 70),
('2011-12-01', '2012-09-30', 5845, 547, 20),
('2011-07-01', '0000-00-00', 5844, 249, 88),
('2009-11-01', '0000-00-00', 5843, 380, 59),
('1985-03-01', '1994-11-30', 5832, 462, 71),
('1984-10-01', '1990-09-30', 5829, 834, 43),
('2009-02-01', '0000-00-00', 5829, 991, 57),
('2001-11-01', '2008-04-30', 5828, 325, 41),
('1986-12-01', '1996-03-31', 5824, 134, 94),
('1999-08-01', '2006-10-31', 5824, 900, 18),
('2010-10-01', '2012-09-30', 5822, 143, 83),
('1972-10-01', '1983-03-31', 5816, 937, 25),
('2011-03-01', '2011-10-31', 5813, 141, 71),
('2011-12-01', '2013-03-31', 5812, 474, 66),
('2010-01-01', '0000-00-00', 5807, 789, 77),
('1981-09-01', '1988-03-31', 5804, 662, 13),
('2013-03-01', '0000-00-00', 5804, 130, 31),
('2008-05-01', '0000-00-00', 5803, 139, 4),
('1991-09-01', '0000-00-00', 5798, 299, 72),
('2001-03-01', '0000-00-00', 5793, 713, 91),
('2012-01-01', '0000-00-00', 5793, 244, 26),
('1971-08-01', '1978-09-30', 5793, 106, 13),
('2013-03-01', '0000-00-00', 5790, 679, 68),
('1982-04-01', '1990-03-31', 5788, 897, 23),
('2003-12-01', '0000-00-00', 5787, 302, 64),
('2004-12-01', '0000-00-00', 5783, 115, 79),
('2002-09-01', '2004-08-31', 5781, 429, 2),
('1998-02-01', '2006-01-31', 5781, 383, 72),
('1992-10-01', '2003-06-30', 5778, 545, 64),
('2009-02-01', '2010-09-30', 5776, 323, 7),
('1993-05-01', '0000-00-00', 5767, 453, 67),
('1986-01-01', '1999-12-31', 5763, 174, 24),
('2004-04-01', '2009-03-31', 5761, 648, 26),
('2003-01-01', '2008-06-30', 5761, 916, 35),
('1993-08-01', '0000-00-00', 5758, 58, 77),
('1989-08-01', '1997-11-30', 5752, 414, 82),
('1996-10-01', '2002-09-30', 5742, 484, 46),
('1997-04-01', '0000-00-00', 5741, 336, 26),
('1971-02-01', '1979-08-31', 5738, 145, 23),
('2011-12-01', '2013-03-31', 5736, 769, 44),
('2000-02-01', '0000-00-00', 5736, 768, 9),
('2000-08-01', '2007-07-31', 5736, 418, 37),
('1997-06-01', '2005-11-30', 5727, 526, 64),
('2009-04-01', '2010-06-30', 5727, 984, 88),
('2004-06-01', '0000-00-00', 5722, 783, 7),
('2004-02-01', '0000-00-00', 5721, 924, 10),
('1998-10-01', '2004-01-31', 5719, 641, 52),
('2010-01-01', '0000-00-00', 5715, 779, 24),
('1979-08-01', '0000-00-00', 5711, 294, 50),
('2013-07-01', '0000-00-00', 5704, 567, 71),
('1982-07-01', '1990-06-30', 5703, 108, 80),
('2004-01-01', '2005-12-31', 5699, 495, 48),
('2005-01-01', '2009-06-30', 5699, 144, 95),
('2000-09-01', '2007-08-31', 5698, 427, 57),
('2010-07-01', '2012-03-31', 5697, 394, 42),
('1982-02-01', '1992-09-30', 5695, 853, 65),
('2005-12-01', '2010-05-31', 5694, 311, 56),
('2012-08-01', '0000-00-00', 5693, 137, 73),
('1994-04-01', '0000-00-00', 5691, 990, 21),
('2009-09-01', '2012-02-29', 5689, 416, 36),
('2006-02-01', '2010-03-31', 5685, 616, 97),
('1995-12-01', '2005-03-31', 5685, 794, 77),
('1990-09-01', '2002-08-31', 5685, 153, 87),
('1999-05-01', '0000-00-00', 5684, 733, 18),
('1996-12-01', '2005-06-30', 5682, 145, 95),
('2012-12-01', '0000-00-00', 5681, 784, 76),
('1999-12-01', '2007-02-28', 5680, 358, 82),
('2012-10-01', '2013-05-31', 5677, 595, 53),
('2008-12-01', '2010-05-31', 5677, 272, 32),
('1989-07-01', '1993-08-31', 5675, 288, 9),
('2009-03-01', '0000-00-00', 5675, 875, 43),
('1981-12-01', '1992-08-31', 5674, 104, 54),
('1992-11-01', '2003-10-31', 5674, 138, 19),
('1984-01-01', '1993-12-31', 5665, 351, 55),
('1980-10-01', '0000-00-00', 5664, 914, 51),
('2012-12-01', '0000-00-00', 5658, 583, 82),
('1971-03-01', '1981-11-30', 5653, 399, 13),
('2001-07-01', '2008-01-31', 5653, 662, 74),
('1991-08-01', '1994-10-31', 5653, 109, 13),
('1985-05-01', '1995-01-31', 5649, 659, 48),
('2002-02-01', '2006-04-30', 5648, 796, 32),
('2003-07-01', '0000-00-00', 5640, 545, 15),
('1989-11-01', '1994-10-31', 5636, 420, 27),
('1980-05-01', '1985-12-31', 5630, 68, 54),
('1999-09-01', '0000-00-00', 5628, 469, 97),
('2003-12-01', '0000-00-00', 5626, 621, 56),
('2011-11-01', '0000-00-00', 5625, 933, 32),
('2012-03-01', '0000-00-00', 5623, 416, 69),
('2013-11-01', '0000-00-00', 5620, 703, 33),
('1979-01-01', '1990-08-31', 5618, 327, 88),
('2001-06-01', '0000-00-00', 5616, 213, 51),
('2012-10-01', '0000-00-00', 5615, 166, 7),
('1999-04-01', '2006-09-30', 5610, 438, 12),
('1992-12-01', '2000-03-31', 5607, 953, 36),
('1983-07-01', '1989-07-31', 5607, 286, 62),
('1990-07-01', '1998-06-30', 5603, 108, 7),
('2012-01-01', '0000-00-00', 5602, 652, 51),
('2003-12-01', '0000-00-00', 5597, 50, 78),
('2007-04-01', '0000-00-00', 5595, 540, 43),
('2009-02-01', '0000-00-00', 5595, 98, 69),
('2011-06-01', '2012-05-31', 5591, 100, 92),
('2012-10-01', '0000-00-00', 5590, 504, 8),
('2010-07-01', '2011-10-31', 5590, 906, 81),
('2008-06-01', '0000-00-00', 5590, 35, 59),
('2004-08-01', '2009-09-30', 5585, 892, 41),
('2000-08-01', '2005-02-28', 5583, 189, 63),
('2000-05-01', '2003-02-28', 5583, 855, 68),
('1992-09-01', '2003-08-31', 5580, 868, 86),
('2012-11-01', '2013-02-28', 5580, 99, 39),
('2011-08-01', '2012-11-30', 5580, 122, 70),
('1985-07-01', '2000-01-31', 5578, 460, 93),
('1991-02-01', '2002-07-31', 5576, 603, 17),
('2001-09-01', '0000-00-00', 5575, 593, 30),
('2003-05-01', '2009-01-31', 5567, 371, 57),
('2011-01-01', '0000-00-00', 5566, 412, 65),
('2011-03-01', '0000-00-00', 5566, 347, 55),
('1997-08-01', '2005-11-30', 5565, 676, 42),
('2001-05-01', '2004-06-30', 5565, 276, 59),
('2011-12-01', '2012-11-30', 5562, 59, 92),
('1987-09-01', '2001-02-28', 5561, 713, 18),
('1998-07-01', '2006-06-30', 5557, 180, 76),
('2010-06-01', '0000-00-00', 5553, 406, 46),
('2009-11-01', '0000-00-00', 5553, 686, 74),
('2003-09-01', '2009-03-31', 5549, 266, 90),
('1992-07-01', '0000-00-00', 5545, 88, 54),
('2011-12-01', '2013-05-31', 5543, 272, 4),
('1983-11-01', '1991-05-31', 5541, 362, 92),
('2008-10-01', '2011-05-31', 5539, 123, 36),
('2006-04-01', '0000-00-00', 5537, 79, 49),
('2003-03-01', '2008-10-31', 5534, 588, 27),
('2005-10-01', '2008-07-31', 5533, 395, 22),
('2006-11-01', '2010-06-30', 5529, 410, 74),
('1986-03-01', '1993-02-28', 5527, 127, 3),
('2009-05-01', '2010-09-30', 5527, 811, 67),
('2013-03-01', '2013-08-31', 5526, 623, 62),
('1977-12-01', '1984-01-31', 5525, 715, 77),
('1989-10-01', '1994-09-30', 5523, 400, 59),
('1996-11-01', '2005-07-31', 5522, 664, 56),
('2012-01-01', '2012-12-31', 5516, 75, 85),
('1992-11-01', '0000-00-00', 5512, 747, 87),
('2005-08-01', '2007-01-31', 5511, 190, 38),
('1993-07-01', '2004-02-29', 5508, 40, 42),
('2007-05-01', '0000-00-00', 5507, 106, 84),
('2010-01-01', '2011-06-30', 5505, 60, 22),
('2010-12-01', '2011-08-31', 5504, 274, 5),
('2008-01-01', '2011-04-30', 5499, 43, 64),
('2011-09-01', '0000-00-00', 5498, 54, 58),
('2008-09-01', '2010-08-31', 5498, 445, 39),
('2000-04-01', '0000-00-00', 5497, 296, 2),
('2004-12-01', '2009-11-30', 5497, 817, 93),
('1974-08-01', '1987-11-30', 5495, 726, 3),
('2004-02-01', '2007-06-30', 5494, 228, 5),
('2009-03-01', '0000-00-00', 5493, 537, 46),
('1980-11-01', '1987-06-30', 5492, 680, 93),
('1971-06-01', '1992-11-30', 5490, 698, 27),
('1996-03-01', '0000-00-00', 5484, 546, 29),
('2010-01-01', '2011-12-31', 5482, 70, 88),
('1996-07-01', '2005-06-30', 5481, 751, 94),
('1980-08-01', '1997-07-31', 5480, 376, 5),
('2003-05-01', '2006-02-28', 5473, 424, 96),
('2011-08-01', '0000-00-00', 5464, 343, 30),
('2009-10-01', '0000-00-00', 5459, 757, 63),
('1973-03-01', '1986-10-31', 5459, 90, 23),
('2007-09-01', '2009-05-31', 5457, 500, 74),
('1988-06-01', '1997-01-31', 5452, 885, 92),
('2006-03-01', '0000-00-00', 5452, 604, 61),
('1998-07-01', '0000-00-00', 5447, 277, 52),
('1975-12-01', '1995-05-31', 5447, 47, 45),
('2005-12-01', '0000-00-00', 5445, 408, 16),
('1999-12-01', '2003-08-31', 5444, 271, 5),
('1985-06-01', '1992-07-31', 5443, 665, 28),
('1991-06-01', '1997-02-28', 5442, 171, 43),
('2002-10-01', '2006-09-30', 5442, 529, 54),
('1999-10-01', '2004-09-30', 5438, 400, 42),
('2007-12-01', '0000-00-00', 5435, 359, 15),
('1995-07-01', '2005-02-28', 5434, 292, 97),
('1973-07-01', '1979-05-31', 5433, 632, 96),
('1999-12-01', '2004-11-30', 5432, 817, 35),
('2012-12-01', '2013-07-31', 5429, 586, 91),
('2009-04-01', '0000-00-00', 5428, 266, 66),
('2010-08-01', '2012-03-31', 5428, 36, 26),
('1975-04-01', '1981-08-31', 5424, 279, 70),
('2002-10-01', '2008-07-31', 5423, 381, 82),
('1982-08-01', '0000-00-00', 5413, 378, 7),
('2008-07-01', '2010-06-30', 5409, 579, 25),
('2007-05-01', '0000-00-00', 5395, 498, 6),
('2007-02-01', '2010-09-30', 5394, 950, 64),
('1998-05-01', '2000-12-31', 5391, 31, 18),
('2009-11-01', '2011-01-31', 5391, 973, 11),
('2010-03-01', '2012-02-29', 5390, 644, 77),
('2012-03-01', '0000-00-00', 5390, 693, 43),
('1994-02-01', '1999-04-30', 5389, 27, 59),
('1996-01-01', '1999-07-31', 5385, 985, 86),
('2011-11-01', '0000-00-00', 5384, 798, 80),
('1996-04-01', '0000-00-00', 5381, 938, 87),
('2012-09-01', '2013-05-31', 5380, 131, 91),
('1987-07-01', '1996-06-30', 5378, 751, 62),
('2000-07-01', '2005-03-31', 5373, 64, 13),
('2000-09-01', '2003-06-30', 5367, 605, 76),
('1971-11-01', '1982-07-31', 5366, 826, 43),
('1993-08-01', '2004-01-31', 5362, 924, 21),
('1998-05-01', '2002-03-31', 5360, 212, 47),
('1986-07-01', '1991-12-31', 5358, 952, 3),
('2007-10-01', '2010-01-31', 5357, 738, 36),
('1978-12-01', '1987-11-30', 5357, 480, 98),
('2011-05-01', '0000-00-00', 5356, 250, 7),
('2011-02-01', '0000-00-00', 5351, 716, 44),
('2010-07-01', '0000-00-00', 5346, 410, 96),
('2008-02-01', '0000-00-00', 5346, 732, 34),
('1970-12-01', '1992-11-30', 5345, 650, 88),
('2012-11-01', '0000-00-00', 5335, 367, 36),
('1994-08-01', '2001-03-31', 5331, 821, 28),
('2005-10-01', '2008-07-31', 5330, 857, 36),
('2013-11-01', '0000-00-00', 5326, 599, 96),
('2002-02-01', '2008-01-31', 5324, 304, 94),
('1985-10-01', '1995-03-31', 5318, 216, 41),
('2010-12-01', '0000-00-00', 5315, 829, 35),
('2012-02-01', '0000-00-00', 5313, 841, 12),
('2002-02-01', '2005-01-31', 5307, 976, 26),
('2008-04-01', '0000-00-00', 5304, 661, 78),
('2002-02-01', '2003-10-31', 5302, 403, 6),
('1985-05-01', '1992-07-31', 5301, 96, 52),
('2003-05-01', '2007-01-31', 5299, 501, 75),
('1993-12-01', '2004-05-31', 5294, 775, 59),
('2013-03-01', '0000-00-00', 5293, 906, 62),
('2008-06-01', '2011-05-31', 5292, 62, 53),
('1985-10-01', '1995-05-31', 5292, 521, 11),
('2006-12-01', '2010-07-31', 5290, 674, 25),
('1994-07-01', '2004-05-31', 5289, 783, 35),
('1999-04-01', '0000-00-00', 5284, 487, 28),
('2010-09-01', '0000-00-00', 5283, 203, 63),
('2013-02-01', '2013-11-30', 5281, 966, 24),
('2004-07-01', '2009-06-30', 5281, 673, 17),
('1997-10-01', '2003-03-31', 5280, 472, 58),
('1999-06-01', '2007-02-28', 5279, 997, 37),
('1985-08-01', '2000-03-31', 5276, 296, 36),
('2013-05-01', '0000-00-00', 5267, 882, 91),
('2010-11-01', '2012-06-30', 5261, 565, 92),
('1994-02-01', '1998-01-31', 5258, 827, 35),
('2003-01-01', '2008-06-30', 5257, 952, 87),
('1994-04-01', '2001-01-31', 5253, 770, 47),
('2005-10-01', '2008-09-30', 5248, 907, 42),
('2011-05-01', '2012-01-31', 5246, 76, 19),
('1999-08-01', '2006-10-31', 5243, 156, 85),
('2005-04-01', '2009-12-31', 5243, 308, 77),
('1986-08-01', '0000-00-00', 5242, 852, 53),
('2010-01-01', '2010-12-31', 5241, 63, 20),
('2006-09-01', '0000-00-00', 5236, 485, 88),
('2002-08-01', '2006-07-31', 5232, 148, 34),
('2012-02-01', '0000-00-00', 5231, 920, 59),
('2013-04-01', '0000-00-00', 5230, 474, 52),
('2006-03-01', '2010-01-31', 5222, 239, 23),
('1974-07-01', '1984-06-30', 5222, 818, 69),
('1994-02-01', '2000-08-31', 5220, 746, 59),
('2009-05-01', '0000-00-00', 5220, 257, 93),
('1996-11-01', '2005-10-31', 5219, 510, 33),
('1981-12-01', '1992-11-30', 5210, 647, 38),
('1997-01-01', '2005-08-31', 5205, 160, 19),
('2008-07-01', '2009-11-30', 5202, 858, 89),
('2008-09-01', '2011-06-30', 5202, 385, 4),
('2002-01-01', '2008-04-30', 5200, 139, 6),
('2013-12-01', '0000-00-00', 5191, 931, 96),
('2006-04-01', '2009-01-31', 5190, 264, 12),
('2000-04-01', '0000-00-00', 5190, 917, 64),
('2006-02-01', '0000-00-00', 5185, 881, 81),
('2007-07-01', '0000-00-00', 5184, 806, 79),
('2005-05-01', '2009-08-31', 5181, 602, 68),
('2009-03-01', '2011-08-31', 5180, 657, 87),
('1994-01-01', '1998-12-31', 5177, 873, 84),
('2006-03-01', '0000-00-00', 5176, 117, 29),
('2006-06-01', '2010-08-31', 5162, 158, 91),
('2007-03-01', '2008-04-30', 5160, 908, 95),
('2010-11-01', '2012-10-31', 5155, 330, 74),
('1976-11-01', '1995-10-31', 5151, 578, 26),
('2011-04-01', '2011-12-31', 5147, 436, 9),
('1992-12-01', '2000-02-29', 5147, 329, 74),
('2011-03-01', '2011-11-30', 5145, 131, 98),
('1981-01-01', '1991-12-31', 5140, 29, 28),
('1996-01-01', '2002-03-31', 5140, 499, 18),
('1990-11-01', '1994-08-31', 5136, 591, 43),
('1988-10-01', '2001-05-31', 5134, 213, 24),
('2006-07-01', '0000-00-00', 5133, 448, 95),
('1996-03-01', '2002-02-28', 5132, 564, 15),
('1992-04-01', '2003-03-31', 5131, 573, 35),
('2009-04-01', '0000-00-00', 5131, 563, 86),
('1993-04-01', '1998-05-31', 5130, 154, 64),
('2009-06-01', '0000-00-00', 5129, 641, 86),
('1989-10-01', '1995-12-31', 5129, 499, 28),
('2005-08-01', '2006-12-31', 5128, 858, 54),
('2012-01-01', '2012-06-30', 5126, 352, 54),
('1988-04-01', '1994-10-31', 5123, 662, 4),
('2010-05-01', '0000-00-00', 5121, 985, 47),
('1989-07-01', '1993-08-31', 5119, 616, 24),
('2006-12-01', '0000-00-00', 5117, 536, 55),
('1971-04-01', '1981-11-30', 5116, 737, 1),
('1996-12-01', '2002-11-30', 5115, 736, 50),
('2005-02-01', '0000-00-00', 5115, 285, 80),
('2001-05-01', '2003-03-31', 5112, 370, 43),
('1985-08-01', '1995-04-30', 5109, 285, 44),
('2004-07-01', '0000-00-00', 5108, 585, 32),
('1973-11-01', '1978-12-31', 5105, 892, 21),
('1970-05-01', '1981-04-30', 5104, 278, 51),
('2000-09-01', '2007-08-31', 5103, 401, 42),
('2003-10-01', '0000-00-00', 5100, 51, 1),
('2008-05-01', '0000-00-00', 5099, 178, 70),
('1998-10-01', '2006-07-31', 5098, 110, 93),
('1970-09-01', '1992-08-31', 5098, 628, 37),
('2004-01-01', '2006-06-30', 5095, 670, 76),
('1993-06-01', '2003-11-30', 5094, 621, 70),
('2008-09-01', '2010-02-28', 5085, 992, 12),
('1993-03-01', '2003-08-31', 5082, 755, 69),
('2012-04-01', '2013-03-31', 5081, 596, 11),
('2001-09-01', '2004-03-31', 5078, 430, 7),
('2003-02-01', '2005-11-30', 5075, 163, 38),
('1993-12-01', '1999-02-28', 5075, 845, 72),
('1984-11-01', '1992-04-30', 5072, 498, 39),
('1999-03-01', '2004-02-29', 5072, 537, 10),
('2012-09-01', '2013-03-31', 5067, 813, 73),
('2001-07-01', '2007-10-31', 5064, 324, 1),
('1978-05-01', '0000-00-00', 5058, 786, 61),
('1999-04-01', '2002-03-31', 5058, 347, 72),
('1999-06-01', '2004-05-31', 5057, 911, 76),
('1987-07-01', '2000-10-31', 5055, 456, 38),
('2005-03-01', '2008-02-29', 5054, 347, 76),
('2011-07-01', '0000-00-00', 5052, 385, 27),
('1985-08-01', '1992-09-30', 5050, 358, 31),
('1996-10-01', '2002-09-30', 5050, 613, 2),
('1989-12-01', '1994-11-30', 5048, 996, 13),
('2004-04-01', '0000-00-00', 5048, 454, 77),
('1988-12-01', '1997-06-30', 5042, 881, 42),
('1996-08-01', '0000-00-00', 5041, 421, 83),
('2008-12-01', '2011-07-31', 5041, 978, 39),
('1986-03-01', '1995-06-30', 5040, 182, 20),
('2012-02-01', '2012-09-30', 5040, 595, 50),
('1998-02-01', '2006-01-31', 5039, 310, 15),
('1991-10-01', '1994-12-31', 5037, 22, 27),
('1995-01-01', '1998-04-30', 5030, 22, 9),
('1975-09-01', '1988-08-31', 5030, 593, 87),
('2009-01-01', '0000-00-00', 5028, 873, 44),
('1989-11-01', '2002-02-28', 5027, 39, 81),
('2005-07-01', '0000-00-00', 5024, 711, 37),
('2012-03-01', '0000-00-00', 5023, 942, 32),
('2001-12-01', '2006-02-28', 5023, 406, 78),
('2001-10-01', '0000-00-00', 5020, 816, 24),
('2003-01-01', '0000-00-00', 5018, 530, 49),
('1988-02-01', '1996-08-31', 5017, 494, 27),
('2004-09-01', '0000-00-00', 5010, 462, 45),
('1984-05-01', '1994-04-30', 5007, 898, 67),
('2009-07-01', '2010-04-30', 5007, 193, 78),
('2011-01-01', '2012-09-30', 5005, 443, 84),
('2009-07-01', '0000-00-00', 5005, 562, 85),
('1979-03-01', '1990-10-31', 5000, 719, 35),
('2012-04-01', '0000-00-00', 5000, 871, 94),
('1974-05-01', '1984-04-30', 4995, 898, 23),
('2002-04-01', '2006-03-31', 4995, 212, 81),
('2006-05-01', '0000-00-00', 4993, 964, 11),
('1995-08-01', '2001-09-30', 4993, 833, 14),
('1985-04-01', '1991-01-31', 4992, 381, 10),
('1977-10-01', '1989-12-31', 4992, 532, 33),
('2007-05-01', '0000-00-00', 4991, 912, 77),
('1990-01-01', '2002-04-30', 4989, 532, 34),
('2006-03-01', '0000-00-00', 4987, 764, 10),
('2012-11-01', '2013-08-31', 4987, 193, 57),
('2012-12-01', '2013-07-31', 4986, 509, 34),
('2010-02-01', '0000-00-00', 4986, 827, 36),
('2013-03-01', '2013-07-31', 4984, 707, 7),
('2003-08-01', '0000-00-00', 4983, 756, 39),
('2012-07-01', '0000-00-00', 4980, 333, 5),
('2012-06-01', '2013-01-31', 4978, 32, 11),
('2009-12-01', '0000-00-00', 4977, 996, 94),
('1978-12-01', '1986-01-31', 4976, 261, 8),
('1979-02-01', '1996-07-31', 4975, 700, 32),
('2010-04-01', '0000-00-00', 4969, 743, 57),
('2006-11-01', '0000-00-00', 4968, 863, 59),
('1997-06-01', '2000-11-30', 4959, 808, 81),
('1979-06-01', '0000-00-00', 4958, 2, 91),
('2012-09-01', '0000-00-00', 4952, 890, 93),
('2013-11-01', '0000-00-00', 4951, 74, 96),
('2007-10-01', '2011-03-31', 4951, 426, 91),
('1998-06-01', '2002-05-31', 4950, 653, 76),
('1995-06-01', '0000-00-00', 4948, 47, 47),
('2008-07-01', '0000-00-00', 4948, 56, 75),
('1987-11-01', '1996-10-31', 4948, 510, 18),
('1983-09-01', '1989-10-31', 4947, 701, 72),
('2012-12-01', '2013-07-31', 4940, 589, 11),
('2011-10-01', '0000-00-00', 4929, 424, 71),
('1979-11-01', '1984-10-31', 4927, 420, 56),
('2009-10-01', '2012-03-31', 4927, 612, 18),
('1996-09-01', '2000-03-31', 4926, 89, 58),
('1978-05-01', '1987-04-30', 4925, 224, 82),
('2009-11-01', '2011-12-31', 4922, 652, 4),
('2005-09-01', '0000-00-00', 4922, 273, 78),
('1977-05-01', '1983-06-30', 4922, 286, 89),
('2002-02-01', '2008-05-31', 4922, 951, 4),
('2003-01-01', '2008-09-30', 4917, 872, 20),
('2014-01-01', '0000-00-00', 4913, 352, 11),
('1993-03-01', '1996-08-31', 4913, 89, 50),
('2001-10-01', '2007-12-31', 4911, 833, 3),
('2001-08-01', '2004-02-29', 4911, 244, 54),
('2005-11-01', '0000-00-00', 4908, 510, 39),
('2006-10-01', '2009-05-31', 4901, 735, 22),
('2010-07-01', '0000-00-00', 4893, 669, 13),
('2007-04-01', '0000-00-00', 4891, 760, 13),
('1976-04-01', '1983-10-31', 4888, 362, 98),
('2011-05-01', '0000-00-00', 4886, 317, 88),
('1984-09-01', '1989-08-31', 4886, 161, 24),
('2011-01-01', '2011-12-31', 4882, 590, 24),
('1994-04-01', '2004-06-30', 4882, 9, 16),
('2007-03-01', '0000-00-00', 4882, 997, 52),
('1977-04-01', '1983-05-31', 4877, 948, 97),
('2008-11-01', '0000-00-00', 4870, 154, 53),
('2012-02-01', '0000-00-00', 4867, 735, 17),
('1987-01-01', '1991-06-30', 4863, 144, 83),
('1986-10-01', '1991-04-30', 4856, 553, 57),
('2003-04-01', '2008-10-31', 4855, 38, 30),
('1971-08-01', '1982-04-30', 4854, 930, 30),
('1983-09-01', '1993-12-31', 4851, 21, 15),
('2008-12-01', '2011-09-30', 4845, 424, 29),
('1985-01-01', '1992-05-31', 4841, 807, 55),
('1992-05-01', '1999-07-31', 4839, 633, 65),
('1989-04-01', '1997-07-31', 4837, 676, 52),
('1989-07-01', '1994-06-30', 4830, 673, 28),
('2010-01-01', '0000-00-00', 4829, 780, 73),
('2005-08-01', '0000-00-00', 4828, 949, 95),
('2007-03-01', '0000-00-00', 4826, 358, 75),
('2007-09-01', '0000-00-00', 4819, 401, 86),
('2003-01-01', '2008-08-31', 4818, 68, 41),
('1971-02-01', '1978-03-31', 4814, 665, 91),
('2000-07-01', '2004-12-31', 4814, 144, 36),
('1976-09-01', '1986-02-28', 4806, 157, 1),
('1996-02-01', '2005-05-31', 4800, 204, 51),
('1997-01-01', '2005-09-30', 4794, 298, 4),
('2002-03-01', '0000-00-00', 4791, 750, 50),
('2005-05-01', '2009-10-31', 4791, 928, 70),
('2003-01-01', '2008-06-30', 4788, 446, 31),
('1997-07-01', '2006-02-28', 4786, 604, 81),
('1977-03-01', '1989-06-30', 4785, 694, 3),
('1994-05-01', '2004-06-30', 4785, 585, 76),
('1975-11-01', '1985-07-31', 4783, 285, 32),
('1985-07-01', '1992-10-31', 4781, 533, 42),
('2003-03-01', '2008-10-31', 4781, 822, 28),
('2012-01-01', '0000-00-00', 4778, 307, 10),
('2011-09-01', '2012-08-31', 4774, 864, 8),
('1984-11-01', '1994-10-31', 4772, 306, 45),
('2007-02-01', '2010-09-30', 4768, 20, 58),
('1996-12-01', '2005-11-30', 4767, 480, 36),
('1987-07-01', '1991-11-30', 4765, 229, 18),
('1999-01-01', '2006-08-31', 4764, 773, 3),
('2006-03-01', '2008-11-30', 4763, 424, 34),
('1996-12-01', '2005-07-31', 4762, 16, 89),
('1993-09-01', '1997-10-31', 4762, 616, 95),
('2011-07-01', '0000-00-00', 4759, 550, 67),
('1994-01-01', '2004-04-30', 4755, 21, 62),
('2011-06-01', '0000-00-00', 4753, 22, 94),
('1999-10-01', '2004-09-30', 4748, 388, 25),
('2009-08-01', '2011-10-31', 4747, 965, 6),
('2007-02-01', '2008-07-31', 4740, 190, 40),
('1990-03-01', '1996-02-29', 4738, 564, 40),
('2012-10-01', '0000-00-00', 4736, 82, 73),
('2003-01-01', '0000-00-00', 4736, 884, 72),
('2001-06-01', '2004-09-30', 4731, 109, 29),
('2004-01-01', '0000-00-00', 4729, 819, 93),
('1997-09-01', '2006-02-28', 4726, 197, 90),
('1994-10-01', '1999-09-30', 4721, 433, 48),
('2012-01-01', '2012-12-31', 4721, 590, 28),
('1993-10-01', '0000-00-00', 4717, 449, 24),
('1993-10-01', '2000-09-30', 4717, 799, 89),
('2002-06-01', '2008-05-31', 4716, 483, 95),
('2008-10-01', '2010-09-30', 4713, 143, 78),
('2010-01-01', '2011-02-28', 4712, 275, 4),
('2001-06-01', '0000-00-00', 4708, 837, 95),
('2013-09-01', '0000-00-00', 4704, 436, 80),
('2006-06-01', '0000-00-00', 4704, 335, 96),
('2002-02-01', '0000-00-00', 4700, 404, 8),
('2004-07-01', '2007-08-31', 4700, 542, 66),
('1998-03-01', '2001-05-31', 4699, 109, 26),
('1982-09-01', '1987-12-31', 4698, 25, 80),
('2010-09-01', '0000-00-00', 4698, 444, 4),
('1995-03-01', '1999-12-31', 4695, 572, 76),
('2000-03-01', '0000-00-00', 4693, 165, 20),
('2008-02-01', '0000-00-00', 4692, 662, 50),
('1999-06-01', '2006-09-30', 4689, 77, 6),
('2012-10-01', '0000-00-00', 4681, 143, 72),
('2011-06-01', '0000-00-00', 4680, 808, 55),
('2013-05-01', '2014-01-31', 4678, 210, 59),
('2006-04-01', '2008-12-31', 4676, 798, 92),
('2002-07-01', '2008-06-30', 4671, 56, 73),
('1978-01-01', '1985-03-31', 4665, 998, 80),
('1994-07-01', '1999-06-30', 4662, 673, 48),
('1982-11-01', '1990-10-31', 4659, 293, 90),
('2010-04-01', '0000-00-00', 4657, 92, 88),
('1999-10-01', '2006-11-30', 4654, 665, 72),
('1985-01-01', '1994-09-30', 4646, 515, 69),
('2005-05-01', '2007-06-30', 4646, 12, 95),
('1996-08-01', '2005-07-31', 4645, 862, 6),
('1979-10-01', '1988-04-30', 4644, 16, 44),
('1997-04-01', '2002-12-31', 4641, 902, 57),
('1971-01-01', '1992-06-30', 4640, 88, 61),
('1996-02-01', '2005-01-31', 4640, 295, 36),
('1985-11-01', '1995-06-30', 4636, 447, 87),
('2007-06-01', '2009-01-31', 4636, 323, 28),
('1991-09-01', '1999-05-31', 4635, 997, 69),
('2012-08-01', '0000-00-00', 4631, 199, 36),
('1988-05-01', '1996-12-31', 4631, 160, 84),
('2011-06-01', '2012-05-31', 4629, 78, 87),
('2014-02-01', '0000-00-00', 4629, 688, 26),
('1984-12-01', '1990-11-30', 4626, 736, 58),
('2010-06-01', '2011-11-30', 4622, 384, 16),
('1977-02-01', '1989-05-31', 4619, 281, 8),
('2005-07-01', '2007-08-31', 4618, 652, 61),
('2000-06-01', '2007-08-31', 4613, 265, 17),
('1990-08-01', '0000-00-00', 4607, 645, 10),
('1996-04-01', '0000-00-00', 4605, 860, 94),
('1997-10-01', '2000-07-31', 4601, 264, 26),
('2009-02-01', '0000-00-00', 4601, 570, 45),
('2006-09-01', '0000-00-00', 4600, 391, 71),
('2007-04-01', '0000-00-00', 4599, 844, 35),
('2009-08-01', '0000-00-00', 4583, 235, 92),
('2002-06-01', '2006-03-31', 4582, 591, 82),
('2006-03-01', '2008-02-29', 4582, 749, 76),
('1988-01-01', '1993-04-30', 4580, 25, 86),
('2011-09-01', '2013-02-28', 4580, 992, 24),
('2013-08-01', '0000-00-00', 4579, 586, 89),
('1985-09-01', '1992-11-30', 4578, 640, 63),
('2013-05-01', '0000-00-00', 4576, 717, 46),
('2003-11-01', '0000-00-00', 4574, 647, 46),
('1972-08-01', '1980-12-31', 4570, 435, 41),
('2011-12-01', '2012-11-30', 4569, 118, 91),
('2002-02-01', '2006-01-31', 4568, 827, 6),
('2009-02-01', '2011-07-31', 4567, 290, 6),
('2005-05-01', '2006-09-30', 4565, 166, 39),
('1993-02-01', '2000-01-31', 4564, 800, 13),
('2010-04-01', '2011-07-31', 4562, 122, 33),
('2003-12-01', '0000-00-00', 4558, 728, 72),
('1979-02-01', '1986-01-31', 4558, 800, 95),
('2008-05-01', '2011-04-30', 4557, 301, 37),
('2006-01-01', '0000-00-00', 4553, 825, 66),
('1998-09-01', '2006-05-31', 4552, 568, 31),
('2002-12-01', '2008-08-31', 4551, 238, 38),
('2011-05-01', '0000-00-00', 4548, 309, 21),
('1993-11-01', '0000-00-00', 4545, 714, 51),
('2008-01-01', '2009-12-31', 4543, 495, 20),
('1995-07-01', '2004-11-30', 4543, 225, 25),
('1978-12-01', '1990-11-30', 4543, 581, 78),
('2007-08-01', '0000-00-00', 4534, 418, 61),
('1970-02-01', '1984-09-30', 4533, 733, 47),
('1992-04-01', '1997-11-30', 4531, 361, 32),
('2003-10-01', '0000-00-00', 4531, 891, 70),
('1983-09-01', '1991-05-31', 4531, 883, 43),
('2008-02-01', '0000-00-00', 4530, 304, 69),
('2012-10-01', '0000-00-00', 4528, 183, 11),
('1976-07-01', '1989-02-28', 4527, 816, 94),
('1970-02-01', '1984-09-30', 4523, 253, 45),
('2003-08-01', '2009-03-31', 4521, 361, 47),
('2004-05-01', '2007-07-31', 4521, 683, 56),
('2009-11-01', '2010-06-30', 4520, 677, 73),
('2010-04-01', '0000-00-00', 4520, 212, 59),
('1998-05-01', '2006-03-31', 4517, 463, 1),
('2010-02-01', '2011-05-31', 4514, 183, 16),
('1998-06-01', '0000-00-00', 4513, 981, 36),
('2012-08-01', '0000-00-00', 4510, 268, 93),
('2011-07-01', '2011-12-31', 4509, 352, 22),
('1984-07-01', '1994-06-30', 4507, 818, 17),
('2011-05-01', '2012-01-31', 4506, 767, 34),
('2004-11-01', '0000-00-00', 4503, 659, 44),
('2012-03-01', '0000-00-00', 4502, 919, 72),
('2005-07-01', '0000-00-00', 4500, 751, 97),
('2001-07-01', '2005-08-31', 4497, 686, 98),
('2005-02-01', '0000-00-00', 4494, 128, 82),
('1982-04-01', '1992-12-31', 4494, 51, 1),
('1990-07-01', '2002-06-30', 4492, 886, 35),
('2013-06-01', '2014-01-31', 4490, 71, 10),
('2005-12-01', '2008-02-29', 4490, 211, 14),
('2006-12-01', '0000-00-00', 4490, 883, 86),
('1994-09-01', '2001-04-30', 4490, 354, 33),
('1995-06-01', '2005-01-31', 4490, 521, 17),
('1991-11-01', '1997-06-30', 4486, 588, 80),
('2010-02-01', '2011-07-31', 4485, 190, 24),
('2008-11-01', '0000-00-00', 4484, 588, 23),
('2002-12-01', '0000-00-00', 4483, 581, 19),
('1979-11-01', '1991-06-30', 4480, 849, 67),
('2007-04-01', '0000-00-00', 4478, 67, 87),
('2002-11-01', '2006-10-31', 4478, 287, 6),
('1982-12-01', '1993-05-31', 4476, 621, 58),
('2004-11-01', '2008-02-29', 4474, 22, 90),
('1988-09-01', '2001-08-31', 4471, 593, 26),
('2012-10-01', '2013-03-31', 4468, 869, 55),
('2007-01-01', '2008-09-30', 4467, 394, 87),
('1971-03-01', '1977-04-30', 4465, 286, 53),
('1988-12-01', '1995-05-31', 4462, 940, 16),
('1990-06-01', '1998-05-31', 4457, 466, 77),
('1989-08-01', '1994-07-31', 4455, 227, 36),
('2004-01-01', '2008-12-31', 4453, 873, 55),
('2010-10-01', '2012-09-30', 4449, 82, 42),
('1994-01-01', '1997-12-31', 4447, 779, 19),
('2003-11-01', '2007-03-31', 4445, 168, 46),
('2007-06-01', '2010-12-31', 4445, 89, 34),
('2001-10-01', '2008-01-31', 4443, 957, 82),
('2012-07-01', '2013-02-28', 4426, 74, 52),
('1994-10-01', '1999-09-30', 4426, 757, 8),
('2003-06-01', '0000-00-00', 4421, 104, 89),
('2006-11-01', '2009-05-31', 4419, 430, 22),
('2001-10-01', '2008-03-31', 4411, 661, 69),
('2010-09-01', '0000-00-00', 4408, 158, 36),
('2011-02-01', '2012-01-31', 4405, 425, 42),
('1994-11-01', '2004-10-31', 4399, 306, 6),
('2004-07-01', '2007-10-31', 4399, 49, 63),
('1987-11-01', '1994-05-31', 4399, 739, 3),
('1985-10-01', '2000-03-31', 4396, 954, 35),
('1995-07-01', '2004-12-31', 4391, 569, 73),
('2001-08-01', '2007-11-30', 4389, 646, 90),
('2006-10-01', '2008-03-31', 4385, 166, 77),
('2003-01-01', '2008-06-30', 4383, 740, 63),
('2007-09-01', '0000-00-00', 4383, 977, 24),
('2009-09-01', '0000-00-00', 4381, 602, 79),
('2007-12-01', '0000-00-00', 4381, 994, 32),
('2001-02-01', '2007-09-30', 4380, 162, 75),
('2005-04-01', '0000-00-00', 4379, 202, 59),
('1985-06-01', '1999-09-30', 4376, 452, 94),
('1995-10-01', '0000-00-00', 4372, 1000, 64),
('2006-04-01', '2008-11-30', 4370, 482, 75),
('2010-12-01', '2011-11-30', 4367, 968, 25),
('2012-01-01', '2012-06-30', 4365, 479, 29),
('2005-12-01', '0000-00-00', 4362, 526, 91),
('2012-11-01', '2013-04-30', 4356, 703, 11),
('2008-08-01', '2010-07-31', 4355, 752, 59),
('2008-08-01', '0000-00-00', 4350, 57, 27),
('2007-08-01', '2009-04-30', 4350, 367, 47),
('2009-10-01', '0000-00-00', 4349, 189, 5),
('2011-07-01', '2012-12-31', 4342, 60, 23),
('2003-11-01', '2007-05-31', 4335, 89, 2),
('2006-04-01', '0000-00-00', 4334, 463, 49),
('1994-10-01', '2001-03-31', 4334, 960, 85),
('2008-03-01', '0000-00-00', 4332, 218, 53),
('2010-06-01', '2011-09-30', 4328, 428, 59),
('2000-02-01', '0000-00-00', 4328, 460, 77),
('1997-11-01', '2001-02-28', 4327, 49, 69),
('1999-05-01', '2007-02-28', 4325, 114, 20),
('1998-02-01', '2003-07-31', 4325, 98, 78),
('1975-06-01', '1983-03-31', 4323, 667, 21),
('1991-04-01', '1998-10-31', 4322, 335, 97),
('2008-06-01', '0000-00-00', 4321, 880, 53),
('2010-01-01', '0000-00-00', 4320, 191, 39),
('2007-02-01', '2010-10-31', 4320, 501, 7),
('2007-03-01', '0000-00-00', 4320, 486, 33),
('2000-01-01', '2003-06-30', 4319, 815, 94),
('1970-06-01', '1992-05-31', 4318, 365, 10),
('2004-03-01', '0000-00-00', 4314, 164, 21),
('2009-08-01', '2011-12-31', 4314, 958, 41),
('1986-03-01', '1993-02-28', 4313, 101, 47),
('1991-02-01', '2002-09-30', 4311, 507, 28),
('1990-05-01', '1995-02-28', 4308, 512, 92),
('1999-08-01', '2006-10-31', 4308, 263, 63),
('1992-10-01', '1999-11-30', 4307, 358, 73),
('1994-11-01', '2004-10-31', 4305, 584, 96),
('2008-07-01', '0000-00-00', 4302, 446, 44),
('2012-12-01', '2013-11-30', 4302, 870, 80),
('2008-09-01', '0000-00-00', 4298, 632, 28),
('2006-04-01', '2007-06-30', 4298, 511, 97),
('1988-03-01', '1994-08-31', 4293, 279, 86),
('1987-08-01', '2000-11-30', 4291, 254, 51),
('1986-10-01', '1993-07-31', 4289, 486, 78),
('2002-01-01', '2008-05-31', 4289, 35, 58),
('1996-12-01', '2002-09-30', 4283, 381, 33),
('2012-03-01', '2012-12-31', 4280, 931, 86),
('2008-11-01', '2011-06-30', 4276, 538, 31),
('2009-02-01', '2010-05-31', 4274, 651, 35),
('1998-05-01', '2006-04-30', 4273, 964, 57),
('2002-11-01', '2008-08-31', 4269, 632, 46),
('1985-11-01', '1995-06-30', 4266, 292, 16),
('2009-09-01', '2011-10-31', 4266, 17, 81),
('2010-10-01', '2012-05-31', 4256, 323, 72),
('2008-11-01', '2010-04-30', 4254, 44, 82),
('1977-11-01', '1987-01-31', 4253, 192, 23),
('2005-03-01', '0000-00-00', 4253, 209, 13),
('2005-09-01', '0000-00-00', 4252, 160, 21),
('2008-05-01', '2009-09-30', 4249, 269, 61),
('2001-06-01', '2007-11-30', 4245, 549, 42),
('2011-01-01', '2011-06-30', 4245, 352, 42),
('2012-01-01', '0000-00-00', 4237, 905, 75),
('2002-03-01', '2008-02-29', 4237, 564, 46),
('2002-12-01', '2005-09-30', 4236, 857, 79),
('2010-01-01', '2011-07-31', 4236, 34, 37),
('2004-08-01', '2007-12-31', 4236, 43, 3),
('2012-05-01', '2012-07-31', 4233, 688, 17),
('2002-03-01', '0000-00-00', 4232, 39, 1),
('2007-04-01', '2009-07-31', 4232, 369, 40),
('2012-09-01', '0000-00-00', 4231, 922, 89),
('1990-04-01', '2002-03-31', 4229, 496, 49),
('1985-10-01', '1992-11-30', 4227, 793, 6),
('2006-10-01', '2010-05-31', 4224, 972, 56),
('2002-05-01', '2004-09-30', 4223, 839, 52),
('2007-11-01', '0000-00-00', 4221, 167, 29),
('1986-01-01', '1991-07-31', 4219, 725, 15),
('1997-07-01', '2006-02-28', 4218, 764, 74),
('1999-07-01', '0000-00-00', 4215, 558, 2),
('2001-05-01', '2005-08-31', 4215, 191, 25),
('1992-08-01', '1999-11-30', 4213, 67, 60),
('1986-11-01', '1992-05-31', 4209, 995, 90),
('1999-07-01', '0000-00-00', 4206, 152, 53),
('2002-04-01', '0000-00-00', 4206, 206, 84),
('1983-06-01', '1993-07-31', 4201, 893, 13),
('1999-02-01', '2004-01-31', 4198, 851, 59),
('2001-03-01', '2004-06-30', 4193, 49, 63),
('2001-07-01', '2004-08-31', 4190, 372, 2),
('1998-04-01', '2006-02-28', 4182, 897, 1),
('2004-02-01', '2009-01-31', 4178, 223, 79),
('1998-03-01', '0000-00-00', 4177, 357, 12),
('2012-04-01', '0000-00-00', 4174, 612, 36),
('2012-02-01', '2012-11-30', 4172, 767, 11),
('2013-07-01', '0000-00-00', 4168, 811, 14),
('1978-10-01', '1985-11-30', 4167, 106, 23),
('1986-09-01', '1993-08-31', 4163, 149, 84),
('2005-09-01', '0000-00-00', 4163, 885, 23),
('2009-07-01', '0000-00-00', 4161, 144, 71),
('2005-07-01', '0000-00-00', 4160, 192, 27),
('1996-02-01', '2002-01-31', 4157, 722, 43),
('1983-05-01', '1991-01-31', 4157, 772, 24),
('2009-02-01', '2010-09-30', 4157, 913, 70),
('2013-07-01', '2014-02-28', 4154, 575, 59),
('2003-04-01', '0000-00-00', 4146, 840, 89),
('2011-03-01', '2012-08-31', 4143, 922, 68),
('2006-01-01', '2008-02-29', 4142, 360, 5),
('2009-02-01', '0000-00-00', 4141, 223, 90),
('1998-07-01', '2006-06-30', 4140, 518, 90),
('2000-07-01', '2005-03-31', 4138, 186, 49),
('1977-07-01', '1983-08-31', 4134, 701, 24),
('2010-02-01', '2011-05-31', 4132, 504, 92),
('2007-07-01', '2009-03-31', 4128, 443, 71),
('2000-05-01', '2007-04-30', 4127, 14, 90),
('2013-03-01', '2013-10-31', 4126, 74, 47);
INSERT INTO `Salaire` (`Date_debut_salaire`, `Date_fin_salaire`, `Salaire_salarie`, `ID_salarie`, `ID_poste`) VALUES
('2012-12-01', '0000-00-00', 4122, 500, 71),
('2009-01-01', '0000-00-00', 4120, 423, 5),
('2011-05-01', '0000-00-00', 4120, 395, 61),
('2013-06-01', '0000-00-00', 4120, 78, 71),
('1986-12-01', '1996-03-31', 4119, 765, 25),
('2009-09-01', '2010-08-31', 4119, 864, 25),
('1989-11-01', '2002-02-28', 4113, 625, 6),
('2007-11-01', '0000-00-00', 4109, 324, 25),
('1970-01-01', '1991-11-30', 4108, 231, 21),
('2010-02-01', '0000-00-00', 4106, 490, 2),
('1991-03-01', '1994-05-31', 4106, 649, 53),
('1979-09-01', '1986-08-31', 4104, 427, 97),
('2004-06-01', '0000-00-00', 4103, 721, 54),
('1982-04-01', '1992-11-30', 4094, 280, 87),
('2011-02-01', '2012-01-31', 4093, 758, 23),
('2009-12-01', '2010-11-30', 4090, 968, 79),
('1990-07-01', '1998-06-30', 4089, 180, 6),
('1996-09-01', '2005-04-30', 4085, 494, 45),
('1990-10-01', '1996-09-30', 4079, 613, 82),
('2005-04-01', '2009-12-31', 4077, 186, 47),
('2009-10-01', '0000-00-00', 4077, 892, 87),
('1983-04-01', '1993-09-30', 4076, 937, 75),
('2013-04-01', '0000-00-00', 4076, 926, 60),
('2013-02-01', '2013-07-31', 4075, 528, 48),
('1991-08-01', '1999-03-31', 4074, 159, 67),
('2002-10-01', '2008-05-31', 4070, 291, 85),
('2011-03-01', '2012-11-30', 4070, 500, 78),
('1979-04-01', '1990-10-31', 4067, 402, 64),
('1998-08-01', '2002-07-31', 4066, 148, 69),
('2006-07-01', '0000-00-00', 4062, 180, 31),
('1994-02-01', '1999-01-31', 4061, 105, 86),
('2011-05-01', '2013-01-31', 4058, 654, 47),
('2007-08-01', '2009-03-31', 4056, 959, 16),
('1973-05-01', '1993-10-31', 4054, 714, 86),
('2010-10-01', '2011-09-30', 4049, 611, 90),
('2014-02-01', '0000-00-00', 4048, 774, 41),
('2003-11-01', '0000-00-00', 4042, 138, 37),
('1994-09-01', '0000-00-00', 4042, 934, 44),
('1994-05-01', '2004-04-30', 4039, 215, 81),
('2012-02-01', '0000-00-00', 4035, 430, 45),
('2009-02-01', '0000-00-00', 4018, 371, 76),
('1977-01-01', '1989-04-30', 4017, 237, 77),
('2001-07-01', '2005-09-30', 4017, 233, 32),
('2010-06-01', '0000-00-00', 4012, 246, 98),
('1979-09-01', '1988-04-30', 4012, 145, 91),
('1999-07-01', '2006-09-30', 4010, 318, 5),
('1981-07-01', '1997-11-30', 4009, 313, 70),
('1986-02-01', '1993-03-31', 4008, 261, 57),
('1982-01-01', '1989-12-31', 4006, 825, 41),
('1990-11-01', '1996-10-31', 4005, 322, 39),
('1988-05-01', '1994-09-30', 4001, 960, 14),
('1985-02-01', '1992-04-30', 3997, 633, 88),
('1999-04-01', '2004-03-31', 3995, 648, 72),
('1999-06-01', '2006-09-30', 3995, 497, 27),
('2013-05-01', '0000-00-00', 3987, 44, 64),
('2012-01-01', '0000-00-00', 3983, 958, 63),
('2004-01-01', '2005-08-31', 3982, 901, 37),
('2008-06-01', '0000-00-00', 3976, 617, 66),
('2005-01-01', '0000-00-00', 3973, 643, 17),
('2009-02-01', '2011-11-30', 3973, 264, 96),
('2000-04-01', '2007-07-31', 3973, 953, 80),
('2010-09-01', '2011-08-31', 3966, 864, 12),
('1983-11-01', '1989-12-31', 3963, 348, 29),
('1983-08-01', '1993-10-31', 3961, 164, 69),
('1993-12-01', '0000-00-00', 3958, 639, 11),
('2012-04-01', '2013-05-31', 3958, 973, 31),
('2012-03-01', '2013-06-30', 3958, 811, 3),
('2003-02-01', '2008-09-30', 3957, 627, 21),
('2011-12-01', '0000-00-00', 3956, 61, 80),
('1993-04-01', '1997-05-31', 3950, 763, 25),
('1999-08-01', '2004-07-31', 3949, 227, 62),
('2006-06-01', '2008-12-31', 3949, 522, 44),
('1972-12-01', '1993-11-30', 3949, 321, 65),
('1987-10-01', '1996-09-30', 3948, 876, 26),
('2013-01-01', '0000-00-00', 3947, 60, 35),
('2011-02-01', '2012-04-30', 3945, 45, 50),
('1982-06-01', '1988-11-30', 3937, 940, 66),
('2012-07-01', '2013-02-28', 3935, 141, 35),
('2005-06-01', '0000-00-00', 3935, 204, 25),
('2011-12-01', '2013-05-31', 3934, 384, 30),
('1992-09-01', '0000-00-00', 3927, 628, 67),
('2008-12-01', '2009-11-30', 3924, 968, 6),
('1994-10-01', '1999-09-30', 3921, 400, 88),
('2009-09-01', '0000-00-00', 3919, 845, 35),
('2004-10-01', '2007-12-31', 3917, 109, 47),
('1984-03-01', '1990-02-28', 3914, 564, 9),
('2007-08-01', '0000-00-00', 3913, 759, 69),
('2004-12-01', '2009-11-30', 3911, 996, 4),
('1977-08-01', '1984-12-31', 3906, 807, 27),
('2002-10-01', '0000-00-00', 3903, 507, 42),
('1997-03-01', '2002-12-31', 3902, 872, 70),
('1994-11-01', '1999-10-31', 3894, 420, 32),
('2014-04-01', '0000-00-00', 3893, 334, 45),
('2011-06-01', '0000-00-00', 3893, 857, 81),
('2005-01-01', '2009-09-30', 3891, 559, 89),
('1999-09-01', '2004-08-31', 3884, 470, 75),
('1974-08-01', '1981-03-31', 3882, 974, 83),
('1978-05-01', '1996-03-31', 3877, 860, 98),
('1996-12-01', '2001-05-31', 3876, 246, 57),
('2003-04-01', '0000-00-00', 3875, 803, 62),
('2011-12-01', '2012-11-30', 3873, 979, 66),
('2009-04-01', '0000-00-00', 3867, 467, 22),
('1978-11-01', '1990-10-31', 3864, 592, 94),
('2008-01-01', '2009-12-31', 3864, 905, 88),
('2012-09-01', '2013-04-30', 3863, 387, 65),
('2009-03-01', '0000-00-00', 3862, 230, 7),
('2007-10-01', '2009-11-30', 3861, 200, 45),
('1992-05-01', '0000-00-00', 3858, 782, 26),
('1978-03-01', '1996-02-29', 3857, 546, 22),
('2010-08-01', '2012-07-31', 3852, 752, 80),
('2002-04-01', '0000-00-00', 3848, 496, 80),
('2004-10-01', '2009-09-30', 3847, 433, 88),
('1997-05-01', '2000-09-30', 3844, 228, 43),
('2006-05-01', '0000-00-00', 3842, 963, 87),
('2001-11-01', '2008-01-31', 3842, 331, 49),
('1999-09-01', '2003-04-30', 3838, 501, 42),
('2002-06-01', '2004-10-31', 3835, 958, 91),
('1974-04-01', '1987-07-31', 3834, 254, 77),
('1986-11-01', '1992-05-31', 3834, 266, 7),
('2003-07-01', '0000-00-00', 3832, 242, 75),
('2001-01-01', '2005-04-30', 3828, 602, 96),
('2002-04-01', '2005-02-28', 3822, 347, 79),
('2004-11-01', '0000-00-00', 3821, 48, 95),
('1991-01-01', '1998-10-31', 3820, 667, 51),
('2011-03-01', '2012-10-31', 3819, 260, 79),
('2006-04-01', '2008-11-30', 3818, 343, 30),
('2013-03-01', '0000-00-00', 3815, 842, 70),
('1983-01-01', '1993-06-30', 3814, 302, 89),
('2000-12-01', '2004-05-31', 3811, 808, 13),
('1993-01-01', '2003-09-30', 3810, 51, 62),
('1992-08-01', '1999-09-30', 3806, 665, 58),
('2005-02-01', '2007-04-30', 3805, 887, 70),
('2007-04-01', '2009-07-31', 3805, 61, 70),
('1985-02-01', '1992-04-30', 3804, 900, 64),
('1972-09-01', '1993-07-31', 3795, 289, 92),
('2003-04-01', '2005-01-31', 3785, 370, 10),
('1974-01-01', '1983-12-31', 3783, 819, 16),
('2012-01-01', '2012-10-31', 3781, 193, 34),
('1999-06-01', '2001-04-30', 3778, 980, 76),
('1999-06-01', '2003-03-31', 3773, 598, 52),
('1996-04-01', '2002-05-31', 3772, 348, 84),
('2003-09-01', '2006-04-30', 3770, 31, 74),
('2009-04-01', '2010-10-31', 3765, 959, 95),
('1997-08-01', '0000-00-00', 3763, 723, 87),
('1997-03-01', '2002-09-30', 3759, 291, 55),
('1977-05-01', '1983-06-30', 3758, 218, 79),
('1993-01-01', '2003-06-30', 3758, 762, 82),
('2013-03-01', '0000-00-00', 3750, 879, 84),
('2001-02-01', '2007-11-30', 3750, 770, 63),
('2010-07-01', '0000-00-00', 3747, 815, 76),
('2007-08-01', '2010-11-30', 3746, 390, 76),
('1987-06-01', '1994-03-31', 3746, 770, 93),
('1999-06-01', '2006-11-30', 3744, 502, 40),
('2006-10-01', '0000-00-00', 3744, 442, 68),
('2009-01-01', '2011-06-30', 3738, 249, 42),
('2001-08-01', '0000-00-00', 3734, 580, 44),
('1992-03-01', '0000-00-00', 3727, 626, 50),
('2009-02-01', '2010-01-31', 3724, 516, 9),
('2002-02-01', '2008-01-31', 3723, 732, 85),
('1995-10-01', '2005-03-31', 3722, 202, 2),
('2012-07-01', '2012-12-31', 3720, 567, 96),
('2008-12-01', '2011-07-31', 3715, 343, 19),
('2006-08-01', '0000-00-00', 3713, 667, 53),
('1990-04-01', '1996-05-31', 3708, 81, 92),
('2011-08-01', '0000-00-00', 3706, 163, 52),
('2011-06-01', '2012-09-30', 3704, 183, 45),
('1982-05-01', '1993-01-31', 3704, 930, 53),
('2003-01-01', '2006-08-31', 3702, 831, 71),
('2013-01-01', '2013-06-30', 3699, 567, 82),
('1990-07-01', '1998-06-30', 3697, 448, 28),
('2004-01-01', '2008-12-31', 3696, 423, 41),
('1983-11-01', '1991-05-31', 3696, 773, 88),
('1998-04-01', '0000-00-00', 3694, 561, 65),
('1976-08-01', '1986-01-31', 3694, 69, 23),
('1993-12-01', '1997-05-31', 3690, 808, 9),
('2008-04-01', '2010-03-31', 3690, 377, 79),
('1999-11-01', '2002-04-30', 3689, 839, 87),
('2006-04-01', '0000-00-00', 3688, 389, 65),
('2012-09-01', '0000-00-00', 3688, 888, 65),
('2001-12-01', '0000-00-00', 3687, 196, 94),
('2009-10-01', '2012-03-31', 3683, 871, 26),
('2010-02-01', '0000-00-00', 3681, 239, 22),
('1973-10-01', '1983-12-31', 3677, 9, 4),
('1979-01-01', '1984-01-31', 3677, 892, 75),
('1987-02-01', '1996-04-30', 3674, 192, 41),
('2004-03-01', '0000-00-00', 3671, 962, 4),
('2004-10-01', '2009-09-30', 3667, 400, 52),
('1981-01-01', '1991-12-31', 3662, 884, 47),
('2008-05-01', '0000-00-00', 3661, 925, 84),
('2013-03-01', '0000-00-00', 3661, 609, 54),
('1972-02-01', '1986-01-31', 3656, 768, 70),
('2013-10-01', '0000-00-00', 3653, 32, 62),
('2006-07-01', '0000-00-00', 3651, 108, 42),
('1995-10-01', '2001-12-31', 3651, 364, 64),
('2006-08-01', '2009-01-31', 3651, 290, 80),
('2006-11-01', '0000-00-00', 3649, 998, 45),
('2004-08-01', '0000-00-00', 3648, 255, 89),
('2009-07-01', '2011-09-30', 3645, 103, 90),
('2004-07-01', '2006-02-28', 3642, 260, 69),
('1998-01-01', '2001-12-31', 3640, 779, 38),
('2012-07-01', '2013-04-30', 3638, 274, 17),
('2005-10-01', '2007-07-31', 3633, 784, 62),
('2008-08-01', '2010-01-31', 3630, 190, 63),
('2007-05-01', '0000-00-00', 3628, 576, 48),
('2014-02-01', '0000-00-00', 3626, 696, 86),
('1990-01-01', '1996-03-31', 3626, 348, 41),
('2011-01-01', '2011-12-31', 3626, 63, 76),
('2012-10-01', '2013-05-31', 3623, 666, 30),
('2010-06-01', '2012-05-31', 3622, 382, 14),
('1981-01-01', '1986-06-30', 3619, 952, 95),
('2009-08-01', '2011-11-30', 3615, 61, 33),
('1987-07-01', '2000-11-30', 3613, 119, 24),
('1986-09-01', '1995-11-30', 3610, 794, 86),
('1994-12-01', '2004-11-30', 3609, 413, 92),
('2010-01-01', '2011-12-31', 3605, 4, 81),
('2002-10-01', '2008-08-31', 3603, 834, 37),
('2008-08-01', '2010-07-31', 3596, 199, 61),
('1990-12-01', '2002-11-30', 3594, 581, 40),
('1997-05-01', '2005-08-31', 3593, 692, 24),
('2009-04-01', '0000-00-00', 3584, 305, 11),
('1972-12-01', '1979-11-30', 3581, 359, 69),
('1979-07-01', '1988-03-31', 3575, 298, 14),
('1996-03-01', '2005-05-31', 3574, 939, 27),
('1995-09-01', '2005-01-31', 3572, 157, 67),
('1976-08-01', '1981-12-31', 3572, 230, 36),
('2007-12-01', '0000-00-00', 3569, 549, 19),
('2011-11-01', '2013-02-28', 3567, 609, 1),
('2001-12-01', '2003-04-30', 3563, 729, 32),
('1996-03-01', '2005-02-28', 3561, 205, 80),
('1981-12-01', '1992-11-30', 3559, 894, 21),
('2010-09-01', '2012-04-30', 3558, 901, 50),
('1993-09-01', '1997-10-31', 3557, 697, 66),
('2010-01-01', '2011-07-31', 3554, 879, 88),
('2011-10-01', '0000-00-00', 3554, 103, 12),
('1992-11-01', '2000-02-29', 3548, 533, 51),
('2012-08-01', '2013-07-31', 3545, 771, 24),
('2011-07-01', '2012-04-30', 3545, 966, 23),
('1999-02-01', '2004-01-31', 3543, 556, 28),
('1993-11-01', '2000-10-31', 3539, 167, 41),
('2006-10-01', '2010-04-30', 3537, 985, 29),
('2004-01-01', '0000-00-00', 3537, 93, 48),
('1972-12-01', '1993-11-30', 3536, 639, 92),
('2008-09-01', '0000-00-00', 3536, 81, 6),
('2005-02-01', '0000-00-00', 3535, 69, 63),
('2007-03-01', '0000-00-00', 3532, 807, 95),
('1995-07-01', '2004-09-30', 3531, 182, 95),
('1994-06-01', '2001-01-31', 3530, 162, 15),
('2008-12-01', '0000-00-00', 3526, 608, 93),
('2005-09-01', '2009-12-31', 3525, 789, 33),
('1986-05-01', '1993-04-30', 3522, 912, 77),
('2005-05-01', '0000-00-00', 3521, 397, 55),
('1995-09-01', '2001-12-31', 3521, 850, 26),
('1971-02-01', '1985-04-30', 3520, 823, 49),
('1991-07-01', '1995-12-31', 3519, 144, 25),
('2001-12-01', '2008-03-31', 3519, 37, 28),
('2002-08-01', '2008-07-31', 3516, 804, 36),
('1984-10-01', '1999-04-30', 3514, 733, 80),
('2010-03-01', '2011-08-31', 3507, 992, 76),
('2008-09-01', '2010-08-31', 3506, 429, 62),
('2002-08-01', '0000-00-00', 3505, 432, 89),
('2010-01-01', '0000-00-00', 3505, 186, 31),
('2013-09-01', '2014-02-28', 3504, 623, 20),
('2004-10-01', '2007-03-31', 3501, 839, 27),
('1993-01-01', '1999-12-31', 3500, 326, 90),
('1994-03-01', '2000-10-31', 3499, 680, 95),
('2009-09-01', '0000-00-00', 3496, 572, 78),
('1971-03-01', '1981-11-30', 3494, 104, 98),
('2009-10-01', '2011-12-31', 3485, 307, 39),
('2011-11-01', '0000-00-00', 3481, 965, 37),
('2007-08-01', '2010-12-31', 3481, 689, 72),
('1983-09-01', '1991-03-31', 3478, 335, 1),
('2010-07-01', '2010-12-31', 3478, 352, 33),
('1996-10-01', '2005-09-30', 3477, 184, 90),
('1991-07-01', '2002-10-31', 3469, 531, 91),
('2012-09-01', '0000-00-00', 3464, 211, 68),
('2003-09-01', '2008-10-31', 3463, 42, 74),
('1970-05-01', '1984-12-31', 3458, 469, 23),
('1990-03-01', '2002-01-31', 3457, 404, 12),
('1992-12-01', '2000-02-29', 3456, 793, 8),
('2000-07-01', '2007-08-31', 3454, 261, 48),
('2007-09-01', '0000-00-00', 3451, 316, 60),
('2008-09-01', '0000-00-00', 3449, 171, 9),
('2008-09-01', '2011-04-30', 3448, 309, 75),
('2009-08-01', '2010-05-31', 3445, 931, 6),
('1998-01-01', '2005-12-31', 3440, 825, 12),
('2012-10-01', '2013-02-28', 3439, 707, 40),
('2004-07-01', '0000-00-00', 3437, 9, 97),
('2008-05-01', '2010-04-30', 3434, 3, 68),
('2003-11-01', '0000-00-00', 3428, 893, 48),
('1981-12-01', '1987-04-30', 3427, 986, 17),
('1998-08-01', '2006-07-31', 3425, 353, 22),
('2004-09-01', '2007-11-30', 3425, 372, 66),
('1999-11-01', '0000-00-00', 3424, 315, 83),
('1994-04-01', '1999-03-31', 3423, 305, 28),
('1978-10-01', '1987-09-30', 3420, 876, 15),
('2004-05-01', '2006-04-30', 3414, 3, 48),
('2005-05-01', '2009-10-31', 3413, 878, 26),
('1988-11-01', '1997-03-31', 3411, 132, 98),
('2000-03-01', '2007-02-28', 3409, 524, 79),
('1983-10-01', '1991-07-31', 3406, 114, 22),
('2013-04-01', '2013-08-31', 3402, 601, 38),
('2003-08-01', '2008-12-31', 3401, 986, 46),
('2007-02-01', '0000-00-00', 3400, 96, 69),
('2009-02-01', '2010-10-31', 3395, 403, 38),
('2008-08-01', '2011-05-31', 3394, 857, 96),
('2011-10-01', '0000-00-00', 3393, 116, 6),
('1970-05-01', '1984-12-31', 3392, 519, 7),
('1992-02-01', '1999-07-31', 3391, 982, 39),
('2007-03-01', '0000-00-00', 3389, 114, 57),
('2007-01-01', '2010-06-30', 3386, 815, 98),
('2013-07-01', '0000-00-00', 3380, 479, 93),
('2004-07-01', '0000-00-00', 3379, 535, 11),
('1994-12-01', '2004-11-30', 3375, 115, 17),
('2013-08-01', '0000-00-00', 3374, 275, 95),
('1994-10-01', '1998-09-30', 3371, 836, 48),
('2000-11-01', '0000-00-00', 3365, 523, 71),
('1978-10-01', '1985-11-30', 3365, 806, 55),
('1990-11-01', '1998-10-31', 3360, 863, 82),
('2003-07-01', '2006-04-30', 3360, 605, 59),
('1986-01-01', '0000-00-00', 3359, 685, 92),
('2009-06-01', '2010-05-31', 3359, 78, 55),
('1986-10-01', '2000-09-30', 3358, 349, 93),
('2004-07-01', '0000-00-00', 3357, 818, 70),
('2014-03-01', '0000-00-00', 3353, 623, 28),
('1984-08-01', '1992-01-31', 3351, 982, 32),
('2001-03-01', '2007-08-31', 3349, 279, 27),
('2004-12-01', '2005-11-30', 3345, 968, 79),
('2010-06-01', '2011-04-30', 3344, 931, 85),
('1992-08-01', '1998-01-31', 3341, 98, 76),
('1996-07-01', '2002-06-30', 3339, 56, 77),
('2006-10-01', '2010-09-30', 3338, 836, 15),
('2012-07-01', '2013-04-30', 3336, 717, 49),
('2012-01-01', '2012-06-30', 3335, 567, 33),
('1989-08-01', '2001-11-30', 3331, 196, 9),
('2000-10-01', '0000-00-00', 3324, 349, 73),
('1972-04-01', '1993-03-31', 3323, 702, 91),
('2004-03-01', '2007-08-31', 3321, 419, 58),
('1998-07-01', '2003-10-31', 3321, 136, 62),
('1999-02-01', '2002-01-31', 3320, 175, 50),
('2013-06-01', '0000-00-00', 3308, 100, 92),
('2006-07-01', '2010-04-30', 3305, 338, 25),
('2012-04-01', '2012-11-30', 3305, 459, 77),
('1993-08-01', '0000-00-00', 3304, 41, 55),
('2007-12-01', '2009-08-31', 3303, 820, 49),
('2000-03-01', '2007-02-28', 3301, 127, 98),
('1993-09-01', '0000-00-00', 3299, 283, 18),
('1997-10-01', '0000-00-00', 3298, 706, 39),
('2011-11-01', '2013-04-30', 3297, 44, 5),
('2006-02-01', '0000-00-00', 3297, 383, 74),
('2009-12-01', '0000-00-00', 3294, 763, 27),
('2006-03-01', '2007-07-31', 3294, 882, 59),
('1993-09-01', '2000-08-31', 3293, 52, 1),
('1994-12-01', '2004-08-31', 3290, 462, 96),
('1978-04-01', '1985-05-31', 3288, 195, 21),
('1993-01-01', '2003-06-30', 3288, 242, 46),
('2006-08-01', '0000-00-00', 3287, 671, 2),
('1991-07-01', '2003-02-28', 3284, 849, 81),
('1986-11-01', '1996-02-29', 3283, 699, 19),
('1992-05-01', '1999-07-31', 3280, 263, 76),
('1998-10-01', '2001-04-30', 3278, 522, 51),
('2010-12-01', '0000-00-00', 3277, 909, 19),
('2008-08-01', '2011-07-31', 3276, 810, 51),
('2006-09-01', '2010-04-30', 3275, 95, 61),
('1984-11-01', '1999-10-31', 3274, 315, 23),
('2001-06-01', '2005-11-30', 3272, 682, 89),
('2009-01-01', '0000-00-00', 3271, 986, 94),
('2010-09-01', '0000-00-00', 3270, 513, 89),
('1991-12-01', '1999-05-31', 3259, 502, 28),
('2010-10-01', '0000-00-00', 3257, 506, 53),
('1992-05-01', '1999-10-31', 3256, 576, 84),
('2010-06-01', '0000-00-00', 3256, 682, 18),
('2011-02-01', '2012-03-31', 3255, 973, 57),
('2011-07-01', '2012-10-31', 3255, 511, 24),
('2007-07-01', '2010-10-31', 3254, 15, 65),
('1982-06-01', '1990-05-31', 3254, 466, 36),
('2004-12-01', '2007-05-31', 3253, 284, 10),
('2013-04-01', '0000-00-00', 3252, 34, 2),
('1970-12-01', '1979-08-31', 3246, 718, 10),
('2002-08-01', '0000-00-00', 3243, 603, 9),
('1997-05-01', '2000-02-29', 3240, 385, 59),
('1979-12-01', '1991-07-31', 3238, 840, 74),
('1992-01-01', '2002-12-31', 3234, 884, 97),
('2000-09-01', '2003-05-31', 3234, 798, 32),
('1972-09-01', '1993-08-31', 3234, 283, 35),
('2000-04-01', '2003-10-31', 3232, 89, 92),
('1997-10-01', '2001-12-31', 3230, 787, 6),
('1989-02-01', '1997-05-31', 3225, 7, 34),
('1991-11-01', '1999-04-30', 3222, 678, 46),
('2002-08-01', '0000-00-00', 3222, 222, 92),
('2005-08-01', '0000-00-00', 3222, 765, 10),
('2007-02-01', '2009-05-31', 3221, 461, 83),
('2011-01-01', '2011-05-31', 3221, 601, 98),
('1995-09-01', '2000-05-31', 3216, 308, 64),
('1989-03-01', '2001-09-30', 3210, 816, 19),
('1984-07-01', '1992-01-31', 3209, 844, 6),
('2004-07-01', '2007-09-30', 3208, 276, 47),
('1979-02-01', '1996-07-31', 3207, 421, 36),
('1982-04-01', '1992-12-31', 3207, 73, 79),
('2010-02-01', '0000-00-00', 3203, 133, 71),
('2001-01-01', '2004-04-30', 3200, 649, 67),
('2004-02-01', '0000-00-00', 3198, 993, 94),
('2008-09-01', '0000-00-00', 3195, 238, 27),
('2001-04-01', '2003-05-31', 3193, 200, 35),
('2013-08-01', '0000-00-00', 3190, 76, 64),
('1999-07-01', '2004-07-31', 3189, 892, 14),
('1986-01-01', '1991-08-31', 3187, 68, 27),
('2000-05-01', '2007-02-28', 3182, 486, 57),
('2012-05-01', '0000-00-00', 3179, 3, 80),
('2006-11-01', '0000-00-00', 3178, 293, 74),
('1994-05-01', '1999-06-30', 3178, 892, 59),
('1986-02-01', '2000-01-31', 3175, 768, 29),
('1995-02-01', '1998-10-31', 3173, 743, 63),
('2013-09-01', '0000-00-00', 3170, 691, 35),
('2007-12-01', '0000-00-00', 3169, 431, 53),
('1997-12-01', '0000-00-00', 3169, 744, 16),
('2004-05-01', '0000-00-00', 3169, 898, 32),
('1984-01-01', '1993-12-31', 3167, 819, 73),
('2009-04-01', '0000-00-00', 3164, 629, 94),
('2010-10-01', '2011-05-31', 3161, 774, 83),
('2009-08-01', '2011-11-30', 3159, 369, 38),
('1990-11-01', '2002-06-30', 3152, 402, 74),
('1978-03-01', '1985-06-30', 3152, 533, 63),
('2013-04-01', '0000-00-00', 3146, 596, 80),
('2002-04-01', '2008-06-30', 3144, 499, 59),
('2013-03-01', '0000-00-00', 3140, 557, 63),
('1982-02-01', '1992-09-30', 3137, 86, 13),
('2004-04-01', '2006-10-31', 3136, 430, 89),
('1999-08-01', '2006-10-31', 3135, 998, 12),
('2004-04-01', '0000-00-00', 3134, 937, 77),
('2011-05-01', '2012-09-30', 3132, 858, 39),
('2005-08-01', '0000-00-00', 3131, 664, 19),
('1975-02-01', '1982-10-31', 3126, 217, 86),
('1984-06-01', '1990-05-31', 3125, 483, 5),
('1985-02-01', '1992-04-30', 3123, 263, 20),
('2004-12-01', '2009-06-30', 3123, 562, 45),
('2002-05-01', '0000-00-00', 3119, 327, 77),
('1998-12-01', '2002-08-31', 3118, 338, 43),
('2012-08-01', '0000-00-00', 3115, 451, 78),
('1973-08-01', '1981-09-30', 3110, 458, 74),
('1994-05-01', '2004-04-30', 3109, 898, 25),
('1992-02-01', '1999-05-31', 3105, 77, 74),
('2012-10-01', '0000-00-00', 3100, 709, 78),
('2008-12-01', '0000-00-00', 3099, 539, 79),
('1995-07-01', '2001-09-30', 3098, 690, 82),
('2006-11-01', '0000-00-00', 3095, 263, 64),
('2006-05-01', '2009-02-28', 3091, 605, 31),
('1975-04-01', '1984-12-31', 3089, 544, 53),
('1985-02-01', '1994-09-30', 3088, 721, 85),
('1973-06-01', '0000-00-00', 3088, 121, 29),
('2003-10-01', '0000-00-00', 3087, 187, 52),
('2014-02-01', '0000-00-00', 3086, 71, 44),
('1995-02-01', '2004-10-31', 3082, 659, 47),
('2004-02-01', '2006-07-31', 3080, 290, 76),
('2010-10-01', '2012-05-31', 3077, 913, 37),
('1987-05-01', '2000-08-31', 3076, 147, 69),
('1986-08-01', '1992-03-31', 3076, 361, 86),
('2002-10-01', '2008-09-30', 3072, 484, 44),
('1999-09-01', '2004-08-31', 3068, 179, 25),
('1997-01-01', '2002-08-31', 3068, 398, 91),
('2009-12-01', '0000-00-00', 3068, 817, 74),
('1997-07-01', '2000-04-30', 3063, 855, 49),
('1993-03-01', '2000-02-29', 3062, 524, 68),
('2000-09-01', '2004-02-29', 3057, 419, 59),
('1996-09-01', '2005-08-31', 3053, 273, 32),
('1995-07-01', '2005-02-28', 3051, 447, 72),
('1994-06-01', '1999-05-31', 3050, 911, 76),
('1992-01-01', '0000-00-00', 3047, 188, 47),
('1993-07-01', '1998-09-30', 3046, 629, 48),
('2006-04-01', '2010-01-31', 3044, 591, 87),
('2005-07-01', '0000-00-00', 3043, 699, 80),
('1989-06-01', '1994-05-31', 3043, 911, 43),
('2008-12-01', '2009-11-30', 3039, 870, 30),
('2009-01-01', '2010-06-30', 3036, 882, 93),
('1979-04-01', '0000-00-00', 3035, 923, 25),
('1998-11-01', '2006-10-31', 3034, 863, 46),
('2007-08-01', '2009-08-31', 3033, 17, 81),
('1991-06-01', '1997-02-28', 3031, 872, 30),
('2009-11-01', '2011-01-31', 3029, 45, 20),
('2006-12-01', '2010-07-31', 3026, 637, 17),
('2002-10-01', '2008-09-30', 3026, 613, 20),
('2014-01-01', '0000-00-00', 3022, 830, 41),
('2000-09-01', '2007-08-31', 3016, 441, 65),
('1982-10-01', '1990-09-30', 3013, 201, 19),
('2011-09-01', '0000-00-00', 3011, 657, 79),
('1992-05-01', '1999-08-31', 3009, 607, 21),
('1981-02-01', '1997-07-31', 3008, 723, 64),
('2004-12-01', '0000-00-00', 3005, 413, 58),
('1976-04-01', '0000-00-00', 3005, 712, 56),
('1995-05-01', '1999-02-28', 3004, 669, 74),
('1997-07-01', '2002-12-31', 3001, 740, 21),
('1991-07-01', '1999-02-28', 2999, 146, 71),
('1993-11-01', '2004-04-30', 2998, 861, 74),
('1997-06-01', '2003-01-31', 2996, 730, 13),
('2012-07-01', '0000-00-00', 2992, 579, 52),
('2013-02-01', '2013-09-30', 2981, 32, 68),
('1991-06-01', '1999-02-28', 2978, 65, 87),
('2000-12-01', '0000-00-00', 2978, 254, 81),
('1999-03-01', '0000-00-00', 2977, 961, 70),
('2012-09-01', '0000-00-00', 2976, 745, 74),
('2004-07-01', '2009-04-30', 2976, 805, 69),
('2009-04-01', '2010-12-31', 2974, 443, 81),
('1971-09-01', '1993-02-28', 2974, 555, 70),
('2008-07-01', '0000-00-00', 2971, 499, 72),
('1999-12-01', '2007-03-31', 2963, 67, 4),
('2011-10-01', '0000-00-00', 2958, 258, 34),
('2010-05-01', '0000-00-00', 2952, 95, 73),
('2009-04-01', '0000-00-00', 2949, 710, 63),
('2009-04-01', '2010-06-30', 2948, 319, 11),
('1981-04-01', '1987-11-30', 2944, 974, 42),
('2003-11-01', '2009-02-28', 2943, 136, 34),
('2004-09-01', '0000-00-00', 2942, 386, 64),
('1998-06-01', '2003-09-30', 2941, 991, 67),
('1989-10-01', '2002-03-31', 2938, 724, 25),
('2006-12-01', '0000-00-00', 2936, 65, 54),
('1973-08-01', '1980-05-31', 2935, 977, 82),
('1988-07-01', '0000-00-00', 2934, 151, 60),
('2013-07-01', '2013-09-30', 2932, 688, 62),
('2005-09-01', '2009-10-31', 2928, 686, 77),
('2012-12-01', '2013-11-30', 2928, 59, 88),
('1970-12-01', '1985-07-31', 2926, 97, 75),
('1993-08-01', '0000-00-00', 2924, 289, 9),
('1995-06-01', '2005-01-31', 2920, 128, 13),
('2000-10-01', '2007-09-30', 2919, 799, 59),
('2003-03-01', '2006-11-30', 2919, 929, 41),
('1987-07-01', '2001-02-28', 2916, 867, 81),
('2008-10-01', '0000-00-00', 2909, 872, 89),
('1997-04-01', '1999-09-30', 2908, 871, 49),
('1993-09-01', '2000-08-31', 2904, 316, 46),
('1996-03-01', '2005-02-28', 2902, 209, 34),
('2004-12-01', '2006-11-30', 2902, 936, 87),
('2011-12-01', '2012-08-31', 2900, 131, 75),
('2006-01-01', '2007-12-31', 2899, 495, 31),
('2010-06-01', '2011-09-30', 2895, 651, 71),
('1993-09-01', '2000-08-31', 2894, 401, 9),
('2009-01-01', '2010-09-30', 2893, 333, 98),
('2010-10-01', '0000-00-00', 2892, 20, 41),
('2002-03-01', '2008-04-30', 2891, 701, 32),
('1995-10-01', '2000-06-30', 2886, 186, 80),
('2004-12-01', '2009-07-31', 2885, 235, 64),
('1992-01-01', '2003-04-30', 2883, 944, 62),
('1979-06-01', '1996-11-30', 2878, 899, 34),
('1979-06-01', '1985-03-31', 2877, 381, 76),
('2009-08-01', '2011-10-31', 2876, 887, 72),
('2008-05-01', '0000-00-00', 2875, 850, 74),
('2003-01-01', '0000-00-00', 2874, 176, 98),
('2013-06-01', '0000-00-00', 2872, 595, 91),
('1994-01-01', '2003-12-31', 2872, 351, 62),
('1982-11-01', '1993-06-30', 2869, 40, 52),
('1973-09-01', '0000-00-00', 2869, 368, 76),
('2012-06-01', '2013-05-31', 2861, 107, 72),
('1991-02-01', '2002-07-31', 2857, 432, 59),
('1994-08-01', '2001-03-31', 2856, 431, 85),
('1984-11-01', '1992-04-30', 2855, 576, 72),
('1992-06-01', '1999-07-31', 2851, 998, 42),
('1995-04-01', '2004-12-31', 2850, 643, 21),
('1994-06-01', '2000-12-31', 2848, 739, 71),
('1993-12-01', '0000-00-00', 2842, 321, 19),
('1992-11-01', '1998-04-30', 2842, 230, 25),
('1971-07-01', '1992-12-31', 2834, 170, 3),
('1976-04-01', '1995-03-31', 2832, 781, 38),
('1993-05-01', '2003-10-31', 2823, 754, 58),
('1973-12-01', '1982-01-31', 2819, 525, 74),
('2008-07-01', '2009-12-31', 2818, 60, 91),
('2006-04-01', '0000-00-00', 2816, 422, 47),
('2004-09-01', '2009-08-31', 2812, 179, 90),
('2006-10-01', '2010-06-30', 2812, 669, 77),
('2008-09-01', '2010-08-31', 2811, 745, 72),
('2008-02-01', '2011-01-31', 2810, 175, 72),
('2004-09-01', '2009-05-31', 2808, 111, 83),
('1998-11-01', '2006-10-31', 2807, 293, 53),
('2010-12-01', '0000-00-00', 2801, 228, 23),
('2007-05-01', '2010-08-31', 2801, 903, 33),
('2000-02-01', '2002-10-31', 2793, 259, 97),
('2003-01-01', '2005-10-31', 2791, 385, 89),
('1984-07-01', '1999-06-30', 2789, 18, 82),
('1996-03-01', '2005-02-28', 2788, 587, 3),
('1986-02-01', '1995-07-31', 2786, 69, 12),
('1998-05-01', '2003-09-30', 2781, 230, 19),
('2013-10-01', '2014-01-31', 2770, 688, 31),
('1979-05-01', '1986-04-30', 2768, 14, 64),
('1980-05-01', '1997-03-31', 2768, 801, 46),
('2012-02-01', '0000-00-00', 2766, 874, 22),
('2008-01-01', '0000-00-00', 2765, 286, 82),
('1995-04-01', '2004-11-30', 2765, 94, 42),
('2007-04-01', '2010-11-30', 2761, 829, 54),
('2012-09-01', '0000-00-00', 2760, 445, 25),
('2004-02-01', '2009-01-31', 2759, 105, 81),
('2006-01-01', '2008-10-31', 2758, 855, 29),
('2012-11-01', '2013-10-31', 2755, 599, 19),
('2007-08-01', '2010-10-31', 2751, 649, 36),
('2009-09-01', '2012-03-31', 2738, 704, 81),
('1984-02-01', '1999-01-31', 2737, 856, 17),
('2011-10-01', '2013-01-31', 2734, 428, 24),
('1987-02-01', '1996-04-30', 2733, 464, 74),
('1996-10-01', '2005-09-30', 2733, 876, 9),
('2003-03-01', '2005-04-30', 2728, 12, 75),
('2011-05-01', '2012-04-30', 2728, 672, 87),
('1994-06-01', '0000-00-00', 2720, 614, 25),
('1981-02-01', '1992-01-31', 2717, 636, 82),
('1996-02-01', '2002-04-30', 2715, 300, 68),
('2012-04-01', '0000-00-00', 2713, 704, 69),
('1996-10-01', '2005-09-30', 2713, 597, 31),
('2012-01-01', '0000-00-00', 2711, 655, 57),
('1985-07-01', '1992-09-30', 2708, 540, 17),
('2013-10-01', '0000-00-00', 2707, 72, 33),
('1988-01-01', '1993-03-31', 2706, 154, 41),
('1970-05-01', '1992-04-30', 2701, 782, 30),
('2009-12-01', '0000-00-00', 2691, 229, 38),
('1983-02-01', '1989-05-31', 2685, 951, 45),
('2010-05-01', '2011-10-31', 2683, 44, 65),
('1974-08-01', '1987-11-30', 2679, 847, 8),
('2007-02-01', '0000-00-00', 2675, 663, 62),
('2013-09-01', '0000-00-00', 2675, 332, 79),
('2001-09-01', '0000-00-00', 2674, 478, 86),
('1991-05-01', '1998-12-31', 2674, 314, 94),
('1996-04-01', '2005-07-31', 2670, 765, 54),
('1996-04-01', '2000-11-30', 2669, 133, 16),
('1986-01-01', '1992-12-31', 2669, 326, 60),
('2004-04-01', '2009-03-31', 2667, 305, 45),
('2004-08-01', '2009-07-31', 2667, 227, 66),
('2005-01-01', '0000-00-00', 2664, 569, 11),
('2010-11-01', '2012-07-31', 2663, 403, 74),
('2011-12-01', '0000-00-00', 2660, 320, 86),
('2010-08-01', '0000-00-00', 2660, 796, 53),
('1984-07-01', '1999-06-30', 2658, 812, 53),
('2004-03-01', '2006-02-28', 2657, 644, 81),
('2005-10-01', '0000-00-00', 2655, 208, 39),
('1993-09-01', '2004-02-29', 2654, 927, 97),
('2009-01-01', '2009-12-31', 2653, 63, 50),
('1999-03-01', '2002-11-30', 2652, 669, 18),
('2007-08-01', '2010-10-31', 2650, 683, 4),
('1994-10-01', '2004-09-30', 2649, 491, 23),
('2010-05-01', '2011-02-28', 2649, 193, 94),
('1993-02-01', '2000-04-30', 2644, 341, 6),
('2004-01-01', '2005-12-31', 2644, 70, 10),
('2007-09-01', '0000-00-00', 2643, 261, 25),
('2012-09-01', '0000-00-00', 2642, 169, 57),
('2011-06-01', '2013-02-28', 2641, 842, 6),
('2000-03-01', '2007-04-30', 2638, 106, 59),
('2007-09-01', '0000-00-00', 2633, 149, 29),
('2008-05-01', '0000-00-00', 2631, 142, 6),
('2001-12-01', '2008-04-30', 2630, 925, 31),
('2012-04-01', '2012-11-30', 2629, 586, 3),
('2011-05-01', '0000-00-00', 2623, 43, 54),
('2009-07-01', '0000-00-00', 2620, 673, 63),
('2000-04-01', '0000-00-00', 2618, 954, 28),
('2011-10-01', '0000-00-00', 2616, 695, 12),
('2007-01-01', '2008-06-30', 2607, 858, 56),
('2009-06-01', '0000-00-00', 2607, 520, 28),
('2009-10-01', '2011-03-31', 2607, 166, 25),
('1992-06-01', '1996-11-30', 2606, 682, 77),
('2000-09-01', '2007-08-31', 2606, 508, 61),
('1980-05-01', '1988-11-30', 2603, 881, 12),
('1972-07-01', '1982-12-31', 2602, 302, 75),
('2007-02-01', '0000-00-00', 2601, 800, 59),
('1994-09-01', '1999-08-31', 2598, 161, 89),
('2013-06-01', '0000-00-00', 2597, 272, 2),
('2007-10-01', '2009-01-31', 2596, 651, 80),
('2004-11-01', '2009-10-31', 2592, 120, 11),
('2000-03-01', '0000-00-00', 2589, 102, 37),
('2008-11-01', '2011-10-31', 2583, 84, 70),
('2003-04-01', '2007-01-31', 2583, 598, 6),
('1979-11-01', '1986-10-31', 2582, 167, 83),
('2003-09-01', '2009-03-31', 2576, 995, 20),
('1998-09-01', '0000-00-00', 2569, 681, 53),
('2001-03-01', '2003-04-30', 2566, 652, 53),
('2011-11-01', '2013-02-28', 2566, 906, 24),
('1995-12-01', '2000-06-30', 2563, 553, 12),
('2004-05-01', '0000-00-00', 2562, 861, 34),
('2001-10-01', '0000-00-00', 2555, 281, 7),
('2006-01-01', '2007-07-31', 2552, 959, 28),
('2007-05-01', '2009-07-31', 2550, 965, 44),
('2009-09-01', '0000-00-00', 2550, 470, 60),
('1984-02-01', '1994-04-30', 2549, 585, 33),
('1995-10-01', '2002-01-31', 2548, 951, 34),
('2012-01-01', '0000-00-00', 2544, 605, 19),
('1995-02-01', '0000-00-00', 2541, 935, 81),
('2013-03-01', '0000-00-00', 2538, 820, 65),
('1999-05-01', '2007-01-31', 2537, 663, 92),
('2012-04-01', '2013-03-31', 2532, 926, 86),
('1998-02-01', '0000-00-00', 2530, 619, 12),
('2003-09-01', '2007-04-30', 2524, 412, 28),
('2011-03-01', '0000-00-00', 2523, 271, 44),
('2011-12-01', '2012-08-31', 2517, 677, 11),
('2012-07-01', '0000-00-00', 2516, 473, 42),
('2013-06-01', '0000-00-00', 2512, 729, 27),
('1998-04-01', '2006-03-31', 2506, 79, 37),
('1993-09-01', '2000-08-31', 2503, 427, 88),
('2005-08-01', '2008-07-31', 2495, 810, 77),
('2007-09-01', '0000-00-00', 2495, 279, 42),
('2001-02-01', '2004-04-30', 2493, 683, 59),
('1981-10-01', '1989-11-30', 2491, 458, 5),
('2005-02-01', '0000-00-00', 2488, 295, 37),
('1991-10-01', '1995-07-31', 2485, 598, 63),
('1987-12-01', '1994-07-31', 2485, 974, 29),
('1983-03-01', '1990-12-31', 2485, 110, 1),
('2007-12-01', '0000-00-00', 2484, 415, 96),
('2011-08-01', '0000-00-00', 2478, 522, 25),
('1979-12-01', '1991-07-31', 2476, 803, 75),
('2011-12-01', '0000-00-00', 2476, 264, 77),
('2006-10-01', '0000-00-00', 2471, 77, 74),
('1995-11-01', '2005-01-31', 2469, 125, 50),
('2010-01-01', '2011-05-31', 2468, 969, 39),
('1991-01-01', '1998-09-30', 2468, 110, 85),
('2004-04-01', '2009-06-30', 2466, 66, 28),
('2006-02-01', '0000-00-00', 2466, 310, 67),
('1974-01-01', '1987-04-30', 2464, 147, 56),
('2000-09-01', '2007-04-30', 2461, 219, 35),
('1982-08-01', '1993-04-30', 2461, 826, 65),
('1997-05-01', '2001-09-30', 2460, 988, 87),
('2004-11-01', '2007-02-28', 2459, 958, 42),
('2000-09-01', '2007-08-31', 2458, 149, 34),
('1989-03-01', '1994-02-28', 2457, 970, 97),
('2002-12-01', '0000-00-00', 2457, 55, 49),
('1991-08-01', '2003-03-31', 2456, 803, 11),
('1990-09-01', '1998-06-30', 2453, 217, 81),
('2008-03-01', '2009-09-30', 2446, 583, 67),
('2010-02-01', '2011-01-31', 2445, 516, 38),
('2004-04-01', '2009-03-31', 2444, 710, 76),
('2001-04-01', '2007-11-30', 2444, 821, 62),
('1979-02-01', '1985-12-31', 2440, 326, 9),
('2005-08-01', '2010-03-31', 2440, 92, 44),
('1999-01-01', '2001-02-28', 2436, 17, 50),
('2002-06-01', '2008-08-31', 2428, 348, 16),
('1986-11-01', '1996-01-31', 2426, 204, 45),
('2007-05-01', '0000-00-00', 2417, 219, 56),
('1979-04-01', '1990-11-30', 2417, 222, 98),
('2013-05-01', '2013-12-31', 2416, 387, 63),
('2006-09-01', '0000-00-00', 2414, 525, 39),
('1986-03-01', '1995-08-31', 2409, 157, 72),
('2013-04-01', '0000-00-00', 2408, 769, 34),
('1994-05-01', '0000-00-00', 2407, 766, 50),
('1980-04-01', '1991-07-31', 2407, 55, 16),
('2008-03-01', '2011-02-28', 2405, 347, 48),
('2000-08-01', '2003-05-31', 2405, 264, 23),
('2007-01-01', '0000-00-00', 2403, 607, 35),
('1978-10-01', '1990-09-30', 2402, 560, 78),
('2003-05-01', '2007-01-31', 2400, 455, 54),
('2006-11-01', '0000-00-00', 2397, 633, 35),
('2002-11-01', '0000-00-00', 2397, 592, 26),
('1985-07-01', '2000-02-29', 2397, 165, 38),
('2002-12-01', '2006-10-31', 2388, 896, 94),
('2012-12-01', '0000-00-00', 2386, 122, 55),
('2009-12-01', '2011-04-30', 2382, 858, 17),
('1996-12-01', '0000-00-00', 2382, 785, 5),
('2013-10-01', '0000-00-00', 2380, 611, 73),
('2004-03-01', '2009-02-28', 2379, 185, 34),
('2005-12-01', '2010-05-31', 2379, 682, 96),
('1970-11-01', '1978-02-28', 2379, 533, 68),
('2013-02-01', '2013-06-30', 2378, 505, 25),
('2010-06-01', '2011-05-31', 2373, 78, 40),
('1978-08-01', '1985-09-30', 2371, 329, 27),
('1982-02-01', '1990-04-30', 2370, 525, 7),
('1999-08-01', '0000-00-00', 2370, 705, 83),
('1984-02-01', '1990-03-31', 2370, 81, 78),
('1996-04-01', '2005-07-31', 2368, 134, 7),
('2009-05-01', '0000-00-00', 2368, 25, 66),
('2006-06-01', '0000-00-00', 2367, 568, 87),
('1988-10-01', '0000-00-00', 2365, 198, 26),
('2005-12-01', '0000-00-00', 2365, 480, 37),
('2007-07-01', '0000-00-00', 2362, 680, 56),
('2011-10-01', '2012-12-31', 2361, 319, 20),
('2008-12-01', '2010-11-30', 2358, 936, 46),
('1991-02-01', '1996-11-30', 2356, 632, 22),
('2010-10-01', '2012-02-29', 2355, 811, 74),
('2013-09-01', '0000-00-00', 2353, 767, 32),
('2012-07-01', '2012-10-31', 2351, 99, 78),
('2013-09-01', '0000-00-00', 2347, 193, 53),
('1991-03-01', '1996-11-30', 2344, 880, 81),
('2009-10-01', '2011-02-28', 2341, 269, 40),
('2003-04-01', '2006-11-30', 2337, 674, 95),
('2009-07-01', '2012-01-31', 2337, 874, 23),
('2010-05-01', '0000-00-00', 2336, 831, 16),
('1997-10-01', '2000-12-31', 2335, 649, 51),
('2006-10-01', '2010-09-30', 2332, 720, 85),
('1979-12-01', '1986-11-30', 2329, 359, 86),
('2005-10-01', '0000-00-00', 2329, 876, 15),
('2008-01-01', '2010-04-30', 2328, 473, 70),
('1989-08-01', '2002-03-31', 2327, 206, 33),
('1996-02-01', '2005-05-31', 2324, 457, 17),
('2010-12-01', '0000-00-00', 2320, 598, 16),
('1991-01-01', '1994-10-31', 2317, 488, 70),
('2012-06-01', '0000-00-00', 2310, 913, 67),
('2011-03-01', '0000-00-00', 2309, 49, 16),
('1999-02-01', '2002-01-31', 2307, 976, 61),
('2000-03-01', '2007-02-28', 2306, 407, 34),
('2005-11-01', '2008-10-31', 2302, 84, 98),
('2009-09-01', '2011-05-31', 2299, 842, 94),
('2002-04-01', '0000-00-00', 2295, 859, 67),
('2009-09-01', '0000-00-00', 2291, 27, 14),
('1992-10-01', '2003-05-31', 2288, 86, 90),
('2009-04-01', '2011-09-30', 2286, 258, 37),
('1973-03-01', '1993-07-31', 2286, 41, 86),
('2007-07-01', '0000-00-00', 2274, 533, 42),
('1974-11-01', '1982-10-31', 2272, 293, 57),
('2009-03-01', '0000-00-00', 2272, 606, 83),
('1999-05-01', '2006-09-30', 2270, 442, 42),
('2010-12-01', '2012-11-30', 2270, 809, 28),
('2008-11-01', '2010-02-28', 2269, 511, 60),
('1998-10-01', '2003-11-30', 2267, 328, 76),
('1992-12-01', '0000-00-00', 2267, 650, 53),
('1976-10-01', '1983-01-31', 2263, 951, 1),
('1981-05-01', '1992-04-30', 2263, 278, 67),
('1990-12-01', '1996-11-30', 2259, 539, 81),
('2004-02-01', '0000-00-00', 2259, 826, 49),
('1996-12-01', '2002-10-31', 2257, 632, 91),
('2012-03-01', '2012-08-31', 2257, 30, 17),
('2012-04-01', '2012-11-30', 2256, 589, 64),
('1999-08-01', '2003-04-30', 2256, 455, 68),
('2000-01-01', '0000-00-00', 2255, 174, 2),
('2003-05-01', '2005-06-30', 2243, 652, 75),
('2012-07-01', '0000-00-00', 2242, 565, 9),
('2003-03-01', '0000-00-00', 2239, 849, 5),
('2002-01-01', '2008-04-30', 2239, 850, 43),
('2012-09-01', '0000-00-00', 2238, 980, 70),
('2007-05-01', '2009-09-30', 2236, 612, 21),
('2012-11-01', '2013-06-30', 2229, 575, 15),
('2006-05-01', '0000-00-00', 2226, 339, 31),
('1982-01-01', '1987-05-31', 2221, 230, 5),
('1997-04-01', '0000-00-00', 2221, 801, 44),
('2012-04-01', '0000-00-00', 2211, 36, 51),
('2004-05-01', '0000-00-00', 2209, 346, 5),
('2005-06-01', '0000-00-00', 2209, 457, 11),
('1995-06-01', '2004-10-31', 2207, 989, 83),
('2001-11-01', '0000-00-00', 2206, 694, 83),
('2003-10-01', '0000-00-00', 2205, 73, 41),
('2006-06-01', '2009-01-31', 2199, 695, 69),
('2010-08-01', '0000-00-00', 2194, 674, 52),
('1989-09-01', '2002-02-28', 2189, 750, 49),
('1985-09-01', '1991-05-31', 2188, 902, 34),
('2007-08-01', '0000-00-00', 2183, 742, 1),
('2010-06-01', '0000-00-00', 2182, 311, 9),
('2013-01-01', '0000-00-00', 2173, 267, 16),
('1997-10-01', '2006-04-30', 2172, 963, 26),
('2012-10-01', '2013-03-31', 2168, 334, 30),
('2013-01-01', '0000-00-00', 2160, 63, 49),
('1998-02-01', '2001-04-30', 2159, 542, 45),
('1987-03-01', '1996-02-29', 2159, 587, 72),
('2013-07-01', '2013-10-31', 2156, 99, 7),
('1998-01-01', '2003-08-31', 2153, 995, 31),
('1977-11-01', '1987-01-31', 2150, 464, 17),
('1995-01-01', '1999-10-31', 2147, 111, 58),
('1996-06-01', '2000-11-30', 2145, 229, 61),
('2013-06-01', '0000-00-00', 2142, 921, 58),
('2013-01-01', '2013-06-30', 2142, 479, 30),
('1979-03-01', '1990-10-31', 2141, 91, 40),
('1983-09-01', '1999-02-28', 2139, 961, 55),
('1992-08-01', '1999-10-31', 2136, 96, 87),
('2006-03-01', '2008-04-30', 2127, 888, 96),
('2010-09-01', '2012-08-31', 2121, 745, 31),
('1977-02-01', '1989-05-31', 2115, 342, 39),
('2005-02-01', '2006-12-31', 2113, 980, 21),
('1986-12-01', '1996-02-29', 2113, 939, 15),
('2001-12-01', '2006-01-31', 2112, 616, 91),
('1995-11-01', '1999-06-30', 2112, 410, 64),
('2003-10-01', '0000-00-00', 2111, 363, 48),
('1996-11-01', '2002-10-31', 2110, 322, 14),
('2010-06-01', '2012-08-31', 2106, 211, 15),
('2004-01-01', '2007-04-30', 2103, 903, 93),
('1985-01-01', '1999-08-31', 2102, 519, 8),
('2005-05-01', '0000-00-00', 2100, 224, 5),
('1996-10-01', '2002-09-30', 2099, 834, 78),
('2006-10-01', '0000-00-00', 2097, 438, 3),
('1999-11-01', '2007-04-30', 2097, 498, 1),
('2003-04-01', '0000-00-00', 2097, 278, 39),
('2013-04-01', '2013-10-31', 2096, 813, 88),
('1997-12-01', '2003-07-31', 2088, 361, 17),
('2007-11-01', '2009-06-30', 2088, 260, 78),
('2006-04-01', '2010-05-31', 2084, 697, 38),
('1986-09-01', '1993-08-31', 2084, 401, 73),
('1991-09-01', '1997-04-30', 2083, 68, 75),
('2003-07-01', '2006-12-31', 2083, 684, 49),
('2002-10-01', '2006-09-30', 2083, 836, 76),
('2013-04-01', '2013-09-30', 2082, 869, 2),
('2004-12-01', '0000-00-00', 2074, 225, 91),
('2007-02-01', '0000-00-00', 2073, 33, 22),
('2010-04-01', '2012-03-31', 2066, 377, 88),
('2007-11-01', '0000-00-00', 2065, 974, 79),
('1996-05-01', '2000-11-30', 2058, 53, 76),
('2008-12-01', '2010-05-31', 2058, 384, 59),
('2012-11-01', '2013-07-31', 2056, 76, 68),
('2008-03-01', '2009-08-31', 2053, 922, 56),
('2001-04-01', '2007-09-30', 2048, 960, 28),
('2000-09-01', '2007-08-31', 2048, 52, 83),
('1997-07-01', '2005-12-31', 2048, 797, 38),
('1979-09-01', '1986-08-31', 2044, 52, 57),
('2000-10-01', '2004-01-31', 2043, 228, 90),
('1998-06-01', '2003-08-31', 2039, 42, 57),
('1999-12-01', '2004-11-30', 2020, 996, 45),
('2009-03-01', '0000-00-00', 2017, 970, 55),
('1992-03-01', '1997-09-30', 2016, 608, 98),
('1991-06-01', '1997-03-31', 2010, 902, 9),
('1987-09-01', '1996-08-31', 2006, 273, 5),
('1996-12-01', '2002-11-30', 2002, 539, 19),
('1984-12-01', '1994-11-30', 2000, 413, 86),
('2012-02-01', '2012-09-30', 1994, 666, 10),
('2008-02-01', '0000-00-00', 1993, 331, 70),
('2000-10-01', '2005-05-31', 1990, 846, 12),
('1991-10-01', '1996-04-30', 1989, 53, 23),
('2011-03-01', '2011-12-31', 1982, 193, 48),
('2012-01-01', '2012-12-31', 1982, 63, 15),
('2002-11-01', '2005-10-31', 1972, 84, 96),
('1975-06-01', '1994-11-30', 1963, 824, 73),
('1999-07-01', '0000-00-00', 1962, 812, 94),
('2008-06-01', '0000-00-00', 1961, 951, 69),
('2000-03-01', '2002-12-31', 1958, 385, 57),
('1982-06-01', '1993-02-28', 1957, 50, 15),
('1985-10-01', '1995-05-31', 1957, 128, 6),
('2012-12-01', '2013-03-31', 1955, 601, 82),
('2012-07-01', '2012-12-31', 1955, 479, 4),
('1999-09-01', '2007-03-31', 1951, 844, 4),
('1997-07-01', '2003-02-28', 1943, 588, 38),
('1992-02-01', '2003-01-31', 1942, 946, 19),
('1988-08-01', '1997-01-31', 1939, 949, 13),
('1978-08-01', '1985-09-30', 1939, 793, 41),
('1974-08-01', '0000-00-00', 1938, 791, 77),
('2011-07-01', '2012-03-31', 1934, 459, 79),
('2007-02-01', '2010-10-31', 1927, 455, 87),
('2012-02-01', '2013-01-31', 1926, 516, 93),
('2004-03-01', '2009-02-28', 1923, 303, 29),
('2007-09-01', '0000-00-00', 1922, 999, 11),
('2013-09-01', '0000-00-00', 1915, 30, 34),
('2005-10-01', '0000-00-00', 1913, 7, 80),
('2006-12-01', '2008-11-30', 1910, 809, 90),
('1999-01-01', '2003-12-31', 1907, 423, 73),
('2001-03-01', '2004-07-31', 1906, 43, 70),
('1990-11-01', '2002-10-31', 1905, 592, 37),
('2010-12-01', '2011-11-30', 1903, 870, 55),
('2008-11-01', '2011-08-31', 1903, 855, 84),
('2004-09-01', '2006-02-28', 1896, 882, 27),
('2013-11-01', '0000-00-00', 1894, 731, 95),
('2009-01-01', '0000-00-00', 1894, 987, 33),
('2000-12-01', '2005-06-30', 1891, 133, 84),
('2002-04-01', '0000-00-00', 1882, 724, 89),
('2011-09-01', '2012-06-30', 1881, 274, 75),
('2008-11-01', '0000-00-00', 1879, 42, 79),
('1991-08-01', '1997-02-28', 1877, 725, 84),
('2007-08-01', '0000-00-00', 1872, 341, 31),
('1985-10-01', '2000-03-31', 1871, 917, 85),
('2012-01-01', '2013-05-31', 1870, 729, 28),
('1993-09-01', '2000-08-31', 1870, 999, 95),
('2013-05-01', '2013-10-31', 1869, 703, 46),
('1994-10-01', '2004-06-30', 1867, 535, 22),
('2011-02-01', '0000-00-00', 1867, 175, 39),
('2012-02-01', '2013-01-31', 1862, 758, 28),
('2008-02-01', '0000-00-00', 1861, 957, 96),
('1979-09-01', '1986-08-31', 1859, 316, 72),
('1996-05-01', '2000-10-31', 1858, 878, 54),
('2006-08-01', '2010-07-31', 1858, 148, 1),
('2000-05-01', '2002-01-31', 1856, 403, 4),
('1999-08-01', '2007-01-31', 1853, 982, 73),
('2011-10-01', '0000-00-00', 1853, 910, 73),
('1994-09-01', '1998-06-30', 1852, 591, 70),
('1984-06-01', '1989-05-31', 1842, 911, 1),
('2006-02-01', '2008-09-30', 1833, 123, 4),
('2004-01-01', '2009-04-30', 1829, 257, 68),
('2013-08-01', '2013-12-31', 1828, 707, 15),
('2012-01-01', '0000-00-00', 1827, 366, 66),
('2010-06-01', '2011-08-31', 1824, 574, 58),
('1984-05-01', '1994-04-30', 1821, 346, 96),
('2003-06-01', '0000-00-00', 1815, 399, 83),
('2009-08-01', '0000-00-00', 1813, 227, 59),
('1984-10-01', '1989-09-30', 1813, 400, 74),
('1978-01-01', '1995-11-30', 1812, 245, 4),
('2013-01-01', '2013-04-30', 1810, 332, 31),
('1999-11-01', '2007-02-28', 1806, 642, 52),
('2012-09-01', '0000-00-00', 1805, 243, 26),
('2002-12-01', '2008-11-30', 1802, 539, 66),
('2013-08-01', '0000-00-00', 1801, 547, 98),
('1981-08-01', '1988-02-29', 1800, 994, 81),
('2007-03-01', '2008-10-31', 1799, 36, 93),
('1993-02-01', '2003-10-31', 1792, 930, 70),
('2005-10-01', '2009-12-31', 1784, 129, 7),
('1997-01-01', '0000-00-00', 1782, 971, 35),
('2005-04-01', '2007-06-30', 1777, 489, 96),
('2007-02-01', '2010-09-30', 1775, 506, 26),
('2008-02-01', '0000-00-00', 1774, 83, 2),
('2006-08-01', '0000-00-00', 1772, 110, 38),
('1974-12-01', '1984-11-30', 1771, 413, 80),
('2006-09-01', '2010-08-31', 1771, 444, 15),
('2013-06-01', '2014-01-31', 1769, 774, 90),
('2009-09-01', '2011-05-31', 1767, 820, 7),
('2010-02-01', '2012-05-31', 1765, 738, 73),
('1971-07-01', '1982-03-31', 1762, 73, 42),
('1978-01-01', '1985-03-31', 1761, 156, 14),
('2006-06-01', '2010-03-31', 1760, 743, 6),
('2012-08-01', '0000-00-00', 1752, 360, 51),
('1999-10-01', '2004-06-30', 1752, 805, 78),
('1992-12-01', '2003-11-30', 1749, 728, 9),
('2003-03-01', '2005-12-31', 1748, 855, 38),
('2006-04-01', '2010-03-31', 1744, 212, 38),
('2004-11-01', '2009-10-31', 1744, 380, 64),
('2001-11-01', '2003-03-31', 1741, 882, 10),
('2009-10-01', '2012-03-31', 1741, 839, 12),
('2011-10-01', '2012-02-29', 1738, 601, 53),
('1996-02-01', '2005-01-31', 1733, 778, 85),
('2002-08-01', '0000-00-00', 1731, 865, 93),
('2000-05-01', '2007-06-30', 1729, 806, 71),
('1994-10-01', '1999-09-30', 1727, 388, 1),
('1998-09-01', '2006-04-30', 1724, 234, 92),
('1999-04-01', '2006-11-30', 1724, 159, 38),
('2010-06-01', '0000-00-00', 1724, 972, 54),
('1987-07-01', '1994-02-28', 1723, 680, 95),
('1990-12-01', '1998-08-31', 1720, 234, 96),
('2011-02-01', '2012-10-31', 1716, 367, 32),
('2010-12-01', '2012-11-30', 1711, 936, 21),
('1996-11-01', '2002-07-31', 1710, 142, 94),
('1992-08-01', '1999-09-30', 1707, 195, 46),
('1971-04-01', '1981-12-31', 1704, 545, 92),
('2000-10-01', '0000-00-00', 1704, 594, 31),
('2004-11-01', '2009-10-31', 1703, 420, 96),
('1995-01-01', '2004-09-30', 1701, 947, 2),
('1992-05-01', '1999-10-31', 1701, 498, 27),
('2007-09-01', '0000-00-00', 1698, 265, 82),
('2002-07-01', '0000-00-00', 1697, 402, 79),
('2009-03-01', '2010-10-31', 1695, 565, 46),
('1985-07-01', '1995-03-31', 1695, 643, 2),
('1992-04-01', '2003-03-31', 1691, 838, 46),
('2012-12-01', '2013-08-31', 1689, 767, 58),
('2007-02-01', '0000-00-00', 1687, 982, 68),
('2007-03-01', '2008-07-31', 1681, 969, 80),
('1995-06-01', '0000-00-00', 1675, 527, 89),
('1993-10-01', '2004-03-31', 1675, 454, 7),
('2002-02-01', '2006-03-31', 1672, 697, 25),
('2006-09-01', '0000-00-00', 1667, 753, 6),
('2011-02-01', '2012-07-31', 1661, 268, 75),
('2012-12-01', '0000-00-00', 1659, 574, 66),
('2013-07-01', '2013-12-31', 1658, 352, 51),
('1998-07-01', '2006-06-30', 1656, 448, 72),
('2011-12-01', '2012-11-30', 1650, 465, 83),
('2003-11-01', '2006-05-31', 1647, 522, 18),
('2003-03-01', '2006-10-31', 1646, 410, 70),
('2007-02-01', '2009-05-31', 1644, 910, 12),
('1981-10-01', '1992-09-30', 1643, 187, 94),
('2006-03-01', '2010-05-31', 1640, 406, 54),
('2011-10-01', '0000-00-00', 1636, 907, 62),
('1997-08-01', '1999-05-31', 1636, 980, 16),
('2010-09-01', '0000-00-00', 1632, 929, 13),
('2010-09-01', '2011-10-31', 1629, 908, 80),
('2010-10-01', '2012-06-30', 1628, 333, 64),
('1998-04-01', '0000-00-00', 1618, 638, 1),
('1997-07-01', '2002-12-31', 1611, 952, 6),
('2009-08-01', '0000-00-00', 1607, 553, 11),
('1975-10-01', '1985-06-30', 1600, 643, 58),
('1988-11-01', '1997-06-30', 1600, 764, 96),
('1970-11-01', '0000-00-00', 1596, 866, 3),
('2010-08-01', '2011-11-30', 1595, 474, 40),
('1988-03-01', '1996-10-31', 1595, 711, 72),
('2006-05-01', '2010-07-31', 1590, 796, 29),
('2009-11-01', '0000-00-00', 1589, 420, 15),
('2004-10-01', '0000-00-00', 1587, 10, 3),
('2008-12-01', '2011-07-31', 1584, 482, 17),
('2004-04-01', '2007-09-30', 1583, 426, 36),
('1999-06-01', '2004-05-31', 1581, 520, 52),
('2006-08-01', '0000-00-00', 1580, 353, 57),
('2010-09-01', '2012-07-31', 1580, 370, 32),
('1999-09-01', '0000-00-00', 1580, 519, 68),
('1984-12-01', '1992-05-31', 1575, 835, 36),
('1990-04-01', '1994-12-31', 1574, 111, 23),
('1993-04-01', '2000-03-31', 1574, 760, 25),
('1996-04-01', '0000-00-00', 1573, 708, 69),
('1983-03-01', '1990-11-30', 1573, 568, 54),
('1995-01-01', '2004-08-31', 1573, 386, 77),
('1990-07-01', '2002-06-30', 1571, 87, 8),
('2004-11-01', '0000-00-00', 1570, 584, 63),
('1989-05-01', '1995-07-31', 1570, 833, 5),
('2007-05-01', '2009-01-31', 1569, 403, 54),
('1998-01-01', '0000-00-00', 1563, 932, 64),
('2012-12-01', '2013-11-30', 1560, 465, 89),
('2012-03-01', '2013-02-28', 1554, 679, 1),
('2011-10-01', '2012-09-30', 1553, 611, 57),
('2005-08-01', '0000-00-00', 1552, 134, 53),
('1974-12-01', '1984-11-30', 1547, 115, 24),
('2009-06-01', '2012-01-31', 1545, 430, 65),
('2010-03-01', '0000-00-00', 1541, 53, 43),
('1991-08-01', '1999-04-30', 1541, 114, 27),
('2013-12-01', '0000-00-00', 1540, 979, 2),
('2004-03-01', '2006-09-30', 1536, 244, 27),
('1975-12-01', '1995-05-31', 1531, 527, 45),
('2009-03-01', '0000-00-00', 1525, 303, 56),
('2011-10-01', '0000-00-00', 1516, 461, 46),
('1977-12-01', '1996-04-30', 1513, 150, 41),
('2011-04-01', '0000-00-00', 1511, 109, 1),
('2000-02-01', '2007-01-31', 1510, 800, 3),
('2001-03-01', '2007-07-31', 1510, 759, 27),
('2003-06-01', '0000-00-00', 1507, 737, 12),
('1994-01-01', '2003-12-31', 1506, 819, 35),
('2012-08-01', '0000-00-00', 1506, 240, 94),
('1986-07-01', '2000-06-30', 1502, 854, 79),
('1982-06-01', '1998-05-31', 1501, 155, 35),
('2011-01-01', '0000-00-00', 1500, 689, 96),
('1999-08-01', '0000-00-00', 1497, 776, 4),
('2007-07-01', '2008-10-31', 1497, 511, 41),
('1989-04-01', '1995-06-30', 1493, 690, 34),
('2009-06-01', '0000-00-00', 1493, 911, 14),
('2010-09-01', '2012-08-31', 1492, 169, 59),
('2001-11-01', '2004-05-31', 1487, 704, 5),
('2004-03-01', '2005-07-31', 1478, 858, 36),
('1994-08-01', '1999-07-31', 1471, 227, 58),
('1997-03-01', '2005-07-31', 1470, 344, 58),
('1994-01-01', '2000-10-31', 1465, 977, 31),
('2002-01-01', '2006-02-28', 1464, 288, 47),
('1985-01-01', '1992-03-31', 1464, 318, 77),
('2012-04-01', '2012-08-31', 1463, 505, 73),
('2013-08-01', '0000-00-00', 1462, 45, 80),
('1993-02-01', '1997-03-31', 1457, 686, 11),
('2006-03-01', '0000-00-00', 1456, 197, 18),
('2004-11-01', '2009-08-31', 1455, 572, 44),
('1986-08-01', '1992-02-29', 1450, 608, 32),
('2008-05-01', '0000-00-00', 1449, 634, 94),
('2003-08-01', '2008-12-31', 1448, 987, 71),
('2009-01-01', '0000-00-00', 1447, 600, 1),
('1999-10-01', '2002-09-30', 1445, 907, 89),
('2010-07-01', '2011-04-30', 1443, 24, 92),
('2008-11-01', '0000-00-00', 1443, 38, 21),
('2006-10-01', '2010-09-30', 1439, 529, 10),
('2000-03-01', '2007-02-28', 1438, 543, 90),
('1987-08-01', '2001-01-31', 1438, 270, 64),
('1991-07-01', '1999-04-30', 1438, 663, 95),
('2001-04-01', '0000-00-00', 1437, 847, 4),
('1993-01-01', '2000-02-29', 1437, 106, 49),
('1977-09-01', '1986-11-30', 1435, 939, 96),
('2006-12-01', '0000-00-00', 1431, 665, 63),
('1995-12-01', '2000-07-31', 1430, 189, 49),
('1988-08-01', '1997-03-31', 1424, 408, 78),
('1993-01-01', '1998-04-30', 1417, 600, 32),
('2004-12-01', '2009-07-31', 1415, 895, 17),
('2008-09-01', '0000-00-00', 1411, 374, 78),
('2007-11-01', '2011-02-28', 1409, 49, 63),
('2003-01-01', '2006-08-31', 1408, 95, 8),
('1978-04-01', '1990-03-31', 1404, 941, 25),
('1997-04-01', '2006-01-31', 1404, 718, 98),
('1996-05-01', '2005-06-30', 1403, 192, 8),
('1977-12-01', '1984-01-31', 1402, 81, 33),
('1995-10-01', '2000-04-30', 1395, 562, 79),
('2008-01-01', '2009-12-31', 1393, 70, 8),
('1986-04-01', '1993-03-31', 1392, 760, 2),
('1997-03-01', '2002-11-30', 1386, 171, 71),
('2010-11-01', '0000-00-00', 1380, 455, 5),
('2003-11-01', '2005-12-31', 1378, 360, 79),
('1993-05-01', '2000-04-30', 1374, 14, 53),
('2004-08-01', '0000-00-00', 1373, 571, 76),
('1997-06-01', '0000-00-00', 1372, 631, 3),
('2009-01-01', '2011-07-31', 1371, 522, 76),
('1995-08-01', '2000-03-31', 1370, 559, 1),
('2013-03-01', '0000-00-00', 1367, 992, 27),
('1995-04-01', '1999-12-31', 1367, 975, 29),
('2006-05-01', '0000-00-00', 1362, 552, 66),
('1973-10-01', '1980-07-31', 1360, 770, 4),
('2014-02-01', '0000-00-00', 1359, 528, 57),
('2004-05-01', '2009-04-30', 1359, 373, 53),
('1985-04-01', '1992-05-31', 1357, 998, 95),
('1996-02-01', '2002-01-31', 1356, 732, 59),
('2009-05-01', '2011-10-31', 1353, 113, 35),
('2008-04-01', '0000-00-00', 1347, 471, 18),
('1983-02-01', '1998-07-31', 1344, 630, 62),
('1990-02-01', '1998-01-31', 1343, 310, 96),
('2010-11-01', '2012-05-31', 1341, 959, 38),
('1985-07-01', '1990-04-30', 1341, 512, 97),
('2001-07-01', '2007-09-30', 1334, 624, 53),
('1989-05-01', '2001-08-31', 1318, 237, 85),
('1972-06-01', '1982-11-30', 1317, 621, 1),
('1970-01-01', '1984-08-31', 1317, 487, 51),
('2012-12-01', '2013-07-31', 1316, 355, 87),
('1988-06-01', '1994-11-30', 1313, 549, 71);
INSERT INTO `Salaire` (`Date_debut_salaire`, `Date_fin_salaire`, `Salaire_salarie`, `ID_salarie`, `ID_poste`) VALUES
('2002-05-01', '2008-04-30', 1313, 634, 20),
('2003-05-01', '2008-11-30', 1307, 608, 87),
('1979-04-01', '1996-08-31', 1304, 618, 54),
('1995-03-01', '2001-06-30', 1302, 624, 83),
('2007-09-01', '0000-00-00', 1300, 441, 86);

-- --------------------------------------------------------

--
-- Doublure de structure pour la vue `Salaire_poste`
--
CREATE TABLE IF NOT EXISTS `Salaire_poste` (
`Date_debut_salaire` date
,`Date_fin_salaire` date
,`Salaire_salarie` float
,`ID_salarie` int(11)
,`Intitule_poste` varchar(50)
);
-- --------------------------------------------------------

--
-- Structure de la table `Salarie`
--

CREATE TABLE IF NOT EXISTS `Salarie` (
  `ID_salarie` int(11) NOT NULL AUTO_INCREMENT,
  `Nom_salarie` varchar(25) NOT NULL,
  `Prenom_salarie` varchar(25) NOT NULL,
  `Date_naissance_salarie` date NOT NULL,
  `Ville_salarie` varchar(25) NOT NULL,
  `CP_salarie` int(11) NOT NULL,
  `Nom_rue_salarie` varchar(25) NOT NULL,
  `Nombre_enfants_salarie` int(11) NOT NULL,
  `Nom_conjoint_salarie` varchar(25) NOT NULL,
  `Prenom_conjoint_salarie` varchar(25) NOT NULL,
  `Date_naissance_conjoint_salarie` date NOT NULL,
  `Age_debut_differe` int(11) DEFAULT NULL,
  `Email_salarie` varchar(50) NOT NULL,
  `Pass_salarie` varchar(50) NOT NULL,
  `Num_tel_salarie` int(11) NOT NULL,
  `ID_entreprise` int(11) NOT NULL,
  `ID_situation_familiale` int(11) NOT NULL,
  `ID_base_calcul` int(11) NOT NULL,
  `ID_mode_versement` int(11) NOT NULL,
  `ID_statut` int(11) NOT NULL,
  PRIMARY KEY (`ID_salarie`),
  KEY `FK_Salarie_ID_entreprise` (`ID_entreprise`),
  KEY `FK_Salarie_ID_situation_familiale` (`ID_situation_familiale`),
  KEY `FK_Salarie_ID_base_calcul` (`ID_base_calcul`),
  KEY `FK_Salarie_ID_mode_versement` (`ID_mode_versement`),
  KEY `FK_Salarie_ID_statut` (`ID_statut`)
) ENGINE=MyISAM  DEFAULT CHARSET=latin1 AUTO_INCREMENT=1001 ;

--
-- Contenu de la table `Salarie`
--

INSERT INTO `Salarie` (`ID_salarie`, `Nom_salarie`, `Prenom_salarie`, `Date_naissance_salarie`, `Ville_salarie`, `CP_salarie`, `Nom_rue_salarie`, `Nombre_enfants_salarie`, `Nom_conjoint_salarie`, `Prenom_conjoint_salarie`, `Date_naissance_conjoint_salarie`, `Age_debut_differe`, `Email_salarie`, `Pass_salarie`, `Num_tel_salarie`, `ID_entreprise`, `ID_situation_familiale`, `ID_base_calcul`, `ID_mode_versement`, `ID_statut`) VALUES
(1, 'Deschamps', 'Catherine', '1927-06-03', 'Paris', 83170, 'Almeras (Rue d )', 10, 'Fleury', 'Julia', '1927-06-03', 60, 'Catherine.Deschamps@example.com', 'toto', 2147483647, 28, 3, 1, 1, 1),
(2, 'Garcia', 'Nolan', '1976-08-07', 'Marseille', 80019, 'Alouettes (Rue des)', 8, 'Francois', 'Mathilde', '1976-08-07', 60, 'Nolan.Garcia@example.com', 'toto', 2147483647, 65, 4, 1, 1, 1),
(3, 'Herve', 'Mathieu', '1987-11-12', 'Lyon', 48624, 'Alphonse Allais (Rue)', 10, 'Thomas', 'Salomé', '1987-11-12', 60, 'Mathieu.Herve@example.com', 'toto', 2147483647, 13, 4, 1, 1, 1),
(4, 'Poulain', 'Jordan', '1974-12-14', 'Toulouse', 67116, 'Alphonse Tavan (Rue)', 9, 'Fabre', 'Maïlé', '1974-12-14', 60, 'Jordan.Poulain@example.com', 'toto', 2147483647, 2, 2, 1, 1, 1),
(5, 'Meyer', 'Carla', '1924-08-13', 'Nice', 43086, 'Alpilles (Rue des)', 7, 'Renaud', 'Anaël', '1924-08-13', 60, 'Carla.Meyer@example.com', 'toto', 2147483647, 28, 4, 1, 1, 1),
(6, 'Dupuy', 'Luna', '1954-04-09', 'Nantes', 95356, 'Andy Warhol (Rue)', 4, 'Jean', 'Maryam', '1954-04-09', 60, 'Luna.Dupuy@example.com', 'toto', 2147483647, 8, 1, 1, 1, 1),
(7, 'Charpentier', 'Rémi', '1921-03-13', 'Strasbourg', 10541, 'Anemones (Rue des)', 1, 'Leclercq', 'Ambre', '1921-03-13', 60, 'Rémi.Charpentier@example.com', 'toto', 2147483647, 35, 4, 1, 1, 1),
(8, 'Renard', 'Jordan', '1942-03-14', 'Montpellier', 89140, 'Angele Davin (Impasse)', 8, 'Lefevre', 'Rémi', '1942-03-14', 60, 'Jordan.Renard@example.com', 'toto', 2147483647, 14, 1, 1, 1, 1),
(9, 'Hubert', 'Léane', '1978-06-13', 'Bordeaux', 91917, 'Anne-marie de Backer (All', 2, 'Aubry', 'Baptiste', '1978-06-13', 60, 'Léane.Hubert@example.com', 'toto', 2147483647, 40, 4, 1, 1, 1),
(10, 'Baron', 'Margot', '1908-06-19', 'Lille13', 72612, 'Anoubles (Rue des)', 7, 'Gerard', 'Aaron', '1908-06-19', 60, 'Margot.Baron@example.com', 'toto', 2147483647, 26, 4, 1, 1, 1),
(11, 'Pereira', 'Amélie', '2006-01-18', 'Rennes', 17402, 'Anselme Mathieu (Rue)', 6, 'Philippe', 'Maïwenn', '2006-01-18', 60, 'Amélie.Pereira@example.com', 'toto', 2147483647, 76, 4, 1, 1, 1),
(12, 'Meunier', 'Florentin', '1913-04-14', 'Reims', 64527, 'Anterrieu (Rue)', 4, 'Dupont', 'Léo', '1913-04-14', 60, 'Florentin.Meunier@example.com', 'toto', 2147483647, 20, 3, 1, 1, 1),
(13, 'Fleury', 'Maïlé', '1959-01-20', 'Le Havre', 74656, 'Anthemis (Rue des)', 1, 'Garcia', 'Dorian', '1959-01-20', 60, 'Maïlé.Fleury@example.com', 'toto', 2147483647, 35, 4, 1, 1, 1),
(14, 'Marie', 'Florian', '1904-04-18', 'Saint-Étienne', 96524, 'Antigone (Boulevard d )', 6, 'Roux', 'Lou', '1904-04-18', 60, 'Florian.Marie@example.com', 'toto', 2147483647, 67, 2, 1, 1, 1),
(15, 'Gay', 'Lutécia', '1946-12-10', 'Toulon', 17321, 'Antoine Coysevox (Allée)', 5, 'Lebrun', 'Manon', '1946-12-10', 60, 'Lutécia.Gay@example.com', 'toto', 2147483647, 5, 1, 1, 1, 1),
(16, 'Joly', 'Romane', '1918-06-11', 'Grenoble', 11590, 'Antoine Laurent Jussieu (', 9, 'Huet', 'Anaïs', '1918-06-11', 60, 'Romane.Joly@example.com', 'toto', 2147483647, 50, 2, 1, 1, 1),
(17, 'Schneider', 'Corentin', '1926-04-06', 'Dijon', 64333, 'Antoine Louis Barye (Rue)', 0, 'Girard', 'Emma', '1926-04-06', 60, 'Corentin.Schneider@example.com', 'toto', 2147483647, 29, 3, 1, 1, 1),
(18, 'Jean', 'Nicolas', '1932-03-15', 'Angers', 33134, 'Antoine Vallot (Rue)', 5, 'Aubert', 'Alexia', '1932-03-15', 60, 'Nicolas.Jean@example.com', 'toto', 2147483647, 16, 3, 1, 1, 1),
(19, 'Marechal', 'Adrien', '1913-10-30', 'Saint-Denis', 97537, 'Antonin Chauliac (Allée)', 7, 'Richard', 'Laura', '1913-10-30', 60, 'Adrien.Marechal@example.com', 'toto', 2147483647, 18, 4, 1, 1, 1),
(20, 'Berger', 'Colin', '1916-03-24', 'Villeurbanne', 57454, 'Antonio Gaudi (Place)', 8, 'Gomez', 'Léonard', '1916-03-24', 60, 'Colin.Berger@example.com', 'toto', 2147483647, 62, 3, 1, 1, 1),
(21, 'Arnaud', 'Maëlle', '1986-12-29', 'Nîmes', 77628, 'Aphyllantes (Rue des)', 10, 'Leroy', 'Nathan', '1986-12-29', 60, 'Maëlle.Arnaud@example.com', 'toto', 2147483647, 42, 3, 1, 1, 1),
(22, 'Thomas', 'Yohan', '1942-11-11', 'Le Mans', 71000, 'Artemises (Impasse des)', 6, 'Petit', 'Lutécia', '1942-11-11', 60, 'Yohan.Thomas@example.com', 'toto', 2147483647, 20, 1, 1, 1, 1),
(23, 'Roger', 'Salomé', '1993-09-26', 'Clermont-Ferrand', 45975, 'Arts (Allée des)', 3, 'Dupuis', 'Edwige', '1993-09-26', 60, 'Salomé.Roger@example.com', 'toto', 2147483647, 83, 3, 1, 1, 1),
(24, 'Evrard', 'Antonin', '1929-09-13', 'Aix-en-Provence', 12920, 'Asphodeles (Rue des)', 8, 'Renard', 'Rose', '1929-09-13', 60, 'Antonin.Evrard@example.com', 'toto', 2147483647, 49, 1, 1, 1, 1),
(25, 'Arnaud', 'Kevin', '1944-04-08', 'Brest', 95701, 'Assas (Avenue d )', 2, 'Guyot', 'Mélanie', '1944-04-08', 60, 'Kevin.Arnaud@example.com', 'toto', 2147483647, 56, 4, 1, 1, 1),
(26, 'Dumas', 'Luna', '2009-03-04', 'Limoges', 78500, 'Assise (Rue d )', 2, 'Bernard', 'Grégory', '2009-03-04', 60, 'Luna.Dumas@example.com', 'toto', 2147483647, 54, 4, 1, 1, 1),
(27, 'Thomas', 'Roméo', '1963-11-02', 'Tours', 93458, 'Astier de la Vigerie (Rue', 4, 'Guillaume', 'Enzo', '1963-11-02', 60, 'Roméo.Thomas@example.com', 'toto', 2147483647, 83, 4, 1, 1, 1),
(28, 'Renaud', 'Julien', '1907-05-31', 'Amiens', 95763, 'Astruc (Rue)', 10, 'Menard', 'Émile', '1907-05-31', 60, 'Julien.Renaud@example.com', 'toto', 2147483647, 14, 4, 1, 1, 1),
(29, 'Marchand', 'Théo', '2002-08-02', 'Metz', 75064, 'Atgier Hazard (Rue)', 10, 'Millet', 'Océane', '2002-08-02', 60, 'Théo.Marchand@example.com', 'toto', 2147483647, 99, 3, 1, 1, 1),
(30, 'Paris', 'Alexis', '1940-05-12', 'Perpignan', 40720, 'Athenes (Rue d )', 2, 'Pasquier', 'Erwan', '1940-05-12', 60, 'Alexis.Paris@example.com', 'toto', 2147483647, 72, 1, 1, 1, 1),
(31, 'Caron', 'Élise', '1945-05-19', 'Boulogne-Billancourt', 90401, 'Attique (Allée de l )', 2, 'Henry', 'Capucine', '1945-05-19', 60, 'Élise.Caron@example.com', 'toto', 2147483647, 78, 1, 1, 1, 1),
(32, 'Perrin', 'Théo', '2007-03-12', 'Besançon', 97228, 'Aubepine (Rue de l )', 2, 'Etienne', 'Martin', '2007-03-12', 60, 'Théo.Perrin@example.com', 'toto', 2147483647, 7, 1, 1, 1, 1),
(33, 'Humbert', 'Salomé', '1999-08-02', 'Orléans', 7731, 'Auberou', 7, 'Adam', 'Colin', '1999-08-02', 60, 'Salomé.Humbert@example.com', 'toto', 2147483647, 43, 4, 1, 1, 1),
(34, 'Millet', 'Guillemette', '1996-12-26', 'Rouen', 18729, 'Aubeterre (Rue d )', 9, 'Prevost', 'Théo', '1996-12-26', 60, 'Guillemette.Millet@example.com', 'toto', 2147483647, 14, 2, 1, 1, 1),
(35, 'Guillot', 'Mathis', '1988-11-12', 'Mulhouse', 88544, 'Augereau (Rue)', 0, 'Martin', 'Constant', '1988-11-12', 60, 'Mathis.Guillot@example.com', 'toto', 2147483647, 63, 1, 1, 1, 1),
(36, 'Boulanger', 'Bruno', '1979-08-21', 'Caen', 62221, 'Auguste Baussan (Impasse)', 1, 'Schmitt', 'Dorian', '1979-08-21', 60, 'Bruno.Boulanger@example.com', 'toto', 2147483647, 67, 4, 1, 1, 1),
(37, 'Guerin', 'Ethan', '1948-04-18', 'Saint-Denis', 84002, 'Auguste Broussonnet (Rue)', 2, 'Lopez', 'Mehdi', '1948-04-18', 60, 'Ethan.Guerin@example.com', 'toto', 2147483647, 99, 3, 1, 1, 1),
(38, 'Gonzalez', 'Noah', '2007-06-30', 'Nancy', 17303, 'Auguste Comte (Rue)', 8, 'Menard', 'Élisa', '2007-06-30', 60, 'Noah.Gonzalez@example.com', 'toto', 2147483647, 67, 4, 1, 1, 1),
(39, 'Boulanger', 'Guillemette', '1919-09-05', 'Argenteuil', 71214, 'Auguste Fages (Place)', 5, 'Perrot', 'Capucine', '1919-09-05', 60, 'Guillemette.Boulanger@example.com', 'toto', 2147483647, 55, 2, 1, 1, 1),
(40, 'Schneider', 'Jules', '1958-07-26', 'Saint-Paul', 27509, 'Auguste Gibert (Place)', 10, 'Nguyen', 'Anaël', '1958-07-26', 60, 'Jules.Schneider@example.com', 'toto', 2147483647, 27, 3, 1, 1, 1),
(41, 'Vincent', 'Lamia', '1998-05-15', 'Montreuil', 67674, 'Auguste Mourgues (Impasse', 5, 'Adam', 'Marine', '1998-05-15', 60, 'Lamia.Vincent@example.com', 'toto', 2147483647, 59, 1, 1, 1, 1),
(42, 'Fontaine', 'Louna', '1912-09-25', 'Roubaix', 16506, 'Auguste Rodin (Place)', 0, 'Gauthier', 'Davy', '1912-09-25', 60, 'Louna.Fontaine@example.com', 'toto', 2147483647, 29, 3, 1, 1, 1),
(43, 'David', 'Clotilde', '1959-02-06', 'Tourcoing', 54911, 'Augustin Fliche (Avenue)', 3, 'Picard', 'Robin', '1959-02-06', 60, 'Clotilde.David@example.com', 'toto', 2147483647, 64, 3, 1, 1, 1),
(44, 'Girard', 'Tom', '1907-08-20', 'Dunkerque14', 32993, 'Augustins (Rue des)', 6, 'Guillaume', 'Jules', '1907-08-20', 60, 'Tom.Girard@example.com', 'toto', 2147483647, 68, 4, 1, 1, 1),
(45, 'Dupuy', 'Charlotte', '1919-09-20', 'Créteil', 43445, 'Aung San Suu Kyi (Rue)', 10, 'Blanc', 'Benjamin', '1919-09-20', 60, 'Charlotte.Dupuy@example.com', 'toto', 2147483647, 34, 1, 1, 1, 1),
(46, 'Martin', 'Jules', '1933-12-06', 'Avignon', 65316, 'Aurelle (Val d )', 6, 'Dupuy', 'Yohan', '1933-12-06', 60, 'Jules.Martin@example.com', 'toto', 2147483647, 100, 4, 1, 1, 1),
(47, 'Chevalier', 'Kylian', '1924-12-19', 'Nanterre', 75144, 'Autan (Impasse de l )', 2, 'Moulin', 'Tatiana', '1924-12-19', 60, 'Kylian.Chevalier@example.com', 'toto', 2147483647, 41, 2, 1, 1, 1),
(48, 'Klein', 'Florentin', '1996-02-26', 'Courbevoie', 72177, 'Auvergne (Rue d )', 3, 'Guyot', 'Françoise', '1996-02-26', 60, 'Florentin.Klein@example.com', 'toto', 2147483647, 91, 2, 1, 1, 1),
(49, 'Fournier', 'Léon', '1949-01-03', 'Poitiers', 70289, 'Avant Monts Prolongee (Ru', 8, 'Vidal', 'Benjamin', '1949-01-03', 60, 'Léon.Fournier@example.com', 'toto', 2147483647, 38, 4, 1, 1, 1),
(50, 'Simon', 'Emma', '1950-08-09', 'Fort-de-France', 57051, 'Avant Monts (Rue des)', 2, 'Picard', 'Adrian', '1950-08-09', 60, 'Emma.Simon@example.com', 'toto', 2147483647, 83, 2, 1, 1, 1),
(51, 'Berger', 'Jules', '1989-08-14', 'Vitry-sur-Seine', 43023, 'Avelaniers (Rue des)', 1, 'Henry', 'Anaëlle', '1989-08-14', 60, 'Jules.Berger@example.com', 'toto', 2147483647, 16, 4, 1, 1, 1),
(52, 'Dumont', 'Louis', '1946-05-25', 'Versailles', 34269, 'Aventurin (Rue)', 3, 'Lambert', 'Grégory', '1946-05-25', 60, 'Louis.Dumont@example.com', 'toto', 2147483647, 58, 1, 1, 1, 1),
(53, 'Andre', 'Florian', '1951-05-13', 'Colombes', 54055, 'Avicenne (Impasse)', 8, 'Lemoine', 'Syrine', '1951-05-13', 60, 'Florian.Andre@example.com', 'toto', 2147483647, 82, 3, 1, 1, 1),
(54, 'Giraud', 'Lucas', '1937-11-26', 'Asnières-sur-Seine', 70003, 'Aviler (Place d )', 2, 'Lecomte', 'Davy', '1937-11-26', 60, 'Lucas.Giraud@example.com', 'toto', 2147483647, 38, 2, 1, 1, 1),
(55, 'Deschamps', 'Angelina', '1967-01-24', 'Aulnay-sous-Bois', 61506, 'Azalais d Altier (Rue)', 4, 'Boyer', 'Adrien', '1967-01-24', 60, 'Angelina.Deschamps@example.com', 'toto', 2147483647, 22, 1, 1, 1, 1),
(56, 'Garcia', 'Émilie', '2001-10-05', 'Saint-Pierre', 99367, 'Baguenaudiers (Rue des)', 0, 'Renaud', 'Killian', '2001-10-05', 60, 'Émilie.Garcia@example.com', 'toto', 2147483647, 89, 2, 1, 1, 1),
(57, 'Herve', 'Lina', '1936-05-15', 'Rueil-Malmaison', 64741, 'Balainvilliers (Rue)', 10, 'Vincent', 'Zoé', '1936-05-15', 60, 'Lina.Herve@example.com', 'toto', 2147483647, 54, 1, 1, 1, 1),
(58, 'Poulain', 'Rose', '1914-11-01', 'Pau', 8565, 'Balances (Rue des)', 5, 'Garnier', 'Élouan', '1914-11-01', 60, 'Rose.Poulain@example.com', 'toto', 2147483647, 17, 1, 1, 1, 1),
(59, 'Meyer', 'Marion', '1914-02-12', 'Champigny-sur-Marne', 3162, 'Balard (Rue)', 7, 'Durand', 'Mohamed', '1914-02-12', 60, 'Marion.Meyer@example.com', 'toto', 2147483647, 88, 2, 1, 1, 1),
(60, 'Dupuy', 'Adam', '1945-08-21', 'Aubervilliers', 92221, 'Baleares (Rue des)', 0, 'Poulain', 'Laura', '1945-08-21', 60, 'Adam.Dupuy@example.com', 'toto', 2147483647, 18, 2, 1, 1, 1),
(61, 'Charpentier', 'Anaïs', '1934-12-12', 'Antibes', 55313, 'Bale (Rue de)', 1, 'Lemaire', 'Dimitri', '1934-12-12', 60, 'Anaïs.Charpentier@example.com', 'toto', 2147483647, 81, 1, 1, 1, 1),
(62, 'Renard', 'Sara', '1950-10-24', 'Le Tampon', 83198, 'Balestriers (Rue des)', 5, 'Legrand', 'Kilian', '1950-10-24', 60, 'Sara.Renard@example.com', 'toto', 2147483647, 72, 2, 1, 1, 1),
(63, 'Hubert', 'Baptiste', '1947-12-29', 'La Rochelle', 46648, 'Bandido (Rue de la)', 9, 'Petit', 'Diego', '1947-12-29', 60, 'Baptiste.Hubert@example.com', 'toto', 2147483647, 95, 4, 1, 1, 1),
(64, 'Baron', 'Paul', '1996-08-12', 'Saint-Maur-des-Fossés', 60674, 'Banquiere (Domaine de la)', 1, 'Menard', 'Anthony', '1996-08-12', 60, 'Paul.Baron@example.com', 'toto', 2147483647, 47, 1, 1, 1, 1),
(65, 'Pereira', 'Nina', '1919-02-05', 'Calais', 78904, 'Baque (Rue)', 5, 'Lambert', 'Victor', '1919-02-05', 60, 'Nina.Pereira@example.com', 'toto', 2147483647, 37, 1, 1, 1, 1),
(66, 'Meunier', 'Kimberley', '1951-01-27', 'Cannes', 21671, 'Barcelone (Avenue de)', 0, 'Breton', 'Inès', '1951-01-27', 60, 'Kimberley.Meunier@example.com', 'toto', 2147483647, 97, 4, 1, 1, 1),
(67, 'Fleury', 'Jade', '1982-12-15', 'Béziers', 90113, 'Barcelone (Rue de)', 6, 'Fleury', 'Robin', '1982-12-15', 60, 'Jade.Fleury@example.com', 'toto', 2147483647, 23, 2, 1, 1, 1),
(68, 'Marie', 'Angelina', '1977-03-12', 'Colmar', 7023, 'Bari (Rue de)', 5, 'Dupuis', 'Syrine', '1977-03-12', 60, 'Angelina.Marie@example.com', 'toto', 2147483647, 42, 2, 1, 1, 1),
(69, 'Gay', 'Jade', '1923-11-20', 'Saint-Nazaire', 38034, 'Barnabe (Impasse)', 0, 'Vidal', 'Romain', '1923-11-20', 60, 'Jade.Gay@example.com', 'toto', 2147483647, 4, 3, 1, 1, 1),
(70, 'Joly', 'Rose', '1934-07-08', 'Ajaccio', 99705, 'Barques (Chemin des)', 5, 'Leclerc', 'Françoise', '1934-07-08', 60, 'Rose.Joly@example.com', 'toto', 2147483647, 73, 3, 1, 1, 1),
(71, 'Schneider', 'Mélanie', '2003-12-02', 'Drancy', 66157, 'Barralerie (Rue de la)', 3, 'Chevalier', 'Adrian', '2003-12-02', 60, 'Mélanie.Schneider@example.com', 'toto', 2147483647, 94, 4, 1, 1, 1),
(72, 'Jean', 'Noë', '1930-08-13', 'Bourges', 79888, 'Barthez (Rue)', 7, 'Dufour', 'Inès', '1930-08-13', 60, 'Noë.Jean@example.com', 'toto', 2147483647, 96, 4, 1, 1, 1),
(73, 'Marechal', 'Florian', '1924-08-30', 'Mérignac', 15796, 'Bassin (Rue du)', 8, 'Clement', 'Louis', '1924-08-30', 60, 'Florian.Marechal@example.com', 'toto', 2147483647, 94, 4, 1, 1, 1),
(74, 'Berger', 'Gabriel', '1963-03-10', 'Issy-les-Moulineaux', 90225, 'Bastide (Rue)', 2, 'Morel', 'Noë', '1963-03-10', 60, 'Gabriel.Berger@example.com', 'toto', 2147483647, 55, 2, 1, 1, 1),
(75, 'Arnaud', 'Romane', '1991-04-10', 'Levallois-Perret', 31555, 'Bastion Ventadour (Rue du', 6, 'Bailly', 'Romane', '1991-04-10', 60, 'Romane.Arnaud@example.com', 'toto', 2147483647, 19, 1, 1, 1, 1),
(76, 'Thomas', 'Zacharis', '1901-11-29', 'Quimper', 94101, 'Bateliers (Rue des)', 3, 'Lopez', 'Simon', '1901-11-29', 60, 'Zacharis.Thomas@example.com', 'toto', 2147483647, 86, 1, 1, 1, 1),
(77, 'Roger', 'Mathilde', '1930-06-23', 'Valence', 89353, 'Baton Rouge (Impasse)', 1, 'Maillard', 'Léane', '1930-06-23', 60, 'Mathilde.Roger@example.com', 'toto', 2147483647, 93, 4, 1, 1, 1),
(78, 'Evrard', 'Léane', '2005-06-05', 'Noisy-le-Grand', 47263, 'Baudin (Rue)', 0, 'Pasquier', 'Katell', '2005-06-05', 60, 'Léane.Evrard@example.com', 'toto', 2147483647, 89, 4, 1, 1, 1),
(79, 'Arnaud', 'Killian', '1982-01-24', 'Villeneuve-dAscq', 52069, 'Baume (Impasse de la)', 6, 'Humbert', 'Robin', '1982-01-24', 60, 'Killian.Arnaud@example.com', 'toto', 2147483647, 25, 4, 1, 1, 1),
(80, 'Dumas', 'Maxence', '2011-05-04', 'La Seyne-sur-Mer', 40368, 'Baumes (Rue)', 8, 'Riviere', 'Lucie', '2011-05-04', 60, 'Maxence.Dumas@example.com', 'toto', 2147483647, 44, 2, 1, 1, 1),
(81, 'Thomas', 'Léa', '1934-04-12', 'Antony', 46418, 'Bayard (Rue)', 8, 'Faure', 'Aaron', '1934-04-12', 60, 'Léa.Thomas@example.com', 'toto', 2147483647, 91, 3, 1, 1, 1),
(82, 'Renaud', 'Tom', '1992-10-02', 'Neuilly-sur-Seine', 73107, 'Bayle (Rue du)', 6, 'Robert', 'Catherine', '1992-10-02', 60, 'Tom.Renaud@example.com', 'toto', 2147483647, 76, 3, 1, 1, 1),
(83, 'Marchand', 'Fanny', '1972-02-05', 'Vénissieux', 13361, 'Bazille Balard (Rue)', 4, 'Martinez', 'Lucas', '1972-02-05', 60, 'Fanny.Marchand@example.com', 'toto', 2147483647, 87, 3, 1, 1, 1),
(84, 'Paris', 'Valentine', '1920-10-21', 'Troyes', 51118, 'Bearn (Rue du)', 6, 'Henry', 'Chloé', '1920-10-21', 60, 'Valentine.Paris@example.com', 'toto', 2147483647, 98, 1, 1, 1, 1),
(85, 'Caron', 'Lauriane', '1923-10-27', 'Clichy', 31958, 'Beaumont (Rue du)', 3, 'Pierre', 'Katell', '1923-10-27', 60, 'Lauriane.Caron@example.com', 'toto', 2147483647, 65, 1, 1, 1, 1),
(86, 'Perrin', 'Noë', '1965-10-25', 'Les Abymes', 65429, 'Beaupre (Impasse du)', 6, 'Mallet', 'Alexandre', '1965-10-25', 60, 'Noë.Perrin@example.com', 'toto', 2147483647, 54, 4, 1, 1, 1),
(87, 'Humbert', 'Lilian', '1963-12-02', 'Pessac', 65162, 'Beau Sejour (Rue)', 5, 'Gonzalez', 'Jérémy', '1963-12-02', 60, 'Lilian.Humbert@example.com', 'toto', 2147483647, 14, 2, 1, 1, 1),
(88, 'Millet', 'Edwige', '1979-06-07', 'Chambéry', 71786, 'Beau Soleil (Rue de)', 1, 'Paul', 'Zoé', '1979-06-07', 60, 'Edwige.Millet@example.com', 'toto', 2147483647, 52, 4, 1, 1, 1),
(89, 'Guillot', 'Laura', '1914-06-13', 'Sarcelles', 58236, 'Beaux-arts (Place des)', 3, 'Roy', 'Gilbert', '1914-06-13', 60, 'Laura.Guillot@example.com', 'toto', 2147483647, 15, 4, 1, 1, 1),
(90, 'Boulanger', 'Mattéo', '2003-04-06', 'Cergy', 6491, 'Bechamp (Rue)', 8, 'Collet', 'Catherine', '2003-04-06', 60, 'Mattéo.Boulanger@example.com', 'toto', 2147483647, 87, 4, 1, 1, 1),
(91, 'Guerin', 'Clément', '1926-08-14', 'Ivry-sur-Seine', 61975, 'Begonias (Rue des)', 8, 'Marechal', 'Malo', '1926-08-14', 60, 'Clément.Guerin@example.com', 'toto', 2147483647, 10, 4, 1, 1, 1),
(92, 'Gonzalez', 'Davy', '1946-12-28', 'Niort', 16465, 'Begude (Rue de la)', 0, 'Carre', 'Corentin', '1946-12-28', 60, 'Davy.Gonzalez@example.com', 'toto', 2147483647, 94, 3, 1, 1, 1),
(93, 'Boulanger', 'Bastien', '1986-09-26', 'Lorient', 51352, 'Bel Air (Rue du)', 1, 'Gonzalez', 'Léonie', '1986-09-26', 60, 'Bastien.Boulanger@example.com', 'toto', 2147483647, 25, 4, 1, 1, 1),
(94, 'Schneider', 'Gabriel', '1907-07-01', 'Cayenne', 13779, 'Belfort (Rue de)', 4, 'Leclerc', 'Tatiana', '1907-07-01', 60, 'Gabriel.Schneider@example.com', 'toto', 2147483647, 32, 2, 1, 1, 1),
(95, 'Vincent', 'Kilian', '1974-11-01', 'Montauban', 65986, 'Belle Grappe (Rue de la)', 9, 'Gillet', 'Lilou', '1974-11-01', 60, 'Kilian.Vincent@example.com', 'toto', 2147483647, 51, 2, 1, 1, 1),
(96, 'Fontaine', 'Maïwenn', '1956-08-07', 'Saint-Quentin', 97114, 'Belle (Impasse de la)', 8, 'Adam', 'Rose', '1956-08-07', 60, 'Maïwenn.Fontaine@example.com', 'toto', 2147483647, 42, 4, 1, 1, 1),
(97, 'David', 'Lena', '1986-08-07', 'Villejuif', 11960, 'Belle (Rue de la)', 9, 'Humbert', 'Julia', '1986-08-07', 60, 'Lena.David@example.com', 'toto', 2147483647, 88, 1, 1, 1, 1),
(98, 'Girard', 'Lutécia', '1945-07-10', 'Saint-André', 68280, 'Belle Treille (Allée de l', 6, 'Marty', 'Mathilde', '1945-07-10', 60, 'Lutécia.Girard@example.com', 'toto', 2147483647, 43, 2, 1, 1, 1),
(99, 'Dupuy', 'Ambre', '1990-01-28', 'Épinay-sur-Seine', 9327, 'Belmont (Rue)', 8, 'Fleury', 'Salomé', '1990-01-28', 60, 'Ambre.Dupuy@example.com', 'toto', 2147483647, 88, 1, 1, 1, 1),
(100, 'Martin', 'Jade', '1996-09-05', 'Hyères', 81608, 'Belvedere (Rue du)', 9, 'Francois', 'Maïlé', '1996-09-05', 60, 'Jade.Martin@example.com', 'toto', 2147483647, 47, 3, 1, 1, 1),
(101, 'Chevalier', 'Catherine', '1916-06-28', 'Cholet', 61484, 'Bencker (Impasse)', 6, 'Thomas', 'Anaël', '1916-06-28', 60, 'Catherine.Chevalier@example.com', 'toto', 2147483647, 7, 4, 1, 1, 1),
(102, 'Klein', 'Nolan', '1964-07-31', 'Beauvais', 7255, 'Bengalis (Rue des)', 0, 'Fabre', 'Maryam', '1964-07-31', 60, 'Nolan.Klein@example.com', 'toto', 2147483647, 80, 4, 1, 1, 1),
(103, 'Fournier', 'Mathieu', '1910-04-01', 'Pantin', 74984, 'Benjamin Franklin (Rond-p', 2, 'Renaud', 'Ambre', '1910-04-01', 60, 'Mathieu.Fournier@example.com', 'toto', 2147483647, 20, 2, 1, 1, 1),
(104, 'Simon', 'Jordan', '1968-09-16', 'Maisons-Alfort', 65085, 'Benjamin Milhaud (Bouleva', 5, 'Jean', 'Rémi', '1968-09-16', 60, 'Jordan.Simon@example.com', 'toto', 2147483647, 15, 2, 1, 1, 1),
(105, 'Berger', 'Carla', '1973-07-21', 'Bondy', 24214, 'Beranger (Allée)', 2, 'Leclercq', 'Baptiste', '1973-07-21', 60, 'Carla.Berger@example.com', 'toto', 2147483647, 62, 3, 1, 1, 1),
(106, 'Dumont', 'Luna', '1933-01-25', 'Chelles', 87157, 'Bercy (Rue de)', 10, 'Lefevre', 'Aaron', '1933-01-25', 60, 'Luna.Dumont@example.com', 'toto', 2147483647, 76, 1, 1, 1, 1),
(107, 'Andre', 'Rémi', '1963-06-20', 'Vannes', 81784, 'Berenger Fredol (Rue)', 3, 'Aubry', 'Maïwenn', '1963-06-20', 60, 'Rémi.Andre@example.com', 'toto', 2147483647, 42, 1, 1, 1, 1),
(108, 'Giraud', 'Jordan', '1992-02-11', 'La Roche-sur-Yon', 15045, 'Bergeronnettes (Rue des)', 0, 'Gerard', 'Léo', '1992-02-11', 60, 'Jordan.Giraud@example.com', 'toto', 2147483647, 94, 3, 1, 1, 1),
(109, 'Prevost', 'Léane', '1989-12-18', 'Clamart', 87396, 'Berger (Rue du)', 6, 'Philippe', 'Dorian', '1989-12-18', 60, 'Léane.Prevost@example.com', 'toto', 2147483647, 52, 1, 1, 1, 1),
(110, 'Morin', 'Margot', '1971-03-28', 'Fontenay-sous-Bois', 9165, 'Bernard Blier (Rue)', 4, 'Dupont', 'Lou', '1971-03-28', 60, 'Margot.Morin@example.com', 'toto', 2147483647, 34, 4, 1, 1, 1),
(111, 'Schmitt', 'Amélie', '1932-02-17', 'Saint-Louis', 47555, 'Bernard Delicieux (Rue)', 7, 'Garcia', 'Manon', '1932-02-17', 60, 'Amélie.Schmitt@example.com', 'toto', 2147483647, 51, 2, 1, 1, 1),
(112, 'Baron', 'Florentin', '1982-03-20', 'Arles', 2816, 'Bernard de Treviers (Rue)', 9, 'Roux', 'Anaïs', '1982-03-20', 60, 'Florentin.Baron@example.com', 'toto', 2147483647, 74, 1, 1, 1, 1),
(113, 'Masson', 'Maïlé', '2011-07-10', 'Fréjus', 98841, 'Bernard Lecache (Rue)', 4, 'Lebrun', 'Emma', '2011-07-10', 60, 'Maïlé.Masson@example.com', 'toto', 2147483647, 22, 2, 1, 1, 1),
(114, 'Pasquier', 'Florian', '1919-06-28', 'Meaux', 3500, 'Berthelot (Boulevard)', 1, 'Huet', 'Alexia', '1919-06-28', 60, 'Florian.Pasquier@example.com', 'toto', 2147483647, 34, 3, 1, 1, 1),
(115, 'Jacquet', 'Lutécia', '1961-06-26', 'Évry', 87952, 'Bertrand de Born (Rue)', 9, 'Girard', 'Laura', '1961-06-26', 60, 'Lutécia.Jacquet@example.com', 'toto', 2147483647, 42, 2, 1, 1, 1),
(116, 'Meyer', 'Romane', '1913-06-19', 'Le Blanc-Mesnil', 97509, 'Bertrand Flornoy (Rue)', 6, 'Aubert', 'Léonard', '1913-06-19', 60, 'Romane.Meyer@example.com', 'toto', 2147483647, 87, 4, 1, 1, 1),
(117, 'Marty', 'Corentin', '1907-11-20', 'Grasse', 64457, 'Bigot (Impasse)', 8, 'Richard', 'Nathan', '1907-11-20', 60, 'Corentin.Marty@example.com', 'toto', 2147483647, 55, 2, 1, 1, 1),
(118, 'Berger', 'Nicolas', '1995-03-29', 'Narbonne', 94332, 'Bigot (Rue)', 0, 'Gomez', 'Lutécia', '1995-03-29', 60, 'Nicolas.Berger@example.com', 'toto', 2147483647, 27, 2, 1, 1, 1),
(119, 'Guillaume', 'Adrien', '1955-04-23', 'Sartrouville', 4792, 'Billie Holiday (Rue)', 5, 'Leroy', 'Edwige', '1955-04-23', 60, 'Adrien.Guillaume@example.com', 'toto', 2147483647, 69, 2, 1, 1, 1),
(120, 'Lambert', 'Colin', '1972-12-04', 'Annecy', 49758, 'Bionne', 9, 'Petit', 'Rose', '1972-12-04', 60, 'Colin.Lambert@example.com', 'toto', 2147483647, 97, 3, 1, 1, 1),
(121, 'Baron', 'Maëlle', '1973-09-24', 'Laval', 13876, 'Bionne (Château de)', 5, 'Dupuis', 'Mélanie', '1973-09-24', 60, 'Maëlle.Baron@example.com', 'toto', 2147483647, 77, 4, 1, 1, 1),
(122, 'Faure', 'Yohan', '1964-08-26', 'Belfort', 29560, 'Bionne (Rue de)', 3, 'Renard', 'Grégory', '1964-08-26', 60, 'Yohan.Faure@example.com', 'toto', 2147483647, 87, 3, 1, 1, 1),
(123, 'Gautier', 'Salomé', '1972-01-11', 'Sevran', 80028, 'Biquet (Passage)', 2, 'Guyot', 'Enzo', '1972-01-11', 60, 'Salomé.Gautier@example.com', 'toto', 2147483647, 82, 3, 1, 1, 1),
(124, 'Gaillard', 'Antonin', '1917-02-01', 'Charleville-Mézières', 9171, 'Biscayeurs (Impasse des)', 2, 'Bernard', 'Émile', '1917-02-01', 60, 'Antonin.Gaillard@example.com', 'toto', 2147483647, 95, 2, 1, 1, 1),
(125, 'Fernandez', 'Kevin', '1919-03-02', 'Évreux', 48006, 'Biterrois (Avenue du)', 2, 'Guillaume', 'Océane', '1919-03-02', 60, 'Kevin.Fernandez@example.com', 'toto', 2147483647, 30, 1, 1, 1, 1),
(126, 'Renaud', 'Luna', '1978-12-13', 'Albi', 7700, 'Blaise Pascal (Rue)', 2, 'Menard', 'Erwan', '1978-12-13', 60, 'Luna.Renaud@example.com', 'toto', 2147483647, 49, 3, 1, 1, 1),
(127, 'Dumas', 'Roméo', '1922-06-07', 'Montrouge', 12274, 'Blanquette (Impasse de la', 1, 'Millet', 'Capucine', '1922-06-07', 60, 'Roméo.Dumas@example.com', 'toto', 2147483647, 18, 1, 1, 1, 1),
(128, 'Menard', 'Julien', '1938-03-04', 'Vincennes', 85415, 'Blanquiers (Rue des)', 0, 'Pasquier', 'Martin', '1938-03-04', 60, 'Julien.Menard@example.com', 'toto', 2147483647, 70, 4, 1, 1, 1),
(129, 'Remy', 'Théo', '1950-04-06', 'Brive-la-Gaillarde', 72144, 'Blazy (Impasse)', 5, 'Henry', 'Colin', '1950-04-06', 60, 'Théo.Remy@example.com', 'toto', 2147483647, 27, 3, 1, 1, 1),
(130, 'Renaud', 'Alexis', '1907-01-29', 'Saint-Ouen', 5229, 'Bleuets (Rue des)', 8, 'Etienne', 'Théo', '1907-01-29', 60, 'Alexis.Renaud@example.com', 'toto', 2147483647, 43, 1, 1, 1, 1),
(131, 'Marie', 'Élise', '1967-04-30', 'Martigues', 91960, 'Bocaud (Rue)', 6, 'Adam', 'Constant', '1967-04-30', 60, 'Élise.Marie@example.com', 'toto', 2147483647, 51, 4, 1, 1, 1),
(132, 'Humbert', 'Théo', '1907-12-31', 'Carcassonne', 36360, 'Boirargues (Avenue de)', 3, 'Prevost', 'Dorian', '1907-12-31', 60, 'Théo.Humbert@example.com', 'toto', 2147483647, 93, 2, 1, 1, 1),
(133, 'Marchal', 'Salomé', '1952-05-11', 'Bobigny', 21369, 'Bois Joli (Impasse du)', 4, 'Martin', 'Mehdi', '1952-05-11', 60, 'Salomé.Marchal@example.com', 'toto', 2147483647, 13, 2, 1, 1, 1),
(134, 'Roy', 'Guillemette', '1966-01-15', 'Suresnes', 82384, 'Bologne (Avenue de)', 6, 'Schmitt', 'Élisa', '1966-01-15', 60, 'Guillemette.Roy@example.com', 'toto', 2147483647, 67, 1, 1, 1, 1),
(135, 'Gomez', 'Mathis', '2005-12-05', 'Cagnes-sur-Mer', 32841, 'Bon Accueil (Allée du)', 0, 'Lopez', 'Capucine', '2005-12-05', 60, 'Mathis.Gomez@example.com', 'toto', 2147483647, 76, 2, 1, 1, 1),
(136, 'Mercier', 'Bruno', '1942-07-10', 'Blois', 83543, 'Bon (Château)', 3, 'Menard', 'Anaël', '1942-07-10', 60, 'Bruno.Mercier@example.com', 'toto', 2147483647, 13, 3, 1, 1, 1),
(137, 'Daniel', 'Ethan', '1948-01-05', 'Saint-Brieuc', 71695, 'Bousquet (Impasse)', 6, 'Perrot', 'Marine', '1948-01-05', 60, 'Ethan.Daniel@example.com', 'toto', 2147483647, 89, 2, 1, 1, 1),
(138, 'Vincent', 'Noah', '2006-10-05', 'Aubagne', 34421, 'Boussairolles (Rue)', 1, 'Nguyen', 'Davy', '2006-10-05', 60, 'Noah.Vincent@example.com', 'toto', 2147483647, 74, 3, 1, 1, 1),
(139, 'Aubry', 'Guillemette', '1992-04-20', 'Châteauroux', 73480, 'Boussinesq (Rue)', 1, 'Adam', 'Robin', '1992-04-20', 60, 'Guillemette.Aubry@example.com', 'toto', 2147483647, 3, 4, 1, 1, 1),
(140, 'Fernandez', 'Jules', '1926-02-19', 'Saint-Malo', 71275, 'Boutons d Or (Rue des)', 7, 'Gauthier', 'Jules', '1926-02-19', 60, 'Jules.Fernandez@example.com', 'toto', 2147483647, 12, 2, 1, 1, 1),
(141, 'Schneider', 'Lamia', '1991-04-14', 'Châlons-en-Champagne', 50059, 'Bouvreuils (Rue des)', 1, 'Picard', 'Benjamin', '1991-04-14', 60, 'Lamia.Schneider@example.com', 'toto', 2147483647, 31, 4, 1, 1, 1),
(142, 'Martinez', 'Louna', '1944-07-18', 'Meudon', 41904, 'Boyer (Rue)', 1, 'Guillaume', 'Yohan', '1944-07-18', 60, 'Louna.Martinez@example.com', 'toto', 2147483647, 25, 3, 1, 1, 1),
(143, 'Bonnet', 'Clotilde', '1910-03-17', 'Chalon-sur-Saône', 31855, 'Braine (Rue de)', 2, 'Blanc', 'Tatiana', '1910-03-17', 60, 'Clotilde.Bonnet@example.com', 'toto', 2147483647, 95, 1, 1, 1, 1),
(144, 'Deschamps', 'Tom', '1965-11-04', 'Puteaux', 86921, 'Bras de Fer (Rue du)', 10, 'Dupuy', 'Françoise', '1965-11-04', 60, 'Tom.Deschamps@example.com', 'toto', 2147483647, 94, 1, 1, 1, 1),
(145, 'Garcia', 'Charlotte', '1981-07-15', 'Alfortville', 86660, 'Brestalou (Impasse du)', 0, 'Moulin', 'Benjamin', '1981-07-15', 60, 'Charlotte.Garcia@example.com', 'toto', 2147483647, 79, 2, 1, 1, 1),
(146, 'Herve', 'Jules', '1989-04-11', 'Bayonne', 62415, 'Breton (Rue)', 10, 'Guyot', 'Adrian', '1989-04-11', 60, 'Jules.Herve@example.com', 'toto', 2147483647, 77, 1, 1, 1, 1),
(147, 'Poulain', 'Kylian', '1940-07-29', 'Corbeil-Essonnes', 97853, 'Brigantine (Rue de la)', 4, 'Vidal', 'Anaëlle', '1940-07-29', 60, 'Kylian.Poulain@example.com', 'toto', 2147483647, 9, 3, 1, 1, 1),
(148, 'Meyer', 'Florentin', '2011-06-30', 'Valenciennes', 10536, 'Brillat Savarin (Rue)', 0, 'Picard', 'Grégory', '2011-06-30', 60, 'Florentin.Meyer@example.com', 'toto', 2147483647, 77, 3, 1, 1, 1),
(149, 'Dupuy', 'Léon', '1940-04-19', 'Sète', 38109, 'Bringaud (Mas de)', 9, 'Henry', 'Julia', '1940-04-19', 60, 'Léon.Dupuy@example.com', 'toto', 2147483647, 41, 3, 1, 1, 1),
(150, 'Charpentier', 'Emma', '1948-12-20', 'Saint-Herblain', 44915, 'Briol (Allée du)', 1, 'Lambert', 'Mathilde', '1948-12-20', 60, 'Emma.Charpentier@example.com', 'toto', 2147483647, 13, 1, 1, 1, 1),
(151, 'Renard', 'Jules', '2000-02-26', 'Massy', 14235, 'Briquetiers (Impasse des)', 2, 'Lemoine', 'Salomé', '2000-02-26', 60, 'Jules.Renard@example.com', 'toto', 2147483647, 7, 1, 1, 1, 1),
(152, 'Hubert', 'Louis', '1956-12-31', 'Istres', 70687, 'Brueys (Rue)', 0, 'Lecomte', 'Maïlé', '1956-12-31', 60, 'Louis.Hubert@example.com', 'toto', 2147483647, 96, 1, 1, 1, 1),
(153, 'Baron', 'Florian', '1929-10-15', 'Bastia', 20362, 'Brumaire (Rue)', 10, 'Boyer', 'Anaël', '1929-10-15', 60, 'Florian.Baron@example.com', 'toto', 2147483647, 47, 2, 1, 1, 1),
(154, 'Pereira', 'Lucas', '1927-02-05', 'Tarbes', 71598, 'Brun (Impasse)', 8, 'Renaud', 'Maryam', '1927-02-05', 60, 'Lucas.Pereira@example.com', 'toto', 2147483647, 26, 4, 1, 1, 1),
(155, 'Meunier', 'Angelina', '1932-05-28', 'Salon-de-Provence', 87789, 'Brusses (Rue des)', 1, 'Vincent', 'Ambre', '1932-05-28', 60, 'Angelina.Meunier@example.com', 'toto', 2147483647, 77, 1, 1, 1, 1),
(156, 'Fleury', 'Émilie', '1950-11-15', 'Le Cannet', 36798, 'Bruyas (Passage)', 5, 'Garnier', 'Rémi', '1950-11-15', 60, 'Émilie.Fleury@example.com', 'toto', 2147483647, 95, 2, 1, 1, 1),
(157, 'Marie', 'Lina', '1918-05-22', 'Mantes-la-Jolie', 64730, 'Bruyeres (Rue des)Rue des', 5, 'Durand', 'Baptiste', '1918-05-22', 60, 'Lina.Marie@example.com', 'toto', 2147483647, 6, 2, 1, 1, 1),
(158, 'Gay', 'Rose', '1944-07-30', 'Vaulx-en-Velin', 13467, 'Cadix (Rue de)', 4, 'Poulain', 'Aaron', '1944-07-30', 60, 'Rose.Gay@example.com', 'toto', 2147483647, 6, 4, 1, 1, 1),
(159, 'Joly', 'Marion', '1914-12-05', 'Boulogne-sur-Mer', 93605, 'Cadoule (Rue de la)', 3, 'Lemaire', 'Maïwenn', '1914-12-05', 60, 'Marion.Joly@example.com', 'toto', 2147483647, 56, 4, 1, 1, 1),
(160, 'Schneider', 'Adam', '1945-01-01', 'Saint-Priest', 60975, 'Cadran Solaire (Rue du)', 4, 'Legrand', 'Léo', '1945-01-01', 60, 'Adam.Schneider@example.com', 'toto', 2147483647, 13, 4, 1, 1, 1),
(161, 'Jean', 'Anaïs', '1983-04-22', 'Castres', 16282, 'Caducee (Rue du)', 8, 'Petit', 'Dorian', '1983-04-22', 60, 'Anaïs.Jean@example.com', 'toto', 2147483647, 57, 4, 1, 1, 1),
(162, 'Marechal', 'Sara', '1917-07-21', 'Livry-Gargan', 63649, 'Cailles (Rue des)', 1, 'Menard', 'Lou', '1917-07-21', 60, 'Sara.Marechal@example.com', 'toto', 2147483647, 49, 1, 1, 1, 1),
(163, 'Berger', 'Baptiste', '1950-02-18', 'Gennevilliers', 92376, 'Caizergues de Pradines (R', 5, 'Lambert', 'Manon', '1950-02-18', 60, 'Baptiste.Berger@example.com', 'toto', 2147483647, 83, 4, 1, 1, 1),
(164, 'Arnaud', 'Paul', '1959-03-12', 'Douai', 47096, 'Calage (Mas de)', 4, 'Breton', 'Anaïs', '1959-03-12', 60, 'Paul.Arnaud@example.com', 'toto', 2147483647, 77, 4, 1, 1, 1),
(165, 'Thomas', 'Nina', '2010-04-15', 'Angoulême', 21386, 'Calvaire (Rue du)', 4, 'Fleury', 'Emma', '2010-04-15', 60, 'Nina.Thomas@example.com', 'toto', 2147483647, 85, 3, 1, 1, 1),
(166, 'Roger', 'Kimberley', '1933-12-11', 'Wattrelos', 90691, 'Calvin (Rue)', 6, 'Fleury', 'Alexia', '1933-12-11', 60, 'Kimberley.Roger@example.com', 'toto', 2147483647, 26, 4, 1, 1, 1),
(167, 'Evrard', 'Jade', '1911-11-06', 'Caluire-et-Cuire', 26675, 'Calvi (Place)', 6, 'Francois', 'Laura', '1911-11-06', 60, 'Jade.Evrard@example.com', 'toto', 2147483647, 94, 1, 1, 1, 1),
(168, 'Arnaud', 'Angelina', '1925-02-07', 'Choisy-le-Roi', 61230, 'Calypso (Rue)', 7, 'Thomas', 'Léonard', '1925-02-07', 60, 'Angelina.Arnaud@example.com', 'toto', 2147483647, 40, 3, 1, 1, 1),
(169, 'Dumas', 'Jade', '1917-03-01', 'Arras', 51671, 'Camargue (Rue de)', 3, 'Fabre', 'Nathan', '1917-03-01', 60, 'Jade.Dumas@example.com', 'toto', 2147483647, 99, 4, 1, 1, 1),
(170, 'Thomas', 'Rose', '1993-07-06', 'Rosny-sous-Bois', 92925, 'Cambiadours (Rue des)', 9, 'Renaud', 'Lutécia', '1993-07-06', 60, 'Rose.Thomas@example.com', 'toto', 2147483647, 25, 4, 1, 1, 1),
(171, 'Renaud', 'Mélanie', '1972-04-20', 'Thionville', 6105, 'Cambridge (Rue de)', 7, 'Jean', 'Edwige', '1972-04-20', 60, 'Mélanie.Renaud@example.com', 'toto', 2147483647, 15, 4, 1, 1, 1),
(172, 'Marchand', 'Noë', '1969-01-08', 'Alès', 50723, 'Camelias (Impasse des)', 10, 'Leclercq', 'Rose', '1969-01-08', 60, 'Noë.Marchand@example.com', 'toto', 2147483647, 92, 1, 1, 1, 1),
(173, 'Paris', 'Florian', '1967-01-25', 'Talence', 48171, 'Camille Claudel (Rue)', 4, 'Lefevre', 'Mélanie', '1967-01-25', 60, 'Florian.Paris@example.com', 'toto', 2147483647, 82, 1, 1, 1, 1),
(174, 'Caron', 'Gabriel', '1908-10-15', 'Gap', 98868, 'Camille Descossy (Rue)', 6, 'Aubry', 'Grégory', '1908-10-15', 60, 'Gabriel.Caron@example.com', 'toto', 2147483647, 40, 4, 1, 1, 1),
(175, 'Perrin', 'Romane', '1912-01-11', 'Saint-Germain-en-Laye', 80699, 'Camille Flammarion (Rue)', 0, 'Gerard', 'Enzo', '1912-01-11', 60, 'Romane.Perrin@example.com', 'toto', 2147483647, 62, 2, 1, 1, 1),
(176, 'Humbert', 'Zacharis', '1950-08-16', 'Saint-Laurent-du-Maroni', 60936, 'Camille Saint Saens (Rue)', 2, 'Philippe', 'Émile', '1950-08-16', 60, 'Zacharis.Humbert@example.com', 'toto', 2147483647, 86, 1, 1, 1, 1),
(177, 'Millet', 'Mathilde', '1937-04-04', 'Noisy-le-Sec', 34483, 'Camisards (Cour des)', 10, 'Dupont', 'Océane', '1937-04-04', 60, 'Mathilde.Millet@example.com', 'toto', 2147483647, 9, 1, 1, 1, 1),
(178, 'Guillot', 'Léane', '1974-07-22', 'Bourg-en-Bresse', 4718, 'Campan (Rue)', 4, 'Garcia', 'Erwan', '1974-07-22', 60, 'Léane.Guillot@example.com', 'toto', 2147483647, 32, 4, 1, 1, 1),
(179, 'Boulanger', 'Killian', '1936-10-25', 'Garges-lès-Gonesse', 91062, 'Campanules (Rue des)', 9, 'Roux', 'Capucine', '1936-10-25', 60, 'Killian.Boulanger@example.com', 'toto', 2147483647, 61, 4, 1, 1, 1),
(180, 'Guerin', 'Maxence', '1926-11-24', 'Marcq-en-Barœul', 84256, 'Campredon (Chemin de)', 2, 'Lebrun', 'Martin', '1926-11-24', 60, 'Maxence.Guerin@example.com', 'toto', 2147483647, 17, 3, 1, 1, 1),
(181, 'Gonzalez', 'Léa', '1999-10-07', 'Compiègne', 22642, 'Canabassiers (Rue des)', 8, 'Huet', 'Colin', '1999-10-07', 60, 'Léa.Gonzalez@example.com', 'toto', 2147483647, 82, 3, 1, 1, 1),
(182, 'Boulanger', 'Tom', '1977-03-17', 'Melun', 1738, 'Canal (Rue du)', 2, 'Girard', 'Théo', '1977-03-17', 60, 'Tom.Boulanger@example.com', 'toto', 2147483647, 62, 2, 1, 1, 1),
(183, 'Schneider', 'Fanny', '1949-07-21', 'Le Lamentin', 17125, 'Candeliers (Rue des)', 6, 'Aubert', 'Constant', '1949-07-21', 60, 'Fanny.Schneider@example.com', 'toto', 2147483647, 95, 2, 1, 1, 1),
(184, 'Vincent', 'Valentine', '1912-04-17', 'Gagny', 12016, 'Candolle (Rue de)', 1, 'Richard', 'Dorian', '1912-04-17', 60, 'Valentine.Vincent@example.com', 'toto', 2147483647, 60, 1, 1, 1, 1),
(185, 'Fontaine', 'Lauriane', '1911-05-18', 'Chartres', 82902, 'Canepetieres (Rue des)', 3, 'Gomez', 'Mehdi', '1911-05-18', 60, 'Lauriane.Fontaine@example.com', 'toto', 2147483647, 36, 4, 1, 1, 1),
(186, 'David', 'Noë', '1927-05-19', 'Rezé', 23807, 'Cannau (Rue du)', 9, 'Leroy', 'Élisa', '1927-05-19', 60, 'Noë.David@example.com', 'toto', 2147483647, 52, 1, 1, 1, 1),
(187, 'Girard', 'Lilian', '1911-05-19', 'Bron', 91702, 'Canourgue (Place de la)', 2, 'Petit', 'Capucine', '1911-05-19', 60, 'Lilian.Girard@example.com', 'toto', 2147483647, 23, 3, 1, 1, 1),
(188, 'Dupuy', 'Edwige', '2005-03-09', 'La Courneuve', 46434, 'Canourgue (Rue de la)', 7, 'Dupuis', 'Anaël', '2005-03-09', 60, 'Edwige.Dupuy@example.com', 'toto', 2147483647, 4, 3, 1, 1, 1),
(189, 'Martin', 'Laura', '1910-03-27', 'Anglet', 18498, 'Cantaperdrix (Rue de la)', 8, 'Renard', 'Marine', '1910-03-27', 60, 'Laura.Martin@example.com', 'toto', 2147483647, 34, 1, 1, 1, 1),
(190, 'Chevalier', 'Mattéo', '1932-02-20', 'Montluçon', 60534, 'Cantie (Impasse)', 10, 'Guyot', 'Davy', '1932-02-20', 60, 'Mattéo.Chevalier@example.com', 'toto', 2147483647, 20, 4, 1, 1, 1),
(191, 'Klein', 'Clément', '1992-12-17', 'Bagneux', 65498, 'Canton (Rue)', 2, 'Bernard', 'Robin', '1992-12-17', 60, 'Clément.Klein@example.com', 'toto', 2147483647, 38, 1, 1, 1, 1),
(192, 'Fournier', 'Davy', '2001-01-09', 'Cherbourg-Octeville', 44895, 'Capitaine Pierre Pontal (', 3, 'Guillaume', 'Jules', '2001-01-09', 60, 'Davy.Fournier@example.com', 'toto', 2147483647, 61, 1, 1, 1, 1),
(193, 'Simon', 'Bastien', '1952-03-24', 'Poissy', 43479, 'Capricorne (Rue du)', 10, 'Menard', 'Benjamin', '1952-03-24', 60, 'Bastien.Simon@example.com', 'toto', 2147483647, 61, 4, 1, 1, 1),
(194, 'Berger', 'Gabriel', '1968-03-27', 'Le Port', 27980, 'Capriers (Rue des)', 6, 'Millet', 'Yohan', '1968-03-27', 60, 'Gabriel.Berger@example.com', 'toto', 2147483647, 79, 4, 1, 1, 1),
(195, 'Dumont', 'Kilian', '1909-01-23', 'Draguignan', 22373, 'Capucines (Impasse des)', 10, 'Pasquier', 'Tatiana', '1909-01-23', 60, 'Kilian.Dumont@example.com', 'toto', 2147483647, 8, 3, 1, 1, 1),
(196, 'Andre', 'Maïwenn', '2000-01-24', 'Savigny-sur-Orge', 19204, 'Capucins (Cour des)', 6, 'Henry', 'Françoise', '2000-01-24', 60, 'Maïwenn.Andre@example.com', 'toto', 2147483647, 53, 4, 1, 1, 1),
(197, 'Giraud', 'Lena', '1983-04-26', 'Saint-Martin-dHères', 45463, 'Caravelle (Impasse)', 8, 'Etienne', 'Benjamin', '1983-04-26', 60, 'Lena.Giraud@example.com', 'toto', 2147483647, 74, 4, 1, 1, 1),
(198, 'Prevost', 'Lutécia', '1981-11-16', 'Saint-Martin', 49160, 'Carbonnerie (Rue de la)', 1, 'Adam', 'Adrian', '1981-11-16', 60, 'Lutécia.Prevost@example.com', 'toto', 2147483647, 67, 4, 1, 1, 1),
(199, 'Morin', 'Ambre', '1992-04-20', 'Joué-lès-Tours', 4561, 'Cardeurs (Rue des)', 4, 'Prevost', 'Anaëlle', '1992-04-20', 60, 'Ambre.Morin@example.com', 'toto', 2147483647, 46, 1, 1, 1, 1),
(200, 'Schmitt', 'Jade', '1925-02-15', 'Pontault-Combault', 73663, 'Cardinal de Cabrieres (Ru', 9, 'Martin', 'Grégory', '1925-02-15', 60, 'Jade.Schmitt@example.com', 'toto', 2147483647, 100, 2, 1, 1, 1),
(201, 'Baron', 'Catherine', '1990-06-03', 'Saint-Joseph', 48984, 'Cardinal Marty (Place)', 9, 'Schmitt', 'Syrine', '1990-06-03', 60, 'Catherine.Baron@example.com', 'toto', 2147483647, 57, 1, 1, 1, 1),
(202, 'Masson', 'Nolan', '1947-01-14', 'Nevers', 35499, 'Cardinal Verdier (Place)', 8, 'Lopez', 'Davy', '1947-01-14', 60, 'Nolan.Masson@example.com', 'toto', 2147483647, 38, 3, 1, 1, 1),
(203, 'Pasquier', 'Mathieu', '1915-02-27', 'Roanne', 82838, 'Cardonille (Rue de la)', 1, 'Menard', 'Adrien', '1915-02-27', 60, 'Mathieu.Pasquier@example.com', 'toto', 2147483647, 55, 3, 1, 1, 1),
(204, 'Jacquet', 'Jordan', '1911-01-16', 'Échirolles', 68059, 'Carlencas (Rue)', 6, 'Perrot', 'Killian', '1911-01-16', 60, 'Jordan.Jacquet@example.com', 'toto', 2147483647, 10, 2, 1, 1, 1),
(205, 'Meyer', 'Carla', '1959-08-09', 'Villepinte', 2857, 'Carlit (Allée du)', 1, 'Nguyen', 'Zoé', '1959-08-09', 60, 'Carla.Meyer@example.com', 'toto', 2147483647, 14, 4, 1, 1, 1),
(206, 'Marty', 'Luna', '1989-02-06', 'Colomiers', 63768, 'Carl Von Linne (Rue)', 3, 'Adam', 'Élouan', '1989-02-06', 60, 'Luna.Marty@example.com', 'toto', 2147483647, 7, 3, 1, 1, 1),
(207, 'Berger', 'Rémi', '1905-08-05', 'Saint-Benoît', 49974, 'Carmelites (Rue des)', 7, 'Gauthier', 'Mohamed', '1905-08-05', 60, 'Rémi.Berger@example.com', 'toto', 2147483647, 30, 1, 1, 1, 1),
(208, 'Guillaume', 'Jordan', '1926-11-11', 'Villefranche-sur-Saône', 44069, 'Carmes du Palais (Rue des', 6, 'Picard', 'Laura', '1926-11-11', 60, 'Jordan.Guillaume@example.com', 'toto', 2147483647, 43, 2, 1, 1, 1),
(209, 'Lambert', 'Léane', '1912-07-01', 'Conflans-Sainte-Honorine', 80785, 'Carnot (Place)', 10, 'Guillaume', 'Dimitri', '1912-07-01', 60, 'Léane.Lambert@example.com', 'toto', 2147483647, 67, 1, 1, 1, 1),
(210, 'Baron', 'Margot', '1958-10-02', 'Auxerre', 29569, 'Caroux (Rue du)', 3, 'Blanc', 'Kilian', '1958-10-02', 60, 'Margot.Baron@example.com', 'toto', 2147483647, 17, 4, 1, 1, 1),
(211, 'Faure', 'Amélie', '1902-02-26', 'Saint-Chamond', 86799, 'Carre du Roi (Rue du)', 1, 'Dupuy', 'Diego', '1902-02-26', 60, 'Amélie.Faure@example.com', 'toto', 2147483647, 7, 1, 1, 1, 1),
(212, 'Gautier', 'Florentin', '1911-02-10', 'Montélimar', 25283, 'Carrierasse (Rue de la)', 3, 'Moulin', 'Anthony', '1911-02-10', 60, 'Florentin.Gautier@example.com', 'toto', 2147483647, 41, 4, 1, 1, 1),
(213, 'Gaillard', 'Maïlé', '1944-12-18', 'Stains', 67635, 'Casseyrols (Rue de)', 10, 'Guyot', 'Victor', '1944-12-18', 60, 'Maïlé.Gaillard@example.com', 'toto', 2147483647, 82, 4, 1, 1, 1),
(214, 'Fernandez', 'Florian', '1986-07-26', 'Vitrolles', 19880, 'Cassis (Rue des)', 5, 'Vidal', 'Inès', '1986-07-26', 60, 'Florian.Fernandez@example.com', 'toto', 2147483647, 85, 4, 1, 1, 1),
(215, 'Renaud', 'Lutécia', '1944-08-06', 'Sainte-Geneviève-des-Bois', 25670, 'Castellane (Place)', 3, 'Picard', 'Robin', '1944-08-06', 60, 'Lutécia.Renaud@example.com', 'toto', 2147483647, 86, 3, 1, 1, 1),
(216, 'Dumas', 'Romane', '1942-09-23', 'Haguenau', 85704, 'Castelle (Rue de la)', 0, 'Henry', 'Syrine', '1942-09-23', 60, 'Romane.Dumas@example.com', 'toto', 2147483647, 29, 2, 1, 1, 1),
(217, 'Menard', 'Corentin', '2004-08-29', 'Bagnolet', 94782, 'Castel Moton (Rue)', 1, 'Lambert', 'Romain', '2004-08-29', 60, 'Corentin.Menard@example.com', 'toto', 2147483647, 44, 1, 1, 1, 1),
(218, 'Remy', 'Nicolas', '2011-03-02', 'Tremblay-en-France', 38900, 'Castelnau (Avenue de)', 8, 'Lemoine', 'Françoise', '2011-03-02', 60, 'Nicolas.Remy@example.com', 'toto', 2147483647, 54, 2, 1, 1, 1),
(219, 'Renaud', 'Adrien', '1971-06-07', 'Marignane', 29244, 'Castelnau (Rue de)', 9, 'Lecomte', 'Adrian', '1971-06-07', 60, 'Adrien.Renaud@example.com', 'toto', 2147483647, 37, 4, 1, 1, 1),
(220, 'Marie', 'Colin', '2005-05-04', 'Six-Fours-les-Plages', 58386, 'Castel Ronceray (Rue)', 3, 'Boyer', 'Inès', '2005-05-04', 60, 'Colin.Marie@example.com', 'toto', 2147483647, 13, 2, 1, 1, 1),
(221, 'Humbert', 'Maëlle', '1989-07-08', 'Lens', 35044, 'Castilhon (Rue)', 2, 'Renaud', 'Louis', '1989-07-08', 60, 'Maëlle.Humbert@example.com', 'toto', 2147483647, 6, 2, 1, 1, 1),
(222, 'Marchal', 'Yohan', '1908-07-11', 'Neuilly-sur-Marne', 1629, 'Castors du Midi (Allée de', 7, 'Vincent', 'Noë', '1908-07-11', 60, 'Yohan.Marchal@example.com', 'toto', 2147483647, 82, 1, 1, 1, 1),
(223, 'Roy', 'Salomé', '1968-07-23', 'Thonon-les-Bains', 96537, 'Castors (Rue des)', 9, 'Garnier', 'Romane', '1968-07-23', 60, 'Salomé.Roy@example.com', 'toto', 2147483647, 3, 3, 1, 1, 1),
(224, 'Deschamps', 'Antonin', '1927-12-20', 'Creil', 58209, 'Catalan (Rue)', 9, 'Durand', 'Simon', '1927-12-20', 60, 'Antonin.Deschamps@example.com', 'toto', 2147483647, 28, 3, 1, 1, 1),
(225, 'Garcia', 'Kevin', '1980-04-24', 'La Ciotat', 57716, 'Catalogne (Rue de)', 8, 'Poulain', 'Léane', '1980-04-24', 60, 'Kevin.Garcia@example.com', 'toto', 2147483647, 39, 4, 1, 1, 1),
(226, 'Herve', 'Luna', '1953-12-15', 'Mâcon', 38907, 'Cauquillous (Rue des)', 1, 'Lemaire', 'Katell', '1953-12-15', 60, 'Luna.Herve@example.com', 'toto', 2147483647, 19, 3, 1, 1, 1),
(227, 'Poulain', 'Roméo', '1940-04-30', 'Saint-Raphaël', 99448, 'Cauzit (Rue)', 10, 'Legrand', 'Robin', '1940-04-30', 60, 'Roméo.Poulain@example.com', 'toto', 2147483647, 59, 2, 1, 1, 1),
(228, 'Meyer', 'Julien', '1902-12-21', 'Agen', 14759, 'Cavaille Coll (Rue)', 3, 'Petit', 'Lucie', '1902-12-21', 60, 'Julien.Meyer@example.com', 'toto', 2147483647, 14, 1, 1, 1, 1),
(229, 'Dupuy', 'Théo', '1906-05-05', 'Romans-sur-Isère', 58934, 'Cavalade (Rue de la)', 9, 'Menard', 'Aaron', '1906-05-05', 60, 'Théo.Dupuy@example.com', 'toto', 2147483647, 68, 2, 1, 1, 1),
(230, 'Charpentier', 'Alexis', '1983-03-23', 'Montigny-le-Bretonneux', 47994, 'Cavalerie (Rue de la)', 3, 'Lambert', 'Catherine', '1983-03-23', 60, 'Alexis.Charpentier@example.com', 'toto', 2147483647, 93, 3, 1, 1, 1),
(231, 'Renard', 'Élise', '1957-11-01', 'Franconville', 33889, 'Cavelier de la Salle (Rue', 0, 'Breton', 'Lucas', '1957-11-01', 60, 'Élise.Renard@example.com', 'toto', 2147483647, 84, 1, 1, 1, 1),
(232, 'Hubert', 'Théo', '1908-01-30', 'Châtillon', 95342, 'Cedres (Rue des)', 5, 'Fleury', 'Chloé', '1908-01-30', 60, 'Théo.Hubert@example.com', 'toto', 2147483647, 50, 2, 1, 1, 1),
(233, 'Baron', 'Salomé', '1918-07-17', 'Le Perreux-sur-Marne', 36186, 'Celette (Place de la)', 9, 'Dupuis', 'Katell', '1918-07-17', 60, 'Salomé.Baron@example.com', 'toto', 2147483647, 92, 4, 1, 1, 1),
(234, 'Pereira', 'Guillemette', '2005-12-23', 'Cambrai', 85203, 'Celleneuve', 1, 'Vidal', 'Alexandre', '2005-12-23', 60, 'Guillemette.Pereira@example.com', 'toto', 2147483647, 42, 4, 1, 1, 1),
(235, 'Meunier', 'Mathis', '2012-12-28', 'Villeneuve-Saint-Georges', 80287, 'Celleneuve A Saint Hilair', 9, 'Leclerc', 'Jérémy', '2012-12-28', 60, 'Mathis.Meunier@example.com', 'toto', 2147483647, 10, 3, 1, 1, 1),
(236, 'Fleury', 'Bruno', '1967-06-30', 'Épinal', 49177, 'Celleneuve (Esplanade de)', 8, 'Chevalier', 'Zoé', '1967-06-30', 60, 'Bruno.Fleury@example.com', 'toto', 2147483647, 28, 1, 1, 1, 1),
(237, 'Marie', 'Ethan', '1903-05-04', 'Annemasse', 24695, 'Centaurees (Impasse des)', 6, 'Fleury', 'Gilbert', '1903-05-04', 60, 'Ethan.Marie@example.com', 'toto', 2147483647, 55, 3, 1, 1, 1),
(238, 'Gay', 'Noah', '1923-01-22', 'Châtenay-Malabry', 47113, 'Centrayrargues (Rue de)', 2, 'Francois', 'Catherine', '1923-01-22', 60, 'Noah.Gay@example.com', 'toto', 2147483647, 26, 1, 1, 1, 1),
(239, 'Joly', 'Guillemette', '1964-01-13', 'Houilles', 71518, 'Cerisiers (Rue des)', 8, 'Thomas', 'Malo', '1964-01-13', 60, 'Guillemette.Joly@example.com', 'toto', 2147483647, 83, 4, 1, 1, 1),
(240, 'Schneider', 'Jules', '1992-05-09', 'Châtellerault', 64126, 'Cers (Impasse du)', 4, 'Fabre', 'Corentin', '1992-05-09', 60, 'Jules.Schneider@example.com', 'toto', 2147483647, 35, 4, 1, 1, 1),
(241, 'Jean', 'Lamia', '1917-04-26', 'Saint-Leu', 65862, 'Charles Dejean (Impasse)', 1, 'Renaud', 'Léonie', '1917-04-26', 60, 'Lamia.Jean@example.com', 'toto', 2147483647, 81, 3, 1, 1, 1),
(242, 'Marechal', 'Louna', '1925-08-02', 'Nogent-sur-Marne', 14551, 'Charles de Montalembert (', 10, 'Jean', 'Tatiana', '1925-08-02', 60, 'Louna.Marechal@example.com', 'toto', 2147483647, 75, 1, 1, 1, 1),
(243, 'Berger', 'Clotilde', '1905-06-04', 'Liévin', 88707, 'Charles de Tourtoulon (Ru', 9, 'Leclercq', 'Lilou', '1905-06-04', 60, 'Clotilde.Berger@example.com', 'toto', 2147483647, 64, 4, 1, 1, 1),
(244, 'Arnaud', 'Tom', '1937-06-08', 'Viry-Châtillon', 44874, 'Charles Flahault (Avenue)', 1, 'Lefevre', 'Rose', '1937-06-08', 60, 'Tom.Arnaud@example.com', 'toto', 2147483647, 18, 1, 1, 1, 1),
(245, 'Thomas', 'Charlotte', '1946-04-14', 'Schiltigheim', 51376, 'Charles Gide (Rue)', 4, 'Aubry', 'Julia', '1946-04-14', 60, 'Charlotte.Thomas@example.com', 'toto', 2147483647, 33, 3, 1, 1, 1),
(246, 'Roger', 'Jules', '1921-06-30', 'Mont-de-Marsan', 63824, 'Charles Gounod (Rue)', 4, 'Gerard', 'Mathilde', '1921-06-30', 60, 'Jules.Roger@example.com', 'toto', 2147483647, 13, 4, 1, 1, 1),
(247, 'Evrard', 'Kylian', '1973-09-16', 'Dieppe', 11428, 'Charles Perrault (Rue)', 7, 'Philippe', 'Salomé', '1973-09-16', 60, 'Kylian.Evrard@example.com', 'toto', 2147483647, 81, 3, 1, 1, 1),
(248, 'Arnaud', 'Florentin', '1967-12-23', 'Goussainville', 70973, 'Charles Thomas Thibault (', 10, 'Dupont', 'Maïlé', '1967-12-23', 60, 'Florentin.Arnaud@example.com', 'toto', 2147483647, 28, 4, 1, 1, 1),
(249, 'Dumas', 'Léon', '2013-12-13', 'Maubeuge', 46078, 'Charles Tillon (Passage)', 5, 'Garcia', 'Anaël', '2013-12-13', 60, 'Léon.Dumas@example.com', 'toto', 2147483647, 20, 2, 1, 1, 1),
(250, 'Thomas', 'Emma', '1953-07-28', 'Meyzieu', 60792, 'Charles Vanel (Rue)', 8, 'Roux', 'Maryam', '1953-07-28', 60, 'Emma.Thomas@example.com', 'toto', 2147483647, 15, 1, 1, 1, 1),
(251, 'Renaud', 'Jules', '1979-09-11', 'Plaisir', 13943, 'Clos de la Cerisaie (Rue ', 10, 'Lebrun', 'Ambre', '1979-09-11', 60, 'Jules.Renaud@example.com', 'toto', 2147483647, 62, 1, 1, 1, 1),
(252, 'Marchand', 'Louis', '1931-09-30', 'La Possession', 85301, 'Clos des Hirondelles (Rue', 8, 'Huet', 'Rémi', '1931-09-30', 60, 'Louis.Marchand@example.com', 'toto', 2147483647, 79, 2, 1, 1, 1),
(253, 'Paris', 'Florian', '1997-01-05', 'Malakoff', 41383, 'Clos Helios (Impasse du)', 8, 'Girard', 'Baptiste', '1997-01-05', 60, 'Florian.Paris@example.com', 'toto', 2147483647, 77, 2, 1, 1, 1),
(254, 'Caron', 'Lucas', '1916-06-27', 'Les Mureaux', 23996, 'Clos Rene (Rue du)', 10, 'Aubert', 'Aaron', '1916-06-27', 60, 'Lucas.Caron@example.com', 'toto', 2147483647, 67, 3, 1, 1, 1),
(255, 'Perrin', 'Angelina', '1973-09-24', 'Vandœuvre-lès-Nancy', 95909, 'Clos Saint Georges (Rue d', 7, 'Richard', 'Maïwenn', '1973-09-24', 60, 'Angelina.Perrin@example.com', 'toto', 2147483647, 31, 3, 1, 1, 1),
(256, 'Humbert', 'Émilie', '1926-11-09', 'LHaÿ-les-Roses', 84451, 'Clos Vezy (Impasse du)', 5, 'Gomez', 'Léo', '1926-11-09', 60, 'Émilie.Humbert@example.com', 'toto', 2147483647, 77, 4, 1, 1, 1),
(257, 'Millet', 'Lina', '1962-05-11', 'Dreux', 44006, 'Cocarde (Impasse de la)', 2, 'Leroy', 'Dorian', '1962-05-11', 60, 'Lina.Millet@example.com', 'toto', 2147483647, 34, 4, 1, 1, 1),
(258, 'Guillot', 'Rose', '1964-11-29', 'Palaiseau', 1210, 'Coccinelles (Impasse des)', 5, 'Petit', 'Lou', '1964-11-29', 60, 'Rose.Guillot@example.com', 'toto', 2147483647, 17, 1, 1, 1, 1),
(259, 'Boulanger', 'Marion', '1950-11-26', 'Chatou', 85458, 'Coimbre (Rue de)', 9, 'Dupuis', 'Manon', '1950-11-26', 60, 'Marion.Boulanger@example.com', 'toto', 2147483647, 23, 2, 1, 1, 1),
(260, 'Guerin', 'Adam', '2009-10-24', 'Baie-Mahault', 51531, 'Colchiques (Rue des)', 7, 'Renard', 'Anaïs', '2009-10-24', 60, 'Adam.Guerin@example.com', 'toto', 2147483647, 75, 4, 1, 1, 1);
INSERT INTO `Salarie` (`ID_salarie`, `Nom_salarie`, `Prenom_salarie`, `Date_naissance_salarie`, `Ville_salarie`, `CP_salarie`, `Nom_rue_salarie`, `Nombre_enfants_salarie`, `Nom_conjoint_salarie`, `Prenom_conjoint_salarie`, `Date_naissance_conjoint_salarie`, `Age_debut_differe`, `Email_salarie`, `Pass_salarie`, `Num_tel_salarie`, `ID_entreprise`, `ID_situation_familiale`, `ID_base_calcul`, `ID_mode_versement`, `ID_statut`) VALUES
(261, 'Gonzalez', 'Anaïs', '2001-04-05', 'Paris', 10356, 'Colette (Rue)', 3, 'Guyot', 'Emma', '2001-04-05', 60, 'Anaïs.Gonzalez@example.com', 'toto', 2147483647, 27, 3, 1, 1, 1),
(262, 'Boulanger', 'Sara', '1900-09-02', 'Marseille', 87864, 'Colibris (Impasse des)', 2, 'Bernard', 'Alexia', '1900-09-02', 60, 'Sara.Boulanger@example.com', 'toto', 2147483647, 32, 2, 1, 1, 1),
(263, 'Schneider', 'Baptiste', '1985-10-08', 'Lyon', 77083, 'Colin (Rue)', 5, 'Guillaume', 'Laura', '1985-10-08', 60, 'Baptiste.Schneider@example.com', 'toto', 2147483647, 86, 4, 1, 1, 1),
(264, 'Vincent', 'Paul', '1934-04-10', 'Toulouse', 29452, 'College Duvergier (Rue du', 8, 'Menard', 'Léonard', '1934-04-10', 60, 'Paul.Vincent@example.com', 'toto', 2147483647, 88, 1, 1, 1, 1),
(265, 'Fontaine', 'Nina', '1959-12-26', 'Nice', 67554, 'College (Rue du)', 4, 'Millet', 'Nathan', '1959-12-26', 60, 'Nina.Fontaine@example.com', 'toto', 2147483647, 31, 4, 1, 1, 1),
(266, 'David', 'Kimberley', '1911-07-09', 'Nantes', 73272, 'Colline (Avenue de la)', 8, 'Pasquier', 'Lutécia', '1911-07-09', 60, 'Kimberley.David@example.com', 'toto', 2147483647, 100, 4, 1, 1, 1),
(267, 'Girard', 'Jade', '1985-09-18', 'Strasbourg', 11545, 'Colline Chantecler (Allée', 9, 'Henry', 'Edwige', '1985-09-18', 60, 'Jade.Girard@example.com', 'toto', 2147483647, 91, 2, 1, 1, 1),
(268, 'Dupuy', 'Angelina', '2009-02-11', 'Montpellier', 26878, 'Colline du Vivarais (Rue ', 4, 'Etienne', 'Rose', '2009-02-11', 60, 'Angelina.Dupuy@example.com', 'toto', 2147483647, 32, 4, 1, 1, 1),
(269, 'Martin', 'Jade', '1937-11-04', 'Bordeaux', 7154, 'Collot (Rue)', 8, 'Adam', 'Mélanie', '1937-11-04', 60, 'Jade.Martin@example.com', 'toto', 2147483647, 22, 3, 1, 1, 1),
(270, 'Chevalier', 'Rose', '1994-05-27', 'Lille13', 30295, 'Colonel Marchand (Rue du)', 7, 'Prevost', 'Grégory', '1994-05-27', 60, 'Rose.Chevalier@example.com', 'toto', 2147483647, 90, 4, 1, 1, 1),
(271, 'Klein', 'Mélanie', '1900-08-22', 'Rennes', 9609, 'Colonel Pavelet (Avenue d', 5, 'Martin', 'Enzo', '1900-08-22', 60, 'Mélanie.Klein@example.com', 'toto', 2147483647, 48, 2, 1, 1, 1),
(272, 'Fournier', 'Noë', '1945-09-03', 'Reims', 51405, 'Colverts (Rue des)', 8, 'Schmitt', 'Émile', '1945-09-03', 60, 'Noë.Fournier@example.com', 'toto', 2147483647, 91, 3, 1, 1, 1),
(273, 'Simon', 'Florian', '1907-10-10', 'Le Havre', 68466, 'Combe Caude (Rue de la)', 4, 'Lopez', 'Océane', '1907-10-10', 60, 'Florian.Simon@example.com', 'toto', 2147483647, 97, 4, 1, 1, 1),
(274, 'Berger', 'Gabriel', '1965-05-20', 'Saint-Étienne', 8655, 'Combe de Bonesta (Rue de ', 4, 'Menard', 'Erwan', '1965-05-20', 60, 'Gabriel.Berger@example.com', 'toto', 2147483647, 31, 2, 1, 1, 1),
(275, 'Dumont', 'Romane', '1986-03-12', 'Toulon', 80404, 'Combes', 7, 'Perrot', 'Capucine', '1986-03-12', 60, 'Romane.Dumont@example.com', 'toto', 2147483647, 81, 3, 1, 1, 1),
(276, 'Andre', 'Zacharis', '1937-06-05', 'Grenoble', 67422, 'Comedie (Place de la)', 6, 'Nguyen', 'Martin', '1937-06-05', 60, 'Zacharis.Andre@example.com', 'toto', 2147483647, 2, 1, 1, 1, 1),
(277, 'Giraud', 'Mathilde', '1908-10-22', 'Dijon', 75470, 'Commandant Massoud (Rue)', 0, 'Adam', 'Colin', '1908-10-22', 60, 'Mathilde.Giraud@example.com', 'toto', 2147483647, 85, 2, 1, 1, 1),
(278, 'Prevost', 'Léane', '1947-03-20', 'Angers', 45175, 'Commerce (Rue du)', 4, 'Gauthier', 'Théo', '1947-03-20', 60, 'Léane.Prevost@example.com', 'toto', 2147483647, 27, 1, 1, 1, 1),
(279, 'Morin', 'Killian', '1951-06-24', 'Saint-Denis', 69870, 'Communautes (Rue des)', 0, 'Picard', 'Constant', '1951-06-24', 60, 'Killian.Morin@example.com', 'toto', 2147483647, 1, 4, 1, 1, 1),
(280, 'Schmitt', 'Maxence', '2002-06-10', 'Villeurbanne', 47451, 'Commune Cloture (Rue de l', 8, 'Guillaume', 'Dorian', '2002-06-10', 60, 'Maxence.Schmitt@example.com', 'toto', 2147483647, 51, 3, 1, 1, 1),
(281, 'Baron', 'Léa', '1907-11-12', 'Nîmes', 47042, 'Comportes (Chemin des)', 10, 'Blanc', 'Mehdi', '1907-11-12', 60, 'Léa.Baron@example.com', 'toto', 2147483647, 67, 2, 1, 1, 1),
(282, 'Masson', 'Tom', '1997-11-27', 'Le Mans', 5630, 'Comtat Venaissin (Rue du)', 10, 'Dupuy', 'Élisa', '1997-11-27', 60, 'Tom.Masson@example.com', 'toto', 2147483647, 58, 1, 1, 1, 1),
(283, 'Pasquier', 'Fanny', '1909-02-14', 'Clermont-Ferrand', 42725, 'Comte Bernard (Rue)', 2, 'Moulin', 'Capucine', '1909-02-14', 60, 'Fanny.Pasquier@example.com', 'toto', 2147483647, 91, 2, 1, 1, 1),
(284, 'Jacquet', 'Valentine', '1944-05-25', 'Aix-en-Provence', 4535, 'Comte de Melgueil (Rue du', 6, 'Guyot', 'Anaël', '1944-05-25', 60, 'Valentine.Jacquet@example.com', 'toto', 2147483647, 97, 3, 1, 1, 1),
(285, 'Meyer', 'Lauriane', '1957-01-23', 'Brest', 32389, 'Comte de Nice (Avenue du)', 10, 'Vidal', 'Marine', '1957-01-23', 60, 'Lauriane.Meyer@example.com', 'toto', 2147483647, 9, 3, 1, 1, 1),
(286, 'Marty', 'Noë', '1951-01-16', 'Limoges', 16970, 'Comte de Toulouse (Place ', 4, 'Picard', 'Davy', '1951-01-16', 60, 'Noë.Marty@example.com', 'toto', 2147483647, 65, 3, 1, 1, 1),
(287, 'Berger', 'Lilian', '1962-03-31', 'Tours', 46458, 'Comte du Moulin Eckart (I', 10, 'Henry', 'Robin', '1962-03-31', 60, 'Lilian.Berger@example.com', 'toto', 2147483647, 48, 1, 1, 1, 1),
(288, 'Guillaume', 'Edwige', '1908-09-21', 'Amiens', 84680, 'Concorde (Rue de la)', 10, 'Lambert', 'Jules', '1908-09-21', 60, 'Edwige.Guillaume@example.com', 'toto', 2147483647, 50, 4, 1, 1, 1),
(289, 'Lambert', 'Laura', '1929-06-06', 'Metz', 86643, 'Condamine (Rue de la)', 0, 'Lemoine', 'Benjamin', '1929-06-06', 60, 'Laura.Lambert@example.com', 'toto', 2147483647, 73, 3, 1, 1, 1),
(290, 'Baron', 'Mattéo', '1913-11-05', 'Perpignan', 70416, 'Condorcet (Rue)', 7, 'Lecomte', 'Yohan', '1913-11-05', 60, 'Mattéo.Baron@example.com', 'toto', 2147483647, 65, 2, 1, 1, 1),
(291, 'Faure', 'Clément', '1923-06-28', 'Boulogne-Billancourt', 33271, 'Confrerie (Rue de la)', 10, 'Boyer', 'Tatiana', '1923-06-28', 60, 'Clément.Faure@example.com', 'toto', 2147483647, 80, 3, 1, 1, 1),
(292, 'Gautier', 'Davy', '1971-02-12', 'Besançon', 61348, 'Congregations (Rue des)', 5, 'Renaud', 'Françoise', '1971-02-12', 60, 'Davy.Gautier@example.com', 'toto', 2147483647, 26, 4, 1, 1, 1),
(293, 'Gaillard', 'Bastien', '2003-08-23', 'Orléans', 69559, 'Constantine (Rue de)', 8, 'Vincent', 'Benjamin', '2003-08-23', 60, 'Bastien.Gaillard@example.com', 'toto', 2147483647, 95, 4, 1, 1, 1),
(294, 'Fernandez', 'Gabriel', '1952-03-14', 'Rouen', 67367, 'Constellations (Rue des)', 1, 'Garnier', 'Adrian', '1952-03-14', 60, 'Gabriel.Fernandez@example.com', 'toto', 2147483647, 73, 4, 1, 1, 1),
(295, 'Renaud', 'Kilian', '1940-09-27', 'Mulhouse', 61981, 'Constituante (Rue de la)', 7, 'Durand', 'Anaëlle', '1940-09-27', 60, 'Kilian.Renaud@example.com', 'toto', 2147483647, 75, 3, 1, 1, 1),
(296, 'Dumas', 'Maïwenn', '1917-09-14', 'Caen', 62340, 'Consuls de Mer (Boulevard', 7, 'Poulain', 'Grégory', '1917-09-14', 60, 'Maïwenn.Dumas@example.com', 'toto', 2147483647, 15, 3, 1, 1, 1),
(297, 'Menard', 'Lena', '1990-10-04', 'Saint-Denis', 68404, 'Contes Provencaux (Rue de', 9, 'Lemaire', 'Syrine', '1990-10-04', 60, 'Lena.Menard@example.com', 'toto', 2147483647, 30, 3, 1, 1, 1),
(298, 'Remy', 'Lutécia', '2003-04-29', 'Nancy', 38068, 'Cope Cambes (Impasse)', 10, 'Legrand', 'Davy', '2003-04-29', 60, 'Lutécia.Remy@example.com', 'toto', 2147483647, 1, 4, 1, 1, 1),
(299, 'Renaud', 'Ambre', '2013-01-15', 'Argenteuil', 26104, 'Cope Cambes (Rue)', 5, 'Petit', 'Adrien', '2013-01-15', 60, 'Ambre.Renaud@example.com', 'toto', 2147483647, 45, 3, 1, 1, 1),
(300, 'Marie', 'Jade', '1967-11-07', 'Saint-Paul', 88557, 'Coq de Roche (Rue du)', 10, 'Menard', 'Killian', '1967-11-07', 60, 'Jade.Marie@example.com', 'toto', 2147483647, 6, 3, 1, 1, 1),
(301, 'Humbert', 'Catherine', '2006-07-05', 'Montreuil', 28907, 'Coquelicots (Rue des)', 8, 'Lambert', 'Zoé', '2006-07-05', 60, 'Catherine.Humbert@example.com', 'toto', 2147483647, 97, 2, 1, 1, 1),
(302, 'Marchal', 'Nolan', '1949-04-14', 'Roubaix', 60768, 'Cordeliers (Rue des)', 5, 'Breton', 'Élouan', '1949-04-14', 60, 'Nolan.Marchal@example.com', 'toto', 2147483647, 3, 2, 1, 1, 1),
(303, 'Roy', 'Mathieu', '1960-07-18', 'Tourcoing', 14574, 'Corfou (Allée de)', 2, 'Fleury', 'Mohamed', '1960-07-18', 60, 'Mathieu.Roy@example.com', 'toto', 2147483647, 63, 1, 1, 1, 1),
(304, 'Gomez', 'Jordan', '2010-09-15', 'Dunkerque14', 39360, 'Cormorans (Rue des)', 3, 'Dupuis', 'Laura', '2010-09-15', 60, 'Jordan.Gomez@example.com', 'toto', 2147483647, 92, 3, 1, 1, 1),
(305, 'Mercier', 'Carla', '1980-01-07', 'Créteil', 91122, 'Coronilles (Rue des)', 6, 'Vidal', 'Dimitri', '1980-01-07', 60, 'Carla.Mercier@example.com', 'toto', 2147483647, 12, 3, 1, 1, 1),
(306, 'Daniel', 'Luna', '1906-08-25', 'Avignon', 88735, 'Corot (Place)', 10, 'Leclerc', 'Kilian', '1906-08-25', 60, 'Luna.Daniel@example.com', 'toto', 2147483647, 60, 1, 1, 1, 1),
(307, 'Vincent', 'Rémi', '1954-03-08', 'Nanterre', 16559, 'Corregiers (Rue des)', 8, 'Chevalier', 'Diego', '1954-03-08', 60, 'Rémi.Vincent@example.com', 'toto', 2147483647, 2, 4, 1, 1, 1),
(308, 'Aubry', 'Jordan', '1946-04-04', 'Courbevoie', 18690, 'Corse (Rue de)', 5, 'Dufour', 'Anthony', '1946-04-04', 60, 'Jordan.Aubry@example.com', 'toto', 2147483647, 63, 1, 1, 1, 1),
(309, 'Fernandez', 'Léane', '1960-12-05', 'Poitiers', 54059, 'Cos (Square de)', 3, 'Clement', 'Victor', '1960-12-05', 60, 'Léane.Fernandez@example.com', 'toto', 2147483647, 20, 3, 1, 1, 1),
(310, 'Schneider', 'Margot', '1959-11-22', 'Fort-de-France', 10666, 'Costa Brava (Rue de la)', 7, 'Morel', 'Inès', '1959-11-22', 60, 'Margot.Schneider@example.com', 'toto', 2147483647, 94, 3, 1, 1, 1),
(311, 'Martinez', 'Amélie', '2012-10-28', 'Vitry-sur-Seine', 51008, 'Costa Dorada (Rue de la)', 4, 'Fleury', 'Robin', '2012-10-28', 60, 'Amélie.Martinez@example.com', 'toto', 2147483647, 23, 2, 1, 1, 1),
(312, 'Bonnet', 'Florentin', '2011-12-10', 'Versailles', 93415, 'Coste Belle', 7, 'Francois', 'Julia', '2011-12-10', 60, 'Florentin.Bonnet@example.com', 'toto', 2147483647, 71, 4, 1, 1, 1),
(313, 'Michel', 'Maïlé', '1915-10-14', 'Colombes', 70742, 'Costebelle (Rue)', 5, 'Thomas', 'Mathilde', '1915-10-14', 60, 'Maïlé.Michel@example.com', 'toto', 2147483647, 19, 1, 1, 1, 1),
(314, 'Brun', 'Florian', '1954-01-25', 'Asnières-sur-Seine', 66751, 'Coste Frege (Rue)', 8, 'Fabre', 'Salomé', '1954-01-25', 60, 'Florian.Brun@example.com', 'toto', 2147483647, 20, 4, 1, 1, 1),
(315, 'Gay', 'Lutécia', '1980-09-28', 'Aulnay-sous-Bois', 71297, 'Couchant (Impasse du)', 3, 'Renaud', 'Maïlé', '1980-09-28', 60, 'Lutécia.Gay@example.com', 'toto', 2147483647, 19, 1, 1, 1, 1),
(316, 'Deschamps', 'Romane', '1952-12-22', 'Saint-Pierre', 52012, 'Coulondre (Rue)', 0, 'Jean', 'Anaël', '1952-12-22', 60, 'Romane.Deschamps@example.com', 'toto', 2147483647, 74, 4, 1, 1, 1),
(317, 'Garcia', 'Corentin', '1936-05-10', 'Rueil-Malmaison', 21578, 'Courbe (Rue de la)', 7, 'Leclercq', 'Maryam', '1936-05-10', 60, 'Corentin.Garcia@example.com', 'toto', 2147483647, 6, 3, 1, 1, 1),
(318, 'Herve', 'Nicolas', '1997-05-14', 'Pau', 33005, 'Cour du Recteur (Rue de l', 1, 'Lefevre', 'Ambre', '1997-05-14', 60, 'Nicolas.Herve@example.com', 'toto', 2147483647, 62, 4, 1, 1, 1),
(319, 'Poulain', 'Adrien', '1975-05-02', 'Champigny-sur-Marne', 22310, 'Courlis (Rue des)', 10, 'Aubry', 'Rémi', '1975-05-02', 60, 'Adrien.Poulain@example.com', 'toto', 2147483647, 81, 4, 1, 1, 1),
(320, 'Meyer', 'Colin', '2012-01-17', 'Aubervilliers', 46880, 'Courte Oreille (Rue)', 9, 'Gerard', 'Baptiste', '2012-01-17', 60, 'Colin.Meyer@example.com', 'toto', 2147483647, 86, 1, 1, 1, 1),
(321, 'Dupuy', 'Maëlle', '1930-07-09', 'Antibes', 59063, 'Coustou (Impasse)', 6, 'Philippe', 'Aaron', '1930-07-09', 60, 'Maëlle.Dupuy@example.com', 'toto', 2147483647, 99, 1, 1, 1, 1),
(322, 'Charpentier', 'Yohan', '1960-11-02', 'Le Tampon', 98595, 'Crete (Rue de)', 7, 'Dupont', 'Maïwenn', '1960-11-02', 60, 'Yohan.Charpentier@example.com', 'toto', 2147483647, 12, 3, 1, 1, 1),
(323, 'Renard', 'Salomé', '1962-11-06', 'La Rochelle', 70191, 'Cristalliers (Rue des)', 3, 'Garcia', 'Léo', '1962-11-06', 60, 'Salomé.Renard@example.com', 'toto', 2147483647, 10, 1, 1, 1, 1),
(324, 'Hubert', 'Antonin', '1904-07-12', 'Saint-Maur-des-Fossés', 80854, 'Crocus (Rue des)', 0, 'Roux', 'Dorian', '1904-07-12', 60, 'Antonin.Hubert@example.com', 'toto', 2147483647, 67, 3, 1, 1, 1),
(325, 'Baron', 'Kevin', '1947-07-20', 'Calais', 91961, 'Croix Bonhomme (Rue de la', 7, 'Lebrun', 'Lou', '1947-07-20', 60, 'Kevin.Baron@example.com', 'toto', 2147483647, 7, 2, 1, 1, 1),
(326, 'Pereira', 'Luna', '1993-02-01', 'Cannes', 85253, 'Croix d Arge (Domaine de ', 9, 'Huet', 'Manon', '1993-02-01', 60, 'Luna.Pereira@example.com', 'toto', 2147483647, 29, 1, 1, 1, 1),
(327, 'Meunier', 'Roméo', '1935-10-25', 'Béziers', 35676, 'Croix d Argent (Impasse d', 2, 'Girard', 'Anaïs', '1935-10-25', 60, 'Roméo.Meunier@example.com', 'toto', 2147483647, 67, 4, 1, 1, 1),
(328, 'Fleury', 'Julien', '2005-07-05', 'Colmar', 72108, 'Croix de Figuerolles (Rue', 5, 'Aubert', 'Emma', '2005-07-05', 60, 'Julien.Fleury@example.com', 'toto', 2147483647, 65, 4, 1, 1, 1),
(329, 'Marie', 'Théo', '1988-08-03', 'Saint-Nazaire', 47607, 'Croix de Las Cazes (Rue)', 4, 'Richard', 'Alexia', '1988-08-03', 60, 'Théo.Marie@example.com', 'toto', 2147483647, 65, 1, 1, 1, 1),
(330, 'Gay', 'Alexis', '1900-01-22', 'Ajaccio', 68106, 'Croix de Lavit (Rue de la', 2, 'Gomez', 'Laura', '1900-01-22', 60, 'Alexis.Gay@example.com', 'toto', 2147483647, 20, 1, 1, 1, 1),
(331, 'Joly', 'Élise', '1948-04-24', 'Drancy', 8466, 'Croix des Rosiers (Rue de', 7, 'Leroy', 'Léonard', '1948-04-24', 60, 'Élise.Joly@example.com', 'toto', 2147483647, 94, 3, 1, 1, 1),
(332, 'Schneider', 'Théo', '1972-03-05', 'Bourges', 33718, 'Croix d Or (Rue de la)', 3, 'Petit', 'Nathan', '1972-03-05', 60, 'Théo.Schneider@example.com', 'toto', 2147483647, 82, 3, 1, 1, 1),
(333, 'Jean', 'Salomé', '1951-03-27', 'Mérignac', 13465, 'Croix du Capitaine (Avenu', 10, 'Dupuis', 'Lutécia', '1951-03-27', 60, 'Salomé.Jean@example.com', 'toto', 2147483647, 2, 1, 1, 1, 1),
(334, 'Marechal', 'Guillemette', '1984-05-26', 'Issy-les-Moulineaux', 18795, 'Croix du Sud (Rue de la)', 5, 'Renard', 'Edwige', '1984-05-26', 60, 'Guillemette.Marechal@example.com', 'toto', 2147483647, 41, 2, 1, 1, 1),
(335, 'Berger', 'Mathis', '1985-12-16', 'Levallois-Perret', 9926, 'Croix (Rue de la)', 7, 'Guyot', 'Rose', '1985-12-16', 60, 'Mathis.Berger@example.com', 'toto', 2147483647, 82, 2, 1, 1, 1),
(336, 'Arnaud', 'Bruno', '2002-08-03', 'Quimper', 24846, 'Croix Verte (Rue de la)', 9, 'Bernard', 'Mélanie', '2002-08-03', 60, 'Bruno.Arnaud@example.com', 'toto', 2147483647, 15, 1, 1, 1, 1),
(337, 'Thomas', 'Ethan', '1980-01-14', 'Valence', 7991, 'Cronstadt (Rue de)', 8, 'Guillaume', 'Grégory', '1980-01-14', 60, 'Ethan.Thomas@example.com', 'toto', 2147483647, 24, 4, 1, 1, 1),
(338, 'Roger', 'Noah', '1999-03-05', 'Noisy-le-Grand', 6085, 'Crova (Rue)', 1, 'Menard', 'Enzo', '1999-03-05', 60, 'Noah.Roger@example.com', 'toto', 2147483647, 28, 4, 1, 1, 1),
(339, 'Evrard', 'Guillemette', '1906-11-17', 'Villeneuve-dAscq', 18663, 'Curat (Rue du)', 9, 'Millet', 'Émile', '1906-11-17', 60, 'Guillemette.Evrard@example.com', 'toto', 2147483647, 4, 4, 1, 1, 1),
(340, 'Arnaud', 'Jules', '1908-04-09', 'La Seyne-sur-Mer', 92389, 'Curnonsky (Place)', 7, 'Pasquier', 'Océane', '1908-04-09', 60, 'Jules.Arnaud@example.com', 'toto', 2147483647, 38, 3, 1, 1, 1),
(341, 'Dumas', 'Lamia', '1900-12-05', 'Antony', 51172, 'Cyclamens (Rue des)', 6, 'Henry', 'Erwan', '1900-12-05', 60, 'Lamia.Dumas@example.com', 'toto', 2147483647, 62, 4, 1, 1, 1),
(342, 'Thomas', 'Louna', '1939-11-25', 'Neuilly-sur-Seine', 61470, 'Cygne (Rue du)', 9, 'Etienne', 'Capucine', '1939-11-25', 60, 'Louna.Thomas@example.com', 'toto', 2147483647, 56, 3, 1, 1, 1),
(343, 'Renaud', 'Clotilde', '2009-04-02', 'Vénissieux', 30448, 'Cypres (Rue des)', 9, 'Adam', 'Martin', '2009-04-02', 60, 'Clotilde.Renaud@example.com', 'toto', 2147483647, 94, 3, 1, 1, 1),
(344, 'Marchand', 'Tom', '1974-02-19', 'Troyes', 64292, 'Cyrano de Bergerac (Rue)', 6, 'Prevost', 'Colin', '1974-02-19', 60, 'Tom.Marchand@example.com', 'toto', 2147483647, 63, 2, 1, 1, 1),
(345, 'Paris', 'Charlotte', '1962-05-15', 'Clichy', 18242, 'Daumesnil (Rue)', 6, 'Martin', 'Théo', '1962-05-15', 60, 'Charlotte.Paris@example.com', 'toto', 2147483647, 18, 3, 1, 1, 1),
(346, 'Caron', 'Jules', '1975-04-10', 'Les Abymes', 67604, 'Daunou (Rue)', 2, 'Schmitt', 'Constant', '1975-04-10', 60, 'Jules.Caron@example.com', 'toto', 2147483647, 27, 4, 1, 1, 1),
(347, 'Perrin', 'Kylian', '1985-08-05', 'Pessac', 97317, 'Dauphine (Rue du)', 9, 'Lopez', 'Dorian', '1985-08-05', 60, 'Kylian.Perrin@example.com', 'toto', 2147483647, 31, 3, 1, 1, 1),
(348, 'Humbert', 'Florentin', '1933-03-13', 'Chambéry', 4594, 'David Belugou (Passage)', 4, 'Menard', 'Mehdi', '1933-03-13', 60, 'Florentin.Humbert@example.com', 'toto', 2147483647, 13, 1, 1, 1, 1),
(349, 'Millet', 'Léon', '1909-02-24', 'Sarcelles', 33201, 'Delacroix (Place)', 10, 'Perrot', 'Élisa', '1909-02-24', 60, 'Léon.Millet@example.com', 'toto', 2147483647, 67, 2, 1, 1, 1),
(350, 'Guillot', 'Emma', '1931-01-06', 'Cergy', 5655, 'Del Bon Pais (Rue)', 8, 'Nguyen', 'Capucine', '1931-01-06', 60, 'Emma.Guillot@example.com', 'toto', 2147483647, 22, 4, 1, 1, 1),
(351, 'Boulanger', 'Jules', '1915-08-28', 'Ivry-sur-Seine', 55635, 'Del Bon Souleou (Rue)', 7, 'Adam', 'Anaël', '1915-08-28', 60, 'Jules.Boulanger@example.com', 'toto', 2147483647, 13, 1, 1, 1, 1),
(352, 'Guerin', 'Louis', '1960-11-01', 'Niort', 98355, 'Delmas (Rue)', 1, 'Gauthier', 'Marine', '1960-11-01', 60, 'Louis.Guerin@example.com', 'toto', 2147483647, 27, 1, 1, 1, 1),
(353, 'Gonzalez', 'Florian', '1993-09-23', 'Lorient', 92942, 'Del Miejour (Rue)', 1, 'Picard', 'Davy', '1993-09-23', 60, 'Florian.Gonzalez@example.com', 'toto', 2147483647, 30, 3, 1, 1, 1),
(354, 'Boulanger', 'Lucas', '1983-06-27', 'Cayenne', 27438, 'Delort (Impasse)', 7, 'Guillaume', 'Robin', '1983-06-27', 60, 'Lucas.Boulanger@example.com', 'toto', 2147483647, 91, 4, 1, 1, 1),
(355, 'Schneider', 'Angelina', '1954-03-01', 'Montauban', 12331, 'Delos (Allée de)', 0, 'Blanc', 'Jules', '1954-03-01', 60, 'Angelina.Schneider@example.com', 'toto', 2147483647, 3, 3, 1, 1, 1),
(356, 'Vincent', 'Émilie', '1997-03-03', 'Saint-Quentin', 98845, 'Delpech (Rue)', 6, 'Dupuy', 'Benjamin', '1997-03-03', 60, 'Émilie.Vincent@example.com', 'toto', 2147483647, 75, 4, 1, 1, 1),
(357, 'Fontaine', 'Lina', '1911-06-23', 'Villejuif', 34902, 'Delphine Seyrig (Rue)', 2, 'Moulin', 'Yohan', '1911-06-23', 60, 'Lina.Fontaine@example.com', 'toto', 2147483647, 42, 4, 1, 1, 1),
(358, 'David', 'Rose', '1912-12-14', 'Saint-André', 93747, 'Del Riu (Cour)', 3, 'Guyot', 'Tatiana', '1912-12-14', 60, 'Rose.David@example.com', 'toto', 2147483647, 81, 3, 1, 1, 1),
(359, 'Girard', 'Marion', '1979-10-03', 'Épinay-sur-Seine', 59815, 'Denise Grey (Place)', 0, 'Vidal', 'Françoise', '1979-10-03', 60, 'Marion.Girard@example.com', 'toto', 2147483647, 88, 4, 1, 1, 1),
(360, 'Dupuy', 'Adam', '1988-07-06', 'Hyères', 45858, 'Denise (Rue)', 9, 'Picard', 'Benjamin', '1988-07-06', 60, 'Adam.Dupuy@example.com', 'toto', 2147483647, 22, 2, 1, 1, 1),
(361, 'Martin', 'Anaïs', '1967-11-13', 'Cholet', 17779, 'Denis Papin (Rue)', 7, 'Henry', 'Adrian', '1967-11-13', 60, 'Anaïs.Martin@example.com', 'toto', 2147483647, 28, 4, 1, 1, 1),
(362, 'Chevalier', 'Sara', '1971-12-21', 'Beauvais', 42522, 'Desmazes (Rue)', 4, 'Lambert', 'Anaëlle', '1971-12-21', 60, 'Sara.Chevalier@example.com', 'toto', 2147483647, 62, 3, 1, 1, 1),
(363, 'Klein', 'Baptiste', '1974-07-20', 'Pantin', 86825, 'Dessalle Possel (Rue)', 0, 'Lemoine', 'Grégory', '1974-07-20', 60, 'Baptiste.Klein@example.com', 'toto', 2147483647, 74, 3, 1, 1, 1),
(364, 'Fournier', 'Paul', '1901-03-01', 'Maisons-Alfort', 12296, 'Dessous de Mont Auberou', 8, 'Lecomte', 'Syrine', '1901-03-01', 60, 'Paul.Fournier@example.com', 'toto', 2147483647, 3, 4, 1, 1, 1),
(365, 'Simon', 'Nina', '2011-01-18', 'Bondy', 47300, 'Deux Manses (Rue des)', 3, 'Boyer', 'Davy', '2011-01-18', 60, 'Nina.Simon@example.com', 'toto', 2147483647, 42, 3, 1, 1, 1),
(366, 'Berger', 'Kimberley', '1932-07-19', 'Chelles', 73193, 'Deux Ponts (Rue des)', 5, 'Renaud', 'Adrien', '1932-07-19', 60, 'Kimberley.Berger@example.com', 'toto', 2147483647, 56, 2, 1, 1, 1),
(367, 'Dumont', 'Jade', '1903-02-19', 'Vannes', 8441, 'Deux Ruisseaux (Impasse d', 7, 'Vincent', 'Killian', '1903-02-19', 60, 'Jade.Dumont@example.com', 'toto', 2147483647, 42, 1, 1, 1, 1),
(368, 'Andre', 'Angelina', '1924-05-20', 'La Roche-sur-Yon', 11001, 'Diderot (Rue)', 0, 'Garnier', 'Zoé', '1924-05-20', 60, 'Angelina.Andre@example.com', 'toto', 2147483647, 23, 3, 1, 1, 1),
(369, 'Giraud', 'Jade', '1962-11-02', 'Clamart', 95257, 'Dinandiers (Impasse des)', 1, 'Durand', 'Élouan', '1962-11-02', 60, 'Jade.Giraud@example.com', 'toto', 2147483647, 20, 4, 1, 1, 1),
(370, 'Prevost', 'Rose', '1993-05-01', 'Fontenay-sous-Bois', 74775, 'Dit des Amaryllis (Chemin', 9, 'Poulain', 'Mohamed', '1993-05-01', 60, 'Rose.Prevost@example.com', 'toto', 2147483647, 75, 4, 1, 1, 1),
(371, 'Morin', 'Mélanie', '2011-10-03', 'Saint-Louis', 77651, 'Django Reinhardt (Place)', 9, 'Lemaire', 'Laura', '2011-10-03', 60, 'Mélanie.Morin@example.com', 'toto', 2147483647, 25, 1, 1, 1, 1),
(372, 'Schmitt', 'Noë', '1925-08-02', 'Arles', 13214, 'Docteur Jacques Fourcade ', 3, 'Legrand', 'Dimitri', '1925-08-02', 60, 'Noë.Schmitt@example.com', 'toto', 2147483647, 97, 2, 1, 1, 1),
(373, 'Baron', 'Florian', '1979-04-02', 'Fréjus', 78286, 'Docteur Lachapelle (Rue)', 8, 'Petit', 'Kilian', '1979-04-02', 60, 'Florian.Baron@example.com', 'toto', 2147483647, 49, 1, 1, 1, 1),
(374, 'Masson', 'Gabriel', '2008-10-09', 'Meaux', 1558, 'Docteur Louis Perrier (Ru', 9, 'Menard', 'Diego', '2008-10-09', 60, 'Gabriel.Masson@example.com', 'toto', 2147483647, 65, 3, 1, 1, 1),
(375, 'Pasquier', 'Romane', '1901-07-01', 'Évry', 6421, 'Docteur Pezet (Avenue du)', 1, 'Lambert', 'Anthony', '1901-07-01', 60, 'Romane.Pasquier@example.com', 'toto', 2147483647, 24, 2, 1, 1, 1),
(376, 'Jacquet', 'Zacharis', '1983-11-15', 'Le Blanc-Mesnil', 87329, 'Docteur Pierre Azema (Squ', 0, 'Breton', 'Victor', '1983-11-15', 60, 'Zacharis.Jacquet@example.com', 'toto', 2147483647, 24, 4, 1, 1, 1),
(377, 'Meyer', 'Mathilde', '1983-07-22', 'Grasse', 51528, 'Docteur Roux (Rue du)', 0, 'Fleury', 'Inès', '1983-07-22', 60, 'Mathilde.Meyer@example.com', 'toto', 2147483647, 91, 2, 1, 1, 1),
(378, 'Marty', 'Léane', '1997-07-30', 'Narbonne', 77436, 'Dom Bosco (Rue)', 9, 'Dupuis', 'Robin', '1997-07-30', 60, 'Léane.Marty@example.com', 'toto', 2147483647, 90, 2, 1, 1, 1),
(379, 'Berger', 'Killian', '1936-09-10', 'Sartrouville', 59725, 'Domitienne (Voie)', 5, 'Vidal', 'Syrine', '1936-09-10', 60, 'Killian.Berger@example.com', 'toto', 2147483647, 18, 1, 1, 1, 1),
(380, 'Guillaume', 'Maxence', '2004-10-03', 'Annecy', 67687, 'Dom Perignon (Rue)', 9, 'Leclerc', 'Romain', '2004-10-03', 60, 'Maxence.Guillaume@example.com', 'toto', 2147483647, 65, 4, 1, 1, 1),
(381, 'Lambert', 'Léa', '1953-09-11', 'Laval', 84111, 'Dom Vaissette (Rue)', 5, 'Chevalier', 'Françoise', '1953-09-11', 60, 'Léa.Lambert@example.com', 'toto', 2147483647, 99, 1, 1, 1, 1),
(382, 'Baron', 'Tom', '1974-01-02', 'Belfort', 10365, 'Donnat (Rue)', 2, 'Dufour', 'Adrian', '1974-01-02', 60, 'Tom.Baron@example.com', 'toto', 2147483647, 75, 4, 1, 1, 1),
(383, 'Faure', 'Fanny', '1976-01-07', 'Sevran', 13538, 'Doria (Rue)', 6, 'Clement', 'Inès', '1976-01-07', 60, 'Fanny.Faure@example.com', 'toto', 2147483647, 16, 2, 1, 1, 1),
(384, 'Gautier', 'Valentine', '1955-09-09', 'Charleville-Mézières', 98626, 'Doris (Rue)', 4, 'Morel', 'Louis', '1955-09-09', 60, 'Valentine.Gautier@example.com', 'toto', 2147483647, 25, 2, 1, 1, 1),
(385, 'Gaillard', 'Lauriane', '1902-01-05', 'Évreux', 79533, 'Doscares (Rue de)', 0, 'Bailly', 'Noë', '1902-01-05', 60, 'Lauriane.Gaillard@example.com', 'toto', 2147483647, 46, 2, 1, 1, 1),
(386, 'Fernandez', 'Noë', '1905-10-31', 'Albi', 79552, 'Douanier Rousseau (Rue)', 0, 'Lopez', 'Romane', '1905-10-31', 60, 'Noë.Fernandez@example.com', 'toto', 2147483647, 86, 2, 1, 1, 1),
(387, 'Renaud', 'Lilian', '1942-11-11', 'Montrouge', 58605, 'Dou Valadoun (Impasse)', 10, 'Maillard', 'Simon', '1942-11-11', 60, 'Lilian.Renaud@example.com', 'toto', 2147483647, 86, 2, 1, 1, 1),
(388, 'Dumas', 'Edwige', '1969-05-02', 'Vincennes', 58074, 'Doyen de Rouville (Rue)', 8, 'Pasquier', 'Léane', '1969-05-02', 60, 'Edwige.Dumas@example.com', 'toto', 2147483647, 83, 4, 1, 1, 1),
(389, 'Menard', 'Laura', '2008-12-31', 'Brive-la-Gaillarde', 78249, 'Doyen Gaston Giraud (Aven', 1, 'Humbert', 'Katell', '2008-12-31', 60, 'Laura.Menard@example.com', 'toto', 2147483647, 54, 3, 1, 1, 1),
(390, 'Remy', 'Mattéo', '2013-10-26', 'Saint-Ouen', 33186, 'Doyen Gaston Giraud (Plac', 3, 'Riviere', 'Robin', '2013-10-26', 60, 'Mattéo.Remy@example.com', 'toto', 2147483647, 23, 3, 1, 1, 1),
(391, 'Renaud', 'Clément', '1949-12-06', 'Martigues', 97012, 'Doyen Pierre Jourda (Rue)', 9, 'Faure', 'Lucie', '1949-12-06', 60, 'Clément.Renaud@example.com', 'toto', 2147483647, 63, 4, 1, 1, 1),
(392, 'Marie', 'Davy', '1936-09-23', 'Carcassonne', 68989, 'Doyen Turchini (Avenue du', 1, 'Robert', 'Aaron', '1936-09-23', 60, 'Davy.Marie@example.com', 'toto', 2147483647, 72, 3, 1, 1, 1),
(393, 'Humbert', 'Bastien', '1975-08-27', 'Bobigny', 58536, 'Dragon (Impasse du)', 0, 'Martinez', 'Catherine', '1975-08-27', 60, 'Bastien.Humbert@example.com', 'toto', 2147483647, 82, 2, 1, 1, 1),
(394, 'Marchal', 'Gabriel', '1985-06-03', 'Suresnes', 53809, 'Draperie Rouge (Rue)', 9, 'Henry', 'Lucas', '1985-06-03', 60, 'Gabriel.Marchal@example.com', 'toto', 2147483647, 19, 2, 1, 1, 1),
(395, 'Roy', 'Kilian', '1926-08-20', 'Cagnes-sur-Mer', 8685, 'Draperie Saint Firmin (Ru', 5, 'Pierre', 'Chloé', '1926-08-20', 60, 'Kilian.Roy@example.com', 'toto', 2147483647, 36, 2, 1, 1, 1),
(396, 'Gomez', 'Maïwenn', '1907-06-20', 'Blois', 97904, 'Draye (Rue de la)', 1, 'Mallet', 'Katell', '1907-06-20', 60, 'Maïwenn.Gomez@example.com', 'toto', 2147483647, 56, 2, 1, 1, 1),
(397, 'Mercier', 'Lena', '1977-04-30', 'Saint-Brieuc', 46918, 'Droits de l Homme (Avenue', 0, 'Gonzalez', 'Julia', '1977-04-30', 60, 'Lena.Mercier@example.com', 'toto', 2147483647, 53, 2, 1, 1, 1),
(398, 'Daniel', 'Lutécia', '2000-01-29', 'Aubagne', 14892, 'Dubreuil (Rue)', 9, 'Paul', 'Mathilde', '2000-01-29', 60, 'Lutécia.Daniel@example.com', 'toto', 2147483647, 86, 3, 1, 1, 1),
(399, 'Vincent', 'Ambre', '1959-10-05', 'Châteauroux', 4879, 'Duche (Plan)', 4, 'Roy', 'Salomé', '1959-10-05', 60, 'Ambre.Vincent@example.com', 'toto', 2147483647, 65, 3, 1, 1, 1),
(400, 'Aubry', 'Jade', '1943-08-10', 'Saint-Malo', 4222, 'Duchesse d Abrantes (Rue)', 8, 'Collet', 'Maïlé', '1943-08-10', 60, 'Jade.Aubry@example.com', 'toto', 2147483647, 74, 4, 1, 1, 1),
(401, 'Fernandez', 'Catherine', '1928-08-03', 'Châlons-en-Champagne', 8146, 'Ecole Mage (Rue de l )', 9, 'Marechal', 'Anaël', '1928-08-03', 60, 'Catherine.Fernandez@example.com', 'toto', 2147483647, 2, 2, 1, 1, 1),
(402, 'Schneider', 'Nolan', '1995-07-09', 'Meudon', 3002, 'Ecole Normale (Rue de l )', 1, 'Carre', 'Maryam', '1995-07-09', 60, 'Nolan.Schneider@example.com', 'toto', 2147483647, 49, 1, 1, 1, 1),
(403, 'Martinez', 'Mathieu', '1946-10-03', 'Chalon-sur-Saône', 10146, 'Ecole Republicaine (Rue d', 0, 'Gonzalez', 'Ambre', '1946-10-03', 60, 'Mathieu.Martinez@example.com', 'toto', 2147483647, 8, 3, 1, 1, 1),
(404, 'Bonnet', 'Jordan', '1917-01-25', 'Puteaux', 20532, 'Ecoles Centrales (Rue des', 1, 'Leclerc', 'Rémi', '1917-01-25', 60, 'Jordan.Bonnet@example.com', 'toto', 2147483647, 48, 3, 1, 1, 1),
(405, 'Michel', 'Carla', '1939-04-27', 'Alfortville', 73556, 'Ecoles (Cour des)', 7, 'Gillet', 'Baptiste', '1939-04-27', 60, 'Carla.Michel@example.com', 'toto', 2147483647, 90, 3, 1, 1, 1),
(406, 'Brun', 'Luna', '1937-11-18', 'Bayonne', 97787, 'Ecoles Laiques (Rue des)', 4, 'Adam', 'Aaron', '1937-11-18', 60, 'Luna.Brun@example.com', 'toto', 2147483647, 34, 1, 1, 1, 1),
(407, 'Gay', 'Rémi', '1913-11-01', 'Corbeil-Essonnes', 68798, 'Ecoles Pies (Rue des)', 10, 'Fleury', 'Maïwenn', '1913-11-01', 60, 'Rémi.Gay@example.com', 'toto', 2147483647, 24, 4, 1, 1, 1),
(408, 'Simon', 'Jordan', '1951-01-03', 'Valenciennes', 14069, 'Ecoles (Rue des)', 4, 'Francois', 'Léo', '1951-01-03', 60, 'Jordan.Simon@example.com', 'toto', 2147483647, 57, 3, 1, 1, 1),
(409, 'Lacroix', 'Léane', '1969-05-31', 'Sète', 15291, 'Ecrin (Rue de l )', 10, 'Thomas', 'Dorian', '1969-05-31', 60, 'Léane.Lacroix@example.com', 'toto', 2147483647, 62, 3, 1, 1, 1),
(410, 'Perrot', 'Margot', '1954-10-22', 'Saint-Herblain', 24720, 'Ecureuils (Rue des)', 10, 'Fabre', 'Lou', '1954-10-22', 60, 'Margot.Perrot@example.com', 'toto', 2147483647, 57, 3, 1, 1, 1),
(411, 'Sanchez', 'Amélie', '1994-10-27', 'Massy', 9934, 'Ecuyers (Rue des)', 8, 'Renaud', 'Manon', '1994-10-27', 60, 'Amélie.Sanchez@example.com', 'toto', 2147483647, 84, 4, 1, 1, 1),
(412, 'Dupuy', 'Florentin', '2002-06-13', 'Istres', 22880, 'Edmond Cramaussel (Impass', 4, 'Jean', 'Anaïs', '2002-06-13', 60, 'Florentin.Dupuy@example.com', 'toto', 2147483647, 96, 1, 1, 1, 1),
(413, 'Albert', 'Maïlé', '1922-09-25', 'Bastia', 16384, 'Edmond Halley (Rue)', 10, 'Leclercq', 'Emma', '1922-09-25', 60, 'Maïlé.Albert@example.com', 'toto', 2147483647, 56, 1, 1, 1, 1),
(414, 'Duval', 'Florian', '1926-10-24', 'Tarbes', 73275, 'Edmond (Impasse)', 6, 'Lefevre', 'Alexia', '1926-10-24', 60, 'Florian.Duval@example.com', 'toto', 2147483647, 99, 4, 1, 1, 1),
(415, 'Rolland', 'Lutécia', '1984-03-31', 'Salon-de-Provence', 45740, 'Edmond Lautard (Rue)', 5, 'Aubry', 'Laura', '1984-03-31', 60, 'Lutécia.Rolland@example.com', 'toto', 2147483647, 65, 2, 1, 1, 1),
(416, 'Deschamps', 'Romane', '1935-11-06', 'Le Cannet', 9768, 'Edmond Rostand (Place)', 5, 'Gerard', 'Léonard', '1935-11-06', 60, 'Romane.Deschamps@example.com', 'toto', 2147483647, 88, 2, 1, 1, 1),
(417, 'Garcia', 'Corentin', '2000-12-06', 'Mantes-la-Jolie', 58747, 'Edouard Branly (Rue)', 10, 'Philippe', 'Nathan', '2000-12-06', 60, 'Corentin.Garcia@example.com', 'toto', 2147483647, 87, 2, 1, 1, 1),
(418, 'Herve', 'Nicolas', '1904-08-12', 'Vaulx-en-Velin', 15081, 'Edouard Cartailhac (Rue)', 6, 'Dupont', 'Lutécia', '1904-08-12', 60, 'Nicolas.Herve@example.com', 'toto', 2147483647, 2, 3, 1, 1, 1),
(419, 'Poulain', 'Adrien', '1911-06-06', 'Boulogne-sur-Mer', 93423, 'Edouard Marsal (Rue)', 0, 'Garcia', 'Edwige', '1911-06-06', 60, 'Adrien.Poulain@example.com', 'toto', 2147483647, 30, 3, 1, 1, 1),
(420, 'Meyer', 'Colin', '1972-01-16', 'Saint-Priest', 41203, 'Edouard Martel (Impasse)', 10, 'Roux', 'Rose', '1972-01-16', 60, 'Colin.Meyer@example.com', 'toto', 2147483647, 10, 2, 1, 1, 1),
(421, 'Dupuy', 'Maëlle', '1967-08-04', 'Castres', 62953, 'Edouard Roche (Rue)', 5, 'Lebrun', 'Mélanie', '1967-08-04', 60, 'Maëlle.Dupuy@example.com', 'toto', 2147483647, 23, 1, 1, 1, 1),
(422, 'Charpentier', 'Yohan', '1924-09-27', 'Livry-Gargan', 84274, 'Edouard Vii (Rue)', 2, 'Huet', 'Grégory', '1924-09-27', 60, 'Yohan.Charpentier@example.com', 'toto', 2147483647, 45, 1, 1, 1, 1),
(423, 'Renard', 'Salomé', '1901-06-05', 'Gennevilliers', 41957, 'Edouard Villalonga (Rue)', 6, 'Girard', 'Enzo', '1901-06-05', 60, 'Salomé.Renard@example.com', 'toto', 2147483647, 21, 2, 1, 1, 1),
(424, 'Hubert', 'Antonin', '1925-03-19', 'Douai', 68569, 'Eglantiers (Rue des)', 8, 'Aubert', 'Émile', '1925-03-19', 60, 'Antonin.Hubert@example.com', 'toto', 2147483647, 12, 4, 1, 1, 1),
(425, 'Baron', 'Kevin', '2002-04-30', 'Angoulême', 92714, 'Eglise (Place de l )', 3, 'Richard', 'Océane', '2002-04-30', 60, 'Kevin.Baron@example.com', 'toto', 2147483647, 10, 3, 1, 1, 1),
(426, 'Pereira', 'Luna', '1908-01-26', 'Wattrelos', 24704, 'Eglise (Rue de l )', 6, 'Gomez', 'Erwan', '1908-01-26', 60, 'Luna.Pereira@example.com', 'toto', 2147483647, 77, 3, 1, 1, 1),
(427, 'Meunier', 'Roméo', '1990-12-01', 'Caluire-et-Cuire', 21966, 'Eiders (Rue des)', 6, 'Leroy', 'Capucine', '1990-12-01', 60, 'Roméo.Meunier@example.com', 'toto', 2147483647, 68, 3, 1, 1, 1),
(428, 'Fleury', 'Julien', '1950-05-16', 'Choisy-le-Roi', 16720, 'Elegies (Impasse des)', 1, 'Petit', 'Martin', '1950-05-16', 60, 'Julien.Fleury@example.com', 'toto', 2147483647, 61, 2, 1, 1, 1),
(429, 'Marie', 'Théo', '1984-02-17', 'Arras', 15049, 'Elie Wiesel (Rue)', 5, 'Dupuis', 'Colin', '1984-02-17', 60, 'Théo.Marie@example.com', 'toto', 2147483647, 80, 3, 1, 1, 1),
(430, 'Gay', 'Alexis', '2001-07-26', 'Rosny-sous-Bois', 49971, 'Ella Fitzgerald (Impasse)', 8, 'Renard', 'Théo', '2001-07-26', 60, 'Alexis.Gay@example.com', 'toto', 2147483647, 12, 3, 1, 1, 1),
(431, 'Joly', 'Élise', '1900-04-14', 'Thionville', 48148, 'Elysee Deandreis (Impasse', 8, 'Guyot', 'Constant', '1900-04-14', 60, 'Élise.Joly@example.com', 'toto', 2147483647, 67, 3, 1, 1, 1),
(432, 'Schneider', 'Théo', '1927-08-21', 'Alès', 48372, 'Embouque d Or (Rue)', 0, 'Bernard', 'Dorian', '1927-08-21', 60, 'Théo.Schneider@example.com', 'toto', 2147483647, 70, 1, 1, 1, 1),
(433, 'Jean', 'Salomé', '1938-01-04', 'Talence', 99147, 'Emeraude (Rue de l )', 6, 'Guillaume', 'Mehdi', '1938-01-04', 60, 'Salomé.Jean@example.com', 'toto', 2147483647, 66, 4, 1, 1, 1),
(434, 'Marechal', 'Guillemette', '1983-10-16', 'Gap', 50195, 'Emile Bertin Sans (Avenue', 6, 'Menard', 'Élisa', '1983-10-16', 60, 'Guillemette.Marechal@example.com', 'toto', 2147483647, 79, 2, 1, 1, 1),
(435, 'Berger', 'Mathis', '1976-09-08', 'Saint-Germain-en-Laye', 14735, 'Emile Chartier Dit Alain ', 1, 'Millet', 'Capucine', '1976-09-08', 60, 'Mathis.Berger@example.com', 'toto', 2147483647, 58, 4, 1, 1, 1),
(436, 'Arnaud', 'Bruno', '1900-02-12', 'Saint-Laurent-du-Maroni', 20012, 'Emile Combes (Place)', 6, 'Pasquier', 'Anaël', '1900-02-12', 60, 'Bruno.Arnaud@example.com', 'toto', 2147483647, 63, 4, 1, 1, 1),
(437, 'Thomas', 'Ethan', '1955-01-16', 'Noisy-le-Sec', 32749, 'Emile Diacon (Avenue)', 8, 'Henry', 'Marine', '1955-01-16', 60, 'Ethan.Thomas@example.com', 'toto', 2147483647, 31, 4, 1, 1, 1),
(438, 'Roger', 'Noah', '1995-03-06', 'Bourg-en-Bresse', 23298, 'Emile Duploye (Rue)', 5, 'Etienne', 'Davy', '1995-03-06', 60, 'Noah.Roger@example.com', 'toto', 2147483647, 55, 1, 1, 1, 1),
(439, 'Evrard', 'Guillemette', '1926-10-11', 'Garges-lès-Gonesse', 30834, 'Emile Gaboriau (Rue)', 4, 'Adam', 'Robin', '1926-10-11', 60, 'Guillemette.Evrard@example.com', 'toto', 2147483647, 8, 4, 1, 1, 1),
(440, 'Arnaud', 'Jules', '1962-06-15', 'Marcq-en-Barœul', 32575, 'Emile Julien (Rue)', 4, 'Prevost', 'Jules', '1962-06-15', 60, 'Jules.Arnaud@example.com', 'toto', 2147483647, 56, 2, 1, 1, 1),
(441, 'Dumas', 'Lamia', '1941-05-14', 'Compiègne', 88898, 'Emile Littre (Rue)', 2, 'Martin', 'Benjamin', '1941-05-14', 60, 'Lamia.Dumas@example.com', 'toto', 2147483647, 50, 3, 1, 1, 1),
(442, 'Thomas', 'Louna', '1973-11-05', 'Melun', 28136, 'Emile Martin (Place)', 1, 'Schmitt', 'Yohan', '1973-11-05', 60, 'Louna.Thomas@example.com', 'toto', 2147483647, 79, 3, 1, 1, 1),
(443, 'Renaud', 'Clotilde', '1951-01-03', 'Le Lamentin', 30025, 'Emile Picard (Rue)', 0, 'Lopez', 'Tatiana', '1951-01-03', 60, 'Clotilde.Renaud@example.com', 'toto', 2147483647, 57, 4, 1, 1, 1),
(444, 'Marchand', 'Tom', '1995-08-03', 'Gagny', 36273, 'Emile Zola (Rue)', 6, 'Menard', 'Françoise', '1995-08-03', 60, 'Tom.Marchand@example.com', 'toto', 2147483647, 33, 2, 1, 1, 1),
(445, 'Paris', 'Charlotte', '1912-02-01', 'Chartres', 60556, 'Emmanuel Hedon (Rue)', 1, 'Perrot', 'Benjamin', '1912-02-01', 60, 'Charlotte.Paris@example.com', 'toto', 2147483647, 2, 4, 1, 1, 1),
(446, 'Caron', 'Jules', '1951-12-31', 'Rezé', 16205, 'En Barrat (Descente)', 10, 'Nguyen', 'Adrian', '1951-12-31', 60, 'Jules.Caron@example.com', 'toto', 2147483647, 89, 3, 1, 1, 1),
(447, 'Perrin', 'Kylian', '2012-06-28', 'Bron', 9546, 'Enclos des Brosses (Rue)', 9, 'Adam', 'Anaëlle', '2012-06-28', 60, 'Kylian.Perrin@example.com', 'toto', 2147483647, 83, 4, 1, 1, 1),
(448, 'Humbert', 'Florentin', '1979-12-01', 'La Courneuve', 40957, 'Enclos Fermaud (Rue)', 0, 'Gauthier', 'Grégory', '1979-12-01', 60, 'Florentin.Humbert@example.com', 'toto', 2147483647, 35, 1, 1, 1, 1),
(449, 'Millet', 'Léon', '1935-01-01', 'Anglet', 58943, 'Enclos Herbette (Impasse)', 2, 'Picard', 'Syrine', '1935-01-01', 60, 'Léon.Millet@example.com', 'toto', 2147483647, 53, 2, 1, 1, 1),
(450, 'Guillot', 'Emma', '1984-06-08', 'Montluçon', 18120, 'Encombes', 4, 'Guillaume', 'Davy', '1984-06-08', 60, 'Emma.Guillot@example.com', 'toto', 2147483647, 3, 3, 1, 1, 1),
(451, 'Boulanger', 'Jules', '1912-07-13', 'Bagneux', 87869, 'En Gondeau (Rue)', 2, 'Blanc', 'Adrien', '1912-07-13', 60, 'Jules.Boulanger@example.com', 'toto', 2147483647, 20, 4, 1, 1, 1),
(452, 'Guerin', 'Louis', '2009-12-06', 'Cherbourg-Octeville', 65569, 'En Rouan (Rue)', 3, 'Dupuy', 'Killian', '2009-12-06', 60, 'Louis.Guerin@example.com', 'toto', 2147483647, 3, 4, 1, 1, 1),
(453, 'Gonzalez', 'Florian', '1951-06-19', 'Poissy', 21658, 'Epiceas (Rue des)', 0, 'Moulin', 'Zoé', '1951-06-19', 60, 'Florian.Gonzalez@example.com', 'toto', 2147483647, 57, 2, 1, 1, 1),
(454, 'Boulanger', 'Lucas', '1994-03-01', 'Le Port', 10045, 'Epidaure (Rue d )', 3, 'Guyot', 'Élouan', '1994-03-01', 60, 'Lucas.Boulanger@example.com', 'toto', 2147483647, 5, 4, 1, 1, 1),
(455, 'Schneider', 'Angelina', '1972-03-31', 'Draguignan', 12802, 'Epire (Rue de l )', 9, 'Vidal', 'Mohamed', '1972-03-31', 60, 'Angelina.Schneider@example.com', 'toto', 2147483647, 11, 3, 1, 1, 1),
(456, 'Vincent', 'Émilie', '1919-12-06', 'Savigny-sur-Orge', 9658, 'Equerre (Rue de l )', 10, 'Picard', 'Laura', '1919-12-06', 60, 'Émilie.Vincent@example.com', 'toto', 2147483647, 15, 4, 1, 1, 1),
(457, 'Fontaine', 'Lina', '1975-06-20', 'Saint-Martin-dHères', 60381, 'Erables (Rue des)', 6, 'Henry', 'Dimitri', '1975-06-20', 60, 'Lina.Fontaine@example.com', 'toto', 2147483647, 45, 3, 1, 1, 1),
(458, 'David', 'Rose', '2002-03-15', 'Saint-Martin', 12979, 'Erasme (Cour)', 3, 'Lambert', 'Kilian', '2002-03-15', 60, 'Rose.David@example.com', 'toto', 2147483647, 27, 1, 1, 1, 1),
(459, 'Girard', 'Marion', '2012-07-01', 'Joué-lès-Tours', 77051, 'Fontenille (Rue)', 7, 'Lemoine', 'Diego', '2012-07-01', 60, 'Marion.Girard@example.com', 'toto', 2147483647, 32, 2, 1, 1, 1),
(460, 'Dupuy', 'Adam', '1915-06-22', 'Pontault-Combault', 27358, 'Font Froide (Rue de la)', 8, 'Lecomte', 'Anthony', '1915-06-22', 60, 'Adam.Dupuy@example.com', 'toto', 2147483647, 4, 1, 1, 1, 1),
(461, 'Martin', 'Anaïs', '1961-07-14', 'Saint-Joseph', 83515, 'Fontjun (Place de)', 6, 'Boyer', 'Victor', '1961-07-14', 60, 'Anaïs.Martin@example.com', 'toto', 2147483647, 76, 3, 1, 1, 1),
(462, 'Chevalier', 'Sara', '1990-12-15', 'Nevers', 14580, 'Font Segugne (Rue de)', 4, 'Renaud', 'Inès', '1990-12-15', 60, 'Sara.Chevalier@example.com', 'toto', 2147483647, 12, 1, 1, 1, 1),
(463, 'Klein', 'Baptiste', '1902-04-11', 'Roanne', 39104, 'Font Trouve', 3, 'Vincent', 'Robin', '1902-04-11', 60, 'Baptiste.Klein@example.com', 'toto', 2147483647, 19, 3, 1, 1, 1),
(464, 'Fournier', 'Paul', '1988-07-09', 'Échirolles', 55169, 'Forcrand (Rue de)', 4, 'Garnier', 'Syrine', '1988-07-09', 60, 'Paul.Fournier@example.com', 'toto', 2147483647, 22, 2, 1, 1, 1),
(465, 'Simon', 'Nina', '1981-09-14', 'Villepinte', 64308, 'Fouques (Rue)', 3, 'Durand', 'Romain', '1981-09-14', 60, 'Nina.Simon@example.com', 'toto', 2147483647, 79, 3, 1, 1, 1),
(466, 'Berger', 'Kimberley', '1968-02-20', 'Colomiers', 98800, 'Fouquet (Rue)', 9, 'Poulain', 'Françoise', '1968-02-20', 60, 'Kimberley.Berger@example.com', 'toto', 2147483647, 73, 3, 1, 1, 1),
(467, 'Dumont', 'Jade', '1999-05-11', 'Saint-Benoît', 50582, 'Fourbisseurs (Rue des)', 2, 'Lemaire', 'Adrian', '1999-05-11', 60, 'Jade.Dumont@example.com', 'toto', 2147483647, 71, 1, 1, 1, 1),
(468, 'Andre', 'Angelina', '1922-10-08', 'Villefranche-sur-Saône', 65803, 'Four des Flammes (Rue)', 7, 'Legrand', 'Inès', '1922-10-08', 60, 'Angelina.Andre@example.com', 'toto', 2147483647, 17, 1, 1, 1, 1),
(469, 'Giraud', 'Jade', '1927-02-06', 'Conflans-Sainte-Honorine', 19095, 'Fourier (Place)', 4, 'Petit', 'Louis', '1927-02-06', 60, 'Jade.Giraud@example.com', 'toto', 2147483647, 34, 4, 1, 1, 1),
(470, 'Prevost', 'Rose', '1968-09-08', 'Auxerre', 30922, 'Fournarie (Rue)', 10, 'Menard', 'Noë', '1968-09-08', 60, 'Rose.Prevost@example.com', 'toto', 2147483647, 99, 3, 1, 1, 1),
(471, 'Morin', 'Mélanie', '1999-08-21', 'Saint-Chamond', 52655, 'Four Saint Eloi (Rue du)', 6, 'Lambert', 'Romane', '1999-08-21', 60, 'Mélanie.Morin@example.com', 'toto', 2147483647, 26, 4, 1, 1, 1),
(472, 'Schmitt', 'Noë', '2005-11-15', 'Montélimar', 41262, 'Fragonard (Square)', 6, 'Breton', 'Simon', '2005-11-15', 60, 'Noë.Schmitt@example.com', 'toto', 2147483647, 13, 2, 1, 1, 1),
(473, 'Baron', 'Florian', '2012-09-22', 'Stains', 79269, 'Fraisiers (Rue des)', 1, 'Fleury', 'Léane', '2012-09-22', 60, 'Florian.Baron@example.com', 'toto', 2147483647, 88, 2, 1, 1, 1),
(474, 'Masson', 'Gabriel', '1931-09-21', 'Vitrolles', 71195, 'Framboisiers (Rue des)', 5, 'Dupuis', 'Katell', '1931-09-21', 60, 'Gabriel.Masson@example.com', 'toto', 2147483647, 37, 4, 1, 1, 1),
(475, 'Pasquier', 'Romane', '1931-04-30', 'Sainte-Geneviève-des-Bois', 18271, 'France (Place de)', 5, 'Vidal', 'Robin', '1931-04-30', 60, 'Romane.Pasquier@example.com', 'toto', 2147483647, 98, 4, 1, 1, 1),
(476, 'Jacquet', 'Zacharis', '1993-12-24', 'Haguenau', 13584, 'Franceze de Cezelli (Rue)', 6, 'Leclerc', 'Lucie', '1993-12-24', 60, 'Zacharis.Jacquet@example.com', 'toto', 2147483647, 13, 2, 1, 1, 1),
(477, 'Meyer', 'Mathilde', '2003-06-01', 'Bagnolet', 24845, 'Francis Blanche (Allée)', 1, 'Chevalier', 'Aaron', '2003-06-01', 60, 'Mathilde.Meyer@example.com', 'toto', 2147483647, 88, 4, 1, 1, 1),
(478, 'Marty', 'Léane', '1939-11-15', 'Tremblay-en-France', 74951, 'Francisco Goya (Rue)', 0, 'Dufour', 'Catherine', '1939-11-15', 60, 'Léane.Marty@example.com', 'toto', 2147483647, 93, 3, 1, 1, 1),
(479, 'Berger', 'Killian', '1941-03-21', 'Marignane', 37692, 'Francis Garnier (Rue)', 5, 'Clement', 'Lucas', '1941-03-21', 60, 'Killian.Berger@example.com', 'toto', 2147483647, 95, 4, 1, 1, 1),
(480, 'Guillaume', 'Maxence', '1954-05-14', 'Six-Fours-les-Plages', 72689, 'Francis Lopez (Rue)', 3, 'Morel', 'Chloé', '1954-05-14', 60, 'Maxence.Guillaume@example.com', 'toto', 2147483647, 89, 4, 1, 1, 1),
(481, 'Lambert', 'Léa', '1964-04-24', 'Lens', 21517, 'Francis Ponge (Place)', 1, 'Bailly', 'Katell', '1964-04-24', 60, 'Léa.Lambert@example.com', 'toto', 2147483647, 92, 2, 1, 1, 1),
(482, 'Baron', 'Tom', '1995-06-10', 'Neuilly-sur-Marne', 66936, 'Francis Poulenc (Impasse)', 8, 'Lopez', 'Alexandre', '1995-06-10', 60, 'Tom.Baron@example.com', 'toto', 2147483647, 48, 4, 1, 1, 1),
(483, 'Faure', 'Fanny', '1988-08-21', 'Thonon-les-Bains', 22512, 'Francois Adrien Boieldieu', 9, 'Maillard', 'Jérémy', '1988-08-21', 60, 'Fanny.Faure@example.com', 'toto', 2147483647, 56, 1, 1, 1, 1),
(484, 'Gautier', 'Valentine', '1903-08-10', 'Creil', 86499, 'Francois-adrien Philidor ', 4, 'Pasquier', 'Zoé', '1903-08-10', 60, 'Valentine.Gautier@example.com', 'toto', 2147483647, 65, 3, 1, 1, 1),
(485, 'Gaillard', 'Lauriane', '1931-09-11', 'La Ciotat', 88859, 'Francois Arago (Allée)', 10, 'Humbert', 'Gilbert', '1931-09-11', 60, 'Lauriane.Gaillard@example.com', 'toto', 2147483647, 36, 3, 1, 1, 1),
(486, 'Fernandez', 'Noë', '1941-03-18', 'Mâcon', 37421, 'Francois Astier (Place)', 8, 'Riviere', 'Catherine', '1941-03-18', 60, 'Noë.Fernandez@example.com', 'toto', 2147483647, 50, 3, 1, 1, 1),
(487, 'Renaud', 'Lilian', '1938-11-28', 'Saint-Raphaël', 33539, 'Francois Belanger (Rue)', 5, 'Faure', 'Malo', '1938-11-28', 60, 'Lilian.Renaud@example.com', 'toto', 2147483647, 48, 4, 1, 1, 1),
(488, 'Dumas', 'Edwige', '1958-02-01', 'Agen', 49365, 'Francois Coppee (Rue)', 1, 'Robert', 'Corentin', '1958-02-01', 60, 'Edwige.Dumas@example.com', 'toto', 2147483647, 30, 2, 1, 1, 1),
(489, 'Menard', 'Laura', '1978-07-12', 'Romans-sur-Isère', 37745, 'Francois Couperin (Rue)', 9, 'Martinez', 'Léonie', '1978-07-12', 60, 'Laura.Menard@example.com', 'toto', 2147483647, 83, 4, 1, 1, 1),
(490, 'Remy', 'Mattéo', '1989-11-08', 'Montigny-le-Bretonneux', 52051, 'Francois Daumas (Rue)', 6, 'Henry', 'Tatiana', '1989-11-08', 60, 'Mattéo.Remy@example.com', 'toto', 2147483647, 70, 2, 1, 1, 1),
(491, 'Renaud', 'Clément', '1972-06-09', 'Franconville', 30155, 'Francois de la Grange (Ru', 9, 'Pierre', 'Lilou', '1972-06-09', 60, 'Clément.Renaud@example.com', 'toto', 2147483647, 64, 1, 1, 1, 1),
(492, 'Marie', 'Davy', '1965-10-15', 'Châtillon', 73025, 'Francois Delmas (Avenue)', 6, 'Mallet', 'Rose', '1965-10-15', 60, 'Davy.Marie@example.com', 'toto', 2147483647, 35, 3, 1, 1, 1),
(493, 'Humbert', 'Bastien', '2011-06-23', 'Le Perreux-sur-Marne', 36469, 'Francois de Malherbe (Rue', 6, 'Gonzalez', 'Julia', '2011-06-23', 60, 'Bastien.Humbert@example.com', 'toto', 2147483647, 94, 2, 1, 1, 1),
(494, 'Marchal', 'Gabriel', '1978-10-19', 'Cambrai', 78194, 'Francois Dezeuze (Rue)', 0, 'Paul', 'Mathilde', '1978-10-19', 60, 'Gabriel.Marchal@example.com', 'toto', 2147483647, 89, 3, 1, 1, 1),
(495, 'Roy', 'Kilian', '1945-03-28', 'Villeneuve-Saint-Georges', 44230, 'Francois d Orbay (Rue)', 7, 'Roy', 'Salomé', '1945-03-28', 60, 'Kilian.Roy@example.com', 'toto', 2147483647, 33, 4, 1, 1, 1),
(496, 'Gomez', 'Maïwenn', '1952-01-16', 'Épinal', 68793, 'Francoise Dolto (Rue)', 1, 'Collet', 'Maïlé', '1952-01-16', 60, 'Maïwenn.Gomez@example.com', 'toto', 2147483647, 51, 4, 1, 1, 1),
(497, 'Mercier', 'Lena', '1928-02-15', 'Annemasse', 38883, 'Francoise Rosay (Allée)', 10, 'Marechal', 'Anaël', '1928-02-15', 60, 'Lena.Mercier@example.com', 'toto', 2147483647, 84, 2, 1, 1, 1),
(498, 'Daniel', 'Lutécia', '1991-04-13', 'Châtenay-Malabry', 71082, 'Francoise (Rue)', 7, 'Carre', 'Maryam', '1991-04-13', 60, 'Lutécia.Daniel@example.com', 'toto', 2147483647, 55, 3, 1, 1, 1),
(499, 'Vincent', 'Ambre', '1969-10-28', 'Houilles', 20179, 'Francois Franque (Rue)', 6, 'Gonzalez', 'Ambre', '1969-10-28', 60, 'Ambre.Vincent@example.com', 'toto', 2147483647, 17, 2, 1, 1, 1),
(500, 'Aubry', 'Jade', '1912-04-05', 'Châtellerault', 56821, 'Francois Henry d Harcourt', 0, 'Leclerc', 'Rémi', '1912-04-05', 60, 'Jade.Aubry@example.com', 'toto', 2147483647, 23, 2, 1, 1, 1),
(501, 'Fernandez', 'Catherine', '1907-06-30', 'Saint-Leu', 44337, 'Francois Jaumes (Place)', 4, 'Gillet', 'Baptiste', '1907-06-30', 60, 'Catherine.Fernandez@example.com', 'toto', 2147483647, 19, 2, 1, 1, 1),
(502, 'Schneider', 'Nolan', '1980-12-20', 'Nogent-sur-Marne', 72192, 'Francois-joseph Gossec (R', 5, 'Adam', 'Aaron', '1980-12-20', 60, 'Nolan.Schneider@example.com', 'toto', 2147483647, 99, 2, 1, 1, 1),
(503, 'Martinez', 'Mathieu', '1916-07-19', 'Liévin', 74535, 'Francois Mansart (Place)', 3, 'Fleury', 'Maïwenn', '1916-07-19', 60, 'Mathieu.Martinez@example.com', 'toto', 2147483647, 32, 3, 1, 1, 1),
(504, 'Bonnet', 'Jordan', '1947-12-23', 'Viry-Châtillon', 71603, 'Francois Maynard (Place)', 4, 'Francois', 'Léo', '1947-12-23', 60, 'Jordan.Bonnet@example.com', 'toto', 2147483647, 48, 2, 1, 1, 1),
(505, 'Michel', 'Carla', '2001-04-25', 'Schiltigheim', 53998, 'Francois Mireur (Rue)', 0, 'Thomas', 'Dorian', '2001-04-25', 60, 'Carla.Michel@example.com', 'toto', 2147483647, 54, 1, 1, 1, 1),
(506, 'Brun', 'Luna', '1959-12-07', 'Mont-de-Marsan', 64878, 'Francois Perier (Rue)', 9, 'Fabre', 'Lou', '1959-12-07', 60, 'Luna.Brun@example.com', 'toto', 2147483647, 81, 2, 1, 1, 1),
(507, 'Gay', 'Rémi', '1992-11-14', 'Dieppe', 99056, 'Francois Raspail (Allée)', 1, 'Renaud', 'Manon', '1992-11-14', 60, 'Rémi.Gay@example.com', 'toto', 2147483647, 74, 2, 1, 1, 1),
(508, 'Simon', 'Jordan', '1996-03-17', 'Goussainville', 12432, 'Francois Rouan (Allée)', 4, 'Jean', 'Anaïs', '1996-03-17', 60, 'Jordan.Simon@example.com', 'toto', 2147483647, 57, 4, 1, 1, 1),
(509, 'Lacroix', 'Léane', '1975-02-12', 'Maubeuge', 24762, 'Francois Villeneuve (Rue)', 9, 'Leclercq', 'Emma', '1975-02-12', 60, 'Léane.Lacroix@example.com', 'toto', 2147483647, 12, 1, 1, 1, 1),
(510, 'Perrot', 'Margot', '1970-09-17', 'Meyzieu', 74493, 'Frederic Auguste Barthold', 3, 'Lefevre', 'Alexia', '1970-09-17', 60, 'Margot.Perrot@example.com', 'toto', 2147483647, 12, 1, 1, 1, 1),
(511, 'Sanchez', 'Amélie', '1937-06-14', 'Plaisir', 78036, 'Frederic Bazille (Rue)', 7, 'Aubry', 'Laura', '1937-06-14', 60, 'Amélie.Sanchez@example.com', 'toto', 2147483647, 6, 2, 1, 1, 1),
(512, 'Dupuy', 'Florentin', '1919-07-30', 'La Possession', 83828, 'Frederic Fabreges (Rue)', 7, 'Gerard', 'Léonard', '1919-07-30', 60, 'Florentin.Dupuy@example.com', 'toto', 2147483647, 16, 3, 1, 1, 1),
(513, 'Albert', 'Maïlé', '1930-12-09', 'Malakoff', 96671, 'Frederic Georges (Rue)', 2, 'Philippe', 'Nathan', '1930-12-09', 60, 'Maïlé.Albert@example.com', 'toto', 2147483647, 42, 4, 1, 1, 1),
(514, 'Duval', 'Florian', '1908-05-14', 'Les Mureaux', 79474, 'Frederic Mistral (Avenue)', 0, 'Dupont', 'Lutécia', '1908-05-14', 60, 'Florian.Duval@example.com', 'toto', 2147483647, 88, 4, 1, 1, 1),
(515, 'Rolland', 'Lutécia', '2013-04-25', 'Vandœuvre-lès-Nancy', 88060, 'Frederic Peysson (Rue)', 2, 'Garcia', 'Edwige', '2013-04-25', 60, 'Lutécia.Rolland@example.com', 'toto', 2147483647, 19, 1, 1, 1, 1),
(516, 'Deschamps', 'Romane', '1917-12-20', 'LHaÿ-les-Roses', 64497, 'Frederic Pottecher (Rue)', 4, 'Roux', 'Rose', '1917-12-20', 60, 'Romane.Deschamps@example.com', 'toto', 2147483647, 68, 2, 1, 1, 1),
(517, 'Garcia', 'Corentin', '1950-09-13', 'Dreux', 78851, 'Fregate (Rue de la)', 2, 'Lebrun', 'Mélanie', '1950-09-13', 60, 'Corentin.Garcia@example.com', 'toto', 2147483647, 34, 4, 1, 1, 1),
(518, 'Herve', 'Nicolas', '1946-04-15', 'Palaiseau', 15760, 'Frenes (Rue des)', 2, 'Huet', 'Grégory', '1946-04-15', 60, 'Nicolas.Herve@example.com', 'toto', 2147483647, 91, 1, 1, 1, 1),
(519, 'Poulain', 'Adrien', '2009-05-21', 'Chatou', 82325, 'Freres Bouillon (Passage ', 7, 'Girard', 'Enzo', '2009-05-21', 60, 'Adrien.Poulain@example.com', 'toto', 2147483647, 94, 2, 1, 1, 1);
INSERT INTO `Salarie` (`ID_salarie`, `Nom_salarie`, `Prenom_salarie`, `Date_naissance_salarie`, `Ville_salarie`, `CP_salarie`, `Nom_rue_salarie`, `Nombre_enfants_salarie`, `Nom_conjoint_salarie`, `Prenom_conjoint_salarie`, `Date_naissance_conjoint_salarie`, `Age_debut_differe`, `Email_salarie`, `Pass_salarie`, `Num_tel_salarie`, `ID_entreprise`, `ID_situation_familiale`, `ID_base_calcul`, `ID_mode_versement`, `ID_statut`) VALUES
(520, 'Meyer', 'Colin', '1937-10-11', 'Baie-Mahault', 3423, 'Freres Buhler (Avenue des', 3, 'Aubert', 'Émile', '1937-10-11', 60, 'Colin.Meyer@example.com', 'toto', 2147483647, 49, 4, 1, 1, 1),
(521, 'Dupuy', 'Maëlle', '1974-06-30', 'Paris', 82973, 'Freres Grimm (Allée des)', 3, 'Richard', 'Océane', '1974-06-30', 60, 'Maëlle.Dupuy@example.com', 'toto', 2147483647, 14, 2, 1, 1, 1),
(522, 'Charpentier', 'Yohan', '1991-07-15', 'Marseille', 48893, 'Freres Lumiere (Rue des)', 8, 'Gomez', 'Erwan', '1991-07-15', 60, 'Yohan.Charpentier@example.com', 'toto', 2147483647, 55, 1, 1, 1, 1),
(523, 'Renard', 'Salomé', '2009-09-23', 'Lyon', 73721, 'Freres Platter (Rue des)', 6, 'Leroy', 'Capucine', '2009-09-23', 60, 'Salomé.Renard@example.com', 'toto', 2147483647, 52, 2, 1, 1, 1),
(524, 'Hubert', 'Antonin', '1980-09-19', 'Toulouse', 48161, 'Frescau', 0, 'Petit', 'Martin', '1980-09-19', 60, 'Antonin.Hubert@example.com', 'toto', 2147483647, 61, 4, 1, 1, 1),
(525, 'Baron', 'Kevin', '1963-09-13', 'Nice', 29329, 'Frimaire (Rue)', 1, 'Dupuis', 'Colin', '1963-09-13', 60, 'Kevin.Baron@example.com', 'toto', 2147483647, 88, 4, 1, 1, 1),
(526, 'Pereira', 'Luna', '2005-05-23', 'Nantes', 67603, 'Friperie (Rue de la)', 10, 'Renard', 'Théo', '2005-05-23', 60, 'Luna.Pereira@example.com', 'toto', 2147483647, 89, 3, 1, 1, 1),
(527, 'Meunier', 'Roméo', '2004-06-16', 'Strasbourg', 41391, 'Fructidor (Rue)', 2, 'Guyot', 'Constant', '2004-06-16', 60, 'Roméo.Meunier@example.com', 'toto', 2147483647, 68, 3, 1, 1, 1),
(528, 'Fleury', 'Julien', '1944-04-21', 'Montpellier', 27987, 'F. Sabatier d Espeyran (A', 2, 'Bernard', 'Dorian', '1944-04-21', 60, 'Julien.Fleury@example.com', 'toto', 2147483647, 33, 1, 1, 1, 1),
(529, 'Marie', 'Théo', '1963-08-20', 'Bordeaux', 87352, 'Fuchsias (Rue des)', 7, 'Guillaume', 'Mehdi', '1963-08-20', 60, 'Théo.Marie@example.com', 'toto', 2147483647, 16, 4, 1, 1, 1),
(530, 'Gay', 'Alexis', '1932-01-07', 'Lille13', 85109, 'Fusains (Rue des)', 10, 'Menard', 'Élisa', '1932-01-07', 60, 'Alexis.Gay@example.com', 'toto', 2147483647, 95, 2, 1, 1, 1),
(531, 'Joly', 'Élise', '1922-12-25', 'Rennes', 99780, 'Galavielle (Rue)', 4, 'Millet', 'Capucine', '1922-12-25', 60, 'Élise.Joly@example.com', 'toto', 2147483647, 51, 4, 1, 1, 1),
(532, 'Schneider', 'Théo', '1960-11-23', 'Reims', 65814, 'Galaxies (Rue des)', 4, 'Pasquier', 'Anaël', '1960-11-23', 60, 'Théo.Schneider@example.com', 'toto', 2147483647, 23, 4, 1, 1, 1),
(533, 'Jean', 'Salomé', '1923-05-17', 'Le Havre', 80254, 'Galera (Rue de la)', 3, 'Henry', 'Marine', '1923-05-17', 60, 'Salomé.Jean@example.com', 'toto', 2147483647, 44, 4, 1, 1, 1),
(534, 'Marechal', 'Guillemette', '1946-03-27', 'Saint-Étienne', 63255, 'Galilee (Impasse)', 6, 'Etienne', 'Davy', '1946-03-27', 60, 'Guillemette.Marechal@example.com', 'toto', 2147483647, 63, 4, 1, 1, 1),
(535, 'Berger', 'Mathis', '1955-07-16', 'Toulon', 58261, 'Gamay (Allée du)', 4, 'Adam', 'Robin', '1955-07-16', 60, 'Mathis.Berger@example.com', 'toto', 2147483647, 84, 4, 1, 1, 1),
(536, 'Arnaud', 'Bruno', '1985-10-09', 'Grenoble', 19048, 'Gambetta (Cours)', 8, 'Prevost', 'Jules', '1985-10-09', 60, 'Bruno.Arnaud@example.com', 'toto', 2147483647, 36, 2, 1, 1, 1),
(537, 'Thomas', 'Ethan', '1922-03-02', 'Dijon', 15853, 'Ganges (Route de)', 8, 'Martin', 'Benjamin', '1922-03-02', 60, 'Ethan.Thomas@example.com', 'toto', 2147483647, 32, 1, 1, 1, 1),
(538, 'Roger', 'Noah', '1916-08-31', 'Angers', 89161, 'Gardians (Rue des)', 6, 'Schmitt', 'Yohan', '1916-08-31', 60, 'Noah.Roger@example.com', 'toto', 2147483647, 5, 3, 1, 1, 1),
(539, 'Evrard', 'Guillemette', '2002-08-28', 'Saint-Denis', 99239, 'Gare (Marche)', 4, 'Lopez', 'Tatiana', '2002-08-28', 60, 'Guillemette.Evrard@example.com', 'toto', 2147483647, 65, 2, 1, 1, 1),
(540, 'Arnaud', 'Jules', '1983-05-12', 'Villeurbanne', 42450, 'Garenne (Impasse de la)', 7, 'Menard', 'Françoise', '1983-05-12', 60, 'Jules.Arnaud@example.com', 'toto', 2147483647, 16, 4, 1, 1, 1),
(541, 'Dumas', 'Lamia', '1980-02-05', 'Nîmes', 75997, 'Garenne (Rue de la)', 1, 'Perrot', 'Benjamin', '1980-02-05', 60, 'Lamia.Dumas@example.com', 'toto', 2147483647, 62, 2, 1, 1, 1),
(542, 'Thomas', 'Louna', '1960-12-14', 'Le Mans', 98895, 'Garibaldi (Rue)', 2, 'Nguyen', 'Adrian', '1960-12-14', 60, 'Louna.Thomas@example.com', 'toto', 2147483647, 73, 1, 1, 1, 1),
(543, 'Renaud', 'Clotilde', '1991-07-20', 'Clermont-Ferrand', 12937, 'Gariel (Rue)', 6, 'Adam', 'Anaëlle', '1991-07-20', 60, 'Clotilde.Renaud@example.com', 'toto', 2147483647, 71, 4, 1, 1, 1),
(544, 'Marchand', 'Tom', '1944-07-05', 'Aix-en-Provence', 87338, 'Garrats (Avenue des)', 0, 'Gauthier', 'Grégory', '1944-07-05', 60, 'Tom.Marchand@example.com', 'toto', 2147483647, 54, 2, 1, 1, 1),
(545, 'Paris', 'Charlotte', '1982-09-11', 'Brest', 38084, 'Garrigues (Rue des)', 9, 'Picard', 'Syrine', '1982-09-11', 60, 'Charlotte.Paris@example.com', 'toto', 2147483647, 69, 4, 1, 1, 1),
(546, 'Caron', 'Jules', '1928-09-17', 'Limoges', 39830, 'Gascogne (Rue de)', 4, 'Guillaume', 'Davy', '1928-09-17', 60, 'Jules.Caron@example.com', 'toto', 2147483647, 80, 2, 1, 1, 1),
(547, 'Perrin', 'Kylian', '1920-04-15', 'Tours', 22299, 'Gasquet', 2, 'Blanc', 'Adrien', '1920-04-15', 60, 'Kylian.Perrin@example.com', 'toto', 2147483647, 22, 4, 1, 1, 1),
(548, 'Humbert', 'Florentin', '1991-02-22', 'Amiens', 1793, 'Gaston Bachelard (Rue)', 0, 'Dupuy', 'Killian', '1991-02-22', 60, 'Florentin.Humbert@example.com', 'toto', 2147483647, 83, 4, 1, 1, 1),
(549, 'Millet', 'Léon', '1950-01-28', 'Metz', 84076, 'Gaston Baissette (Rue)', 8, 'Moulin', 'Zoé', '1950-01-28', 60, 'Léon.Millet@example.com', 'toto', 2147483647, 22, 3, 1, 1, 1),
(550, 'Guillot', 'Emma', '1942-09-30', 'Perpignan', 44637, 'Gaston Bonheur (Passage)', 6, 'Guyot', 'Élouan', '1942-09-30', 60, 'Emma.Guillot@example.com', 'toto', 2147483647, 42, 4, 1, 1, 1),
(551, 'Boulanger', 'Jules', '1989-06-19', 'Boulogne-Billancourt', 26800, 'Gaston Defferre (Rue)', 4, 'Vidal', 'Mohamed', '1989-06-19', 60, 'Jules.Boulanger@example.com', 'toto', 2147483647, 11, 3, 1, 1, 1),
(552, 'Guerin', 'Louis', '1928-05-23', 'Besançon', 32664, 'Gaston Leroux (Impasse)', 9, 'Picard', 'Laura', '1928-05-23', 60, 'Louis.Guerin@example.com', 'toto', 2147483647, 60, 3, 1, 1, 1),
(553, 'Gonzalez', 'Florian', '2001-04-16', 'Orléans', 52309, 'Gaucelin de la Garde (Rue', 3, 'Henry', 'Dimitri', '2001-04-16', 60, 'Florian.Gonzalez@example.com', 'toto', 2147483647, 44, 3, 1, 1, 1),
(554, 'Boulanger', 'Lucas', '1979-06-10', 'Rouen', 33730, 'Gay Lussac', 4, 'Lambert', 'Kilian', '1979-06-10', 60, 'Lucas.Boulanger@example.com', 'toto', 2147483647, 57, 3, 1, 1, 1),
(555, 'Schneider', 'Angelina', '1979-07-02', 'Mulhouse', 23498, 'Gelinottes (Rue des)', 6, 'Lemoine', 'Diego', '1979-07-02', 60, 'Angelina.Schneider@example.com', 'toto', 2147483647, 32, 4, 1, 1, 1),
(556, 'Vincent', 'Émilie', '1983-10-15', 'Caen', 62661, 'Gemeaux (Rue des)', 2, 'Lecomte', 'Julia', '1983-10-15', 60, 'Émilie.Vincent@example.com', 'toto', 2147483647, 35, 4, 1, 1, 1),
(557, 'Fontaine', 'Lina', '2000-06-19', 'Saint-Denis', 51748, 'General Bugeaud (Impasse)', 2, 'Boyer', 'Mathilde', '2000-06-19', 60, 'Lina.Fontaine@example.com', 'toto', 2147483647, 67, 3, 1, 1, 1),
(558, 'David', 'Rose', '1969-06-20', 'Nancy', 53626, 'General Campredon (Rue)', 3, 'Renaud', 'Salomé', '1969-06-20', 60, 'Rose.David@example.com', 'toto', 2147483647, 15, 2, 1, 1, 1),
(559, 'Girard', 'Marion', '1958-12-15', 'Argenteuil', 40302, 'General Chanzy (Rue)', 4, 'Vincent', 'Maïlé', '1958-12-15', 60, 'Marion.Girard@example.com', 'toto', 2147483647, 64, 4, 1, 1, 1),
(560, 'Dupuy', 'Adam', '1953-03-27', 'Saint-Paul', 72126, 'General Claparede (Rue)', 6, 'Garnier', 'Anaël', '1953-03-27', 60, 'Adam.Dupuy@example.com', 'toto', 2147483647, 1, 2, 1, 1, 1),
(561, 'Martin', 'Anaïs', '1969-11-12', 'Montreuil', 78388, 'General (Impasse du)', 7, 'Durand', 'Maryam', '1969-11-12', 60, 'Anaïs.Martin@example.com', 'toto', 2147483647, 74, 1, 1, 1, 1),
(562, 'Chevalier', 'Sara', '1938-08-27', 'Roubaix', 31721, 'General Lafon (Rue)', 8, 'Poulain', 'Ambre', '1938-08-27', 60, 'Sara.Chevalier@example.com', 'toto', 2147483647, 89, 4, 1, 1, 1),
(563, 'Klein', 'Baptiste', '1989-04-26', 'Tourcoing', 10882, 'General Mathieu Dumas (Ru', 6, 'Lemaire', 'Rémi', '1989-04-26', 60, 'Baptiste.Klein@example.com', 'toto', 2147483647, 58, 3, 1, 1, 1),
(564, 'Fournier', 'Paul', '1971-06-08', 'Dunkerque14', 34632, 'General Maureilhan (Rue)', 8, 'Legrand', 'Baptiste', '1971-06-08', 60, 'Paul.Fournier@example.com', 'toto', 2147483647, 1, 3, 1, 1, 1),
(565, 'Simon', 'Nina', '1902-03-24', 'Créteil', 44382, 'General Maurin (Rue)', 6, 'Petit', 'Aaron', '1902-03-24', 60, 'Nina.Simon@example.com', 'toto', 2147483647, 55, 3, 1, 1, 1),
(566, 'Berger', 'Kimberley', '1974-12-02', 'Avignon', 61944, 'General Rene (Rue)', 6, 'Menard', 'Maïwenn', '1974-12-02', 60, 'Kimberley.Berger@example.com', 'toto', 2147483647, 36, 4, 1, 1, 1),
(567, 'Dumont', 'Jade', '1926-09-12', 'Nanterre', 10531, 'General Riu (Rue)', 8, 'Lambert', 'Léo', '1926-09-12', 60, 'Jade.Dumont@example.com', 'toto', 2147483647, 23, 4, 1, 1, 1),
(568, 'Andre', 'Angelina', '1935-09-24', 'Courbevoie', 59138, 'General Vincent (Rue)', 1, 'Breton', 'Dorian', '1935-09-24', 60, 'Angelina.Andre@example.com', 'toto', 2147483647, 74, 4, 1, 1, 1),
(569, 'Giraud', 'Jade', '1962-02-06', 'Poitiers', 33673, 'Genes (Rue de)', 3, 'Fleury', 'Lou', '1962-02-06', 60, 'Jade.Giraud@example.com', 'toto', 2147483647, 54, 2, 1, 1, 1),
(570, 'Prevost', 'Rose', '1975-11-09', 'Fort-de-France', 78514, 'Genets (Rue des)', 3, 'Dupuis', 'Manon', '1975-11-09', 60, 'Rose.Prevost@example.com', 'toto', 2147483647, 45, 3, 1, 1, 1),
(571, 'Morin', 'Mélanie', '1975-09-03', 'Vitry-sur-Seine', 22941, 'Geode (Rue de la)', 5, 'Vidal', 'Anaïs', '1975-09-03', 60, 'Mélanie.Morin@example.com', 'toto', 2147483647, 84, 4, 1, 1, 1),
(572, 'Schmitt', 'Noë', '1936-11-29', 'Versailles', 50041, 'Georges Auric (Rue)', 8, 'Leclerc', 'Emma', '1936-11-29', 60, 'Noë.Schmitt@example.com', 'toto', 2147483647, 82, 3, 1, 1, 1),
(573, 'Baron', 'Florian', '1908-09-04', 'Colombes', 55337, 'Georges Braque (Rue)', 10, 'Chevalier', 'Alexia', '1908-09-04', 60, 'Florian.Baron@example.com', 'toto', 2147483647, 48, 1, 1, 1, 1),
(574, 'Masson', 'Gabriel', '1968-10-26', 'Asnières-sur-Seine', 18837, 'Georges Brassens (Rue)', 5, 'Dufour', 'Laura', '1968-10-26', 60, 'Gabriel.Masson@example.com', 'toto', 2147483647, 99, 2, 1, 1, 1),
(575, 'Pasquier', 'Romane', '1913-06-14', 'Aulnay-sous-Bois', 13363, 'Jean Jaures (Place)', 7, 'Clement', 'Léonard', '1913-06-14', 60, 'Romane.Pasquier@example.com', 'toto', 2147483647, 95, 1, 1, 1, 1),
(576, 'Jacquet', 'Zacharis', '1980-10-04', 'Saint-Pierre', 90622, 'Jean-louis Barrault (Rue)', 5, 'Morel', 'Nathan', '1980-10-04', 60, 'Zacharis.Jacquet@example.com', 'toto', 2147483647, 16, 1, 1, 1, 1),
(577, 'Meyer', 'Mathilde', '1967-06-22', 'Rueil-Malmaison', 31778, 'Jean Marie Tjibaou (Allée', 8, 'Bailly', 'Lutécia', '1967-06-22', 60, 'Mathilde.Meyer@example.com', 'toto', 2147483647, 47, 4, 1, 1, 1),
(578, 'Marty', 'Léane', '1922-04-13', 'Pau', 23339, 'Jean Mermoz (Avenue)', 3, 'Lopez', 'Edwige', '1922-04-13', 60, 'Léane.Marty@example.com', 'toto', 2147483647, 58, 3, 1, 1, 1),
(579, 'Berger', 'Killian', '2001-10-29', 'Champigny-sur-Marne', 84961, 'Jean Miquel (Allée)', 1, 'Maillard', 'Rose', '2001-10-29', 60, 'Killian.Berger@example.com', 'toto', 2147483647, 31, 2, 1, 1, 1),
(580, 'Guillaume', 'Maxence', '1928-06-05', 'Aubervilliers', 76384, 'Jean Mirailhet (Rue)', 10, 'Pasquier', 'Mélanie', '1928-06-05', 60, 'Maxence.Guillaume@example.com', 'toto', 2147483647, 6, 1, 1, 1, 1),
(581, 'Lambert', 'Léa', '1930-04-17', 'Antibes', 52696, 'Jean Monnet', 5, 'Humbert', 'Grégory', '1930-04-17', 60, 'Léa.Lambert@example.com', 'toto', 2147483647, 18, 3, 1, 1, 1),
(582, 'Baron', 'Tom', '1913-12-23', 'Le Tampon', 78180, 'Jean Monnet (Square)', 7, 'Riviere', 'Enzo', '1913-12-23', 60, 'Tom.Baron@example.com', 'toto', 2147483647, 48, 1, 1, 1, 1),
(583, 'Faure', 'Fanny', '2000-04-04', 'La Rochelle', 24609, 'Jeanne Barret (Allée)', 4, 'Faure', 'Émile', '2000-04-04', 60, 'Fanny.Faure@example.com', 'toto', 2147483647, 20, 3, 1, 1, 1),
(584, 'Gautier', 'Valentine', '1908-09-30', 'Saint-Maur-des-Fossés', 40031, 'Jeanne d Arc (Rue)', 2, 'Robert', 'Océane', '1908-09-30', 60, 'Valentine.Gautier@example.com', 'toto', 2147483647, 30, 4, 1, 1, 1),
(585, 'Gaillard', 'Lauriane', '1983-12-03', 'Calais', 99843, 'Jeanne de Charrin (Rue)', 2, 'Martinez', 'Erwan', '1983-12-03', 60, 'Lauriane.Gaillard@example.com', 'toto', 2147483647, 55, 4, 1, 1, 1),
(586, 'Fernandez', 'Noë', '1969-09-13', 'Cannes', 98203, 'Jeanne Demessieux (Rue)', 6, 'Henry', 'Capucine', '1969-09-13', 60, 'Noë.Fernandez@example.com', 'toto', 2147483647, 68, 3, 1, 1, 1),
(587, 'Renaud', 'Lilian', '1986-11-11', 'Béziers', 7981, 'Jeanne Dieulafoy (Impasse', 6, 'Pierre', 'Martin', '1986-11-11', 60, 'Lilian.Renaud@example.com', 'toto', 2147483647, 34, 2, 1, 1, 1),
(588, 'Dumas', 'Edwige', '2013-12-13', 'Colmar', 40122, 'Jeanne Dieulafoy (Rue)', 9, 'Mallet', 'Colin', '2013-12-13', 60, 'Edwige.Dumas@example.com', 'toto', 2147483647, 65, 1, 1, 1, 1),
(589, 'Menard', 'Laura', '1952-06-24', 'Saint-Nazaire', 37970, 'Jeanne Galzy (Impasse)', 3, 'Gonzalez', 'Théo', '1952-06-24', 60, 'Laura.Menard@example.com', 'toto', 2147483647, 92, 4, 1, 1, 1),
(590, 'Remy', 'Mattéo', '1965-12-31', 'Ajaccio', 53557, 'Jeanne Garnerin (Rue)', 9, 'Paul', 'Constant', '1965-12-31', 60, 'Mattéo.Remy@example.com', 'toto', 2147483647, 65, 1, 1, 1, 1),
(591, 'Renaud', 'Clément', '1936-08-21', 'Drancy', 58105, 'Jeanne Hachette (Impasse)', 9, 'Roy', 'Dorian', '1936-08-21', 60, 'Clément.Renaud@example.com', 'toto', 2147483647, 89, 4, 1, 1, 1),
(592, 'Marie', 'Davy', '1961-11-05', 'Bourges', 61835, 'Jean Paul Sartre (Rue)', 8, 'Collet', 'Mehdi', '1961-11-05', 60, 'Davy.Marie@example.com', 'toto', 2147483647, 51, 3, 1, 1, 1),
(593, 'Humbert', 'Bastien', '1924-08-08', 'Mérignac', 1331, 'Jean Peridier (Quai)', 5, 'Marechal', 'Élisa', '1924-08-08', 60, 'Bastien.Humbert@example.com', 'toto', 2147483647, 85, 3, 1, 1, 1),
(594, 'Marchal', 'Gabriel', '1981-11-01', 'Issy-les-Moulineaux', 5029, 'Jean-philippe Rameau (Rue', 5, 'Carre', 'Capucine', '1981-11-01', 60, 'Gabriel.Marchal@example.com', 'toto', 2147483647, 27, 4, 1, 1, 1),
(595, 'Roy', 'Kilian', '1916-05-19', 'Levallois-Perret', 78657, 'Jean Piaget (Allée)', 1, 'Gonzalez', 'Anaël', '1916-05-19', 60, 'Kilian.Roy@example.com', 'toto', 2147483647, 83, 1, 1, 1, 1),
(596, 'Gomez', 'Maïwenn', '1930-08-13', 'Quimper', 74211, 'Jean Raimond de Comminges', 2, 'Leclerc', 'Marine', '1930-08-13', 60, 'Maïwenn.Gomez@example.com', 'toto', 2147483647, 51, 4, 1, 1, 1),
(597, 'Mercier', 'Lena', '2002-02-11', 'Valence', 72576, 'Jean Rostand (Allée)', 2, 'Gillet', 'Davy', '2002-02-11', 60, 'Lena.Mercier@example.com', 'toto', 2147483647, 60, 3, 1, 1, 1),
(598, 'Daniel', 'Lutécia', '1904-10-31', 'Noisy-le-Grand', 12667, 'Jean (Rue)', 4, 'Adam', 'Robin', '1904-10-31', 60, 'Lutécia.Daniel@example.com', 'toto', 2147483647, 7, 2, 1, 1, 1),
(599, 'Vincent', 'Ambre', '1981-08-29', 'Villeneuve-dAscq', 52058, 'Jean Segondy (Rue)', 4, 'Humbert', 'Jules', '1981-08-29', 60, 'Ambre.Vincent@example.com', 'toto', 2147483647, 41, 4, 1, 1, 1),
(600, 'Aubry', 'Jade', '1955-01-13', 'La Seyne-sur-Mer', 24107, 'Jean Thuile (Rue)', 9, 'Marty', 'Benjamin', '1955-01-13', 60, 'Jade.Aubry@example.com', 'toto', 2147483647, 69, 4, 1, 1, 1),
(601, 'Fernandez', 'Catherine', '1975-07-23', 'Antony', 56715, 'Jean Vachet (Rue)', 9, 'Brun', 'Yohan', '1975-07-23', 60, 'Catherine.Fernandez@example.com', 'toto', 2147483647, 38, 2, 1, 1, 1),
(602, 'Schneider', 'Nolan', '1907-01-21', 'Neuilly-sur-Seine', 36896, 'Jehan Rictus (Allée)', 1, 'Fleury', 'Tatiana', '1907-01-21', 60, 'Nolan.Schneider@example.com', 'toto', 2147483647, 72, 3, 1, 1, 1),
(603, 'Martinez', 'Mathieu', '1981-07-24', 'Vénissieux', 14562, 'Jerusalem (Allée de)', 10, 'Francois', 'Françoise', '1981-07-24', 60, 'Mathieu.Martinez@example.com', 'toto', 2147483647, 86, 3, 1, 1, 1),
(604, 'Bonnet', 'Jordan', '2001-09-30', 'Troyes', 67034, 'Jeu de Ballon (Impasse du', 3, 'Thomas', 'Benjamin', '2001-09-30', 60, 'Jordan.Bonnet@example.com', 'toto', 2147483647, 38, 2, 1, 1, 1),
(605, 'Michel', 'Carla', '1940-02-06', 'Clichy', 58781, 'Jeu de Ballon (Rue du)', 2, 'Fabre', 'Adrian', '1940-02-06', 60, 'Carla.Michel@example.com', 'toto', 2147483647, 83, 3, 1, 1, 1),
(606, 'Brun', 'Luna', '1942-03-26', 'Les Abymes', 9961, 'Jeu de Boules (Rue du)', 2, 'Renaud', 'Anaëlle', '1942-03-26', 60, 'Luna.Brun@example.com', 'toto', 2147483647, 9, 1, 1, 1, 1),
(607, 'Gay', 'Rémi', '1928-06-13', 'Pessac', 54741, 'Jeu de l Arc (Rue du)', 3, 'Jean', 'Grégory', '1928-06-13', 60, 'Rémi.Gay@example.com', 'toto', 2147483647, 84, 4, 1, 1, 1),
(608, 'Simon', 'Jordan', '2010-01-20', 'Chambéry', 33750, 'Jeu de Mail des Abbes (Ru', 2, 'Leclercq', 'Syrine', '2010-01-20', 60, 'Jordan.Simon@example.com', 'toto', 2147483647, 6, 2, 1, 1, 1),
(609, 'Lacroix', 'Léane', '2000-03-29', 'Sarcelles', 80134, 'Jeu de Paume (Boulevard d', 10, 'Lefevre', 'Davy', '2000-03-29', 60, 'Léane.Lacroix@example.com', 'toto', 2147483647, 96, 2, 1, 1, 1),
(610, 'Perrot', 'Margot', '1960-04-21', 'Cergy', 60500, 'Jeune Parque (Rue de la)', 5, 'Aubry', 'Adrien', '1960-04-21', 60, 'Margot.Perrot@example.com', 'toto', 2147483647, 45, 3, 1, 1, 1),
(611, 'Sanchez', 'Amélie', '2012-03-22', 'Ivry-sur-Seine', 88205, 'Joachim Colbert (Rue)', 3, 'Gerard', 'Killian', '2012-03-22', 60, 'Amélie.Sanchez@example.com', 'toto', 2147483647, 14, 4, 1, 1, 1),
(612, 'Dupuy', 'Florentin', '1998-01-07', 'Niort', 72344, 'Joachim du Bellay (Rue)', 0, 'Philippe', 'Zoé', '1998-01-07', 60, 'Florentin.Dupuy@example.com', 'toto', 2147483647, 77, 4, 1, 1, 1),
(613, 'Albert', 'Maïlé', '2012-11-05', 'Lorient', 87862, 'Joe Dassin (Rue)', 1, 'Dupont', 'Élouan', '2012-11-05', 60, 'Maïlé.Albert@example.com', 'toto', 2147483647, 13, 4, 1, 1, 1),
(614, 'Deschamps', 'Florian', '2001-01-21', 'Cayenne', 47529, 'Joffre (Rue)', 5, 'Garcia', 'Mohamed', '2001-01-21', 60, 'Florian.Deschamps@example.com', 'toto', 2147483647, 60, 4, 1, 1, 1),
(615, 'Garcia', 'Lutécia', '1939-04-25', 'Montauban', 27434, 'Johannes Kepler (Impasse)', 4, 'Roux', 'Laura', '1939-04-25', 60, 'Lutécia.Garcia@example.com', 'toto', 2147483647, 79, 2, 1, 1, 1),
(616, 'Herve', 'Romane', '1977-10-09', 'Saint-Quentin', 12046, 'John Napier (Allée)', 7, 'Lebrun', 'Dimitri', '1977-10-09', 60, 'Romane.Herve@example.com', 'toto', 2147483647, 88, 2, 1, 1, 1),
(617, 'Poulain', 'Corentin', '1910-04-18', 'Villejuif', 35505, 'Joinville (Impasse)', 4, 'Huet', 'Kilian', '1910-04-18', 60, 'Corentin.Poulain@example.com', 'toto', 2147483647, 43, 4, 1, 1, 1),
(618, 'Meyer', 'Nicolas', '1957-01-30', 'Saint-André', 66002, 'Joliot Curie (Avenue)', 7, 'Girard', 'Diego', '1957-01-30', 60, 'Nicolas.Meyer@example.com', 'toto', 2147483647, 46, 2, 1, 1, 1),
(619, 'Dupuy', 'Adrien', '1920-06-08', 'Épinay-sur-Seine', 83981, 'Joncs (Impasse des)', 6, 'Aubert', 'Anthony', '1920-06-08', 60, 'Adrien.Dupuy@example.com', 'toto', 2147483647, 52, 4, 1, 1, 1),
(620, 'Charpentier', 'Colin', '1958-01-04', 'Hyères', 91548, 'Jonquet (Impasse)', 9, 'Richard', 'Victor', '1958-01-04', 60, 'Colin.Charpentier@example.com', 'toto', 2147483647, 74, 1, 1, 1, 1),
(621, 'Renard', 'Maëlle', '1937-08-11', 'Cholet', 77098, 'Jonquilles (Rue des)', 8, 'Gomez', 'Inès', '1937-08-11', 60, 'Maëlle.Renard@example.com', 'toto', 2147483647, 14, 1, 1, 1, 1),
(622, 'Hubert', 'Yohan', '1959-08-28', 'Beauvais', 84634, 'Jose de Ribera (Rue)', 8, 'Leroy', 'Robin', '1959-08-28', 60, 'Yohan.Hubert@example.com', 'toto', 2147483647, 83, 2, 1, 1, 1),
(623, 'Baron', 'Salomé', '1988-02-23', 'Pantin', 51319, 'Jose Maria de Heredia (Ru', 10, 'Petit', 'Syrine', '1988-02-23', 60, 'Salomé.Baron@example.com', 'toto', 2147483647, 66, 2, 1, 1, 1),
(624, 'Pereira', 'Antonin', '1922-02-10', 'Maisons-Alfort', 37731, 'Joseph Cugnot (Rue)', 1, 'Dupuis', 'Romain', '1922-02-10', 60, 'Antonin.Pereira@example.com', 'toto', 2147483647, 70, 1, 1, 1, 1),
(625, 'Meunier', 'Kevin', '1961-08-25', 'Bondy', 20744, 'Joseph Delteil (Rue)', 9, 'Renard', 'Françoise', '1961-08-25', 60, 'Kevin.Meunier@example.com', 'toto', 2147483647, 34, 4, 1, 1, 1),
(626, 'Fleury', 'Luna', '1982-05-27', 'Chelles', 29562, 'Joseph Fulcrand (Impasse)', 10, 'Guyot', 'Adrian', '1982-05-27', 60, 'Luna.Fleury@example.com', 'toto', 2147483647, 52, 4, 1, 1, 1),
(627, 'Marie', 'Roméo', '1971-08-01', 'Vannes', 52822, 'Joseph Guerre (Rue)', 1, 'Bernard', 'Inès', '1971-08-01', 60, 'Roméo.Marie@example.com', 'toto', 2147483647, 95, 4, 1, 1, 1),
(628, 'Gay', 'Julien', '1906-07-30', 'La Roche-sur-Yon', 39312, 'Josephine Baker (Rue)', 2, 'Guillaume', 'Louis', '1906-07-30', 60, 'Julien.Gay@example.com', 'toto', 2147483647, 1, 3, 1, 1, 1),
(629, 'Joly', 'Théo', '1977-10-17', 'Clamart', 70560, 'Joseph Kessel (Rue)', 9, 'Menard', 'Noë', '1977-10-17', 60, 'Théo.Joly@example.com', 'toto', 2147483647, 29, 3, 1, 1, 1),
(630, 'Schneider', 'Alexis', '1964-03-24', 'Fontenay-sous-Bois', 19762, 'Joseph Roumanille (Rue)', 9, 'Millet', 'Romane', '1964-03-24', 60, 'Alexis.Schneider@example.com', 'toto', 2147483647, 34, 1, 1, 1, 1),
(631, 'Jean', 'Élise', '1905-10-21', 'Saint-Louis', 56191, 'Joseph Sebastien Pons (Ru', 10, 'Pasquier', 'Simon', '1905-10-21', 60, 'Élise.Jean@example.com', 'toto', 2147483647, 42, 2, 1, 1, 1),
(632, 'Marechal', 'Théo', '1957-06-18', 'Arles', 30698, 'Joseph Vianey (Rue)', 7, 'Henry', 'Léane', '1957-06-18', 60, 'Théo.Marechal@example.com', 'toto', 2147483647, 69, 4, 1, 1, 1),
(633, 'Berger', 'Salomé', '1987-11-28', 'Fréjus', 93060, 'Joseph Vidal (Impasse)', 6, 'Etienne', 'Katell', '1987-11-28', 60, 'Salomé.Berger@example.com', 'toto', 2147483647, 85, 4, 1, 1, 1),
(634, 'Arnaud', 'Guillemette', '1961-09-15', 'Meaux', 25013, 'Joseph Vidal (Rue)', 2, 'Adam', 'Robin', '1961-09-15', 60, 'Guillemette.Arnaud@example.com', 'toto', 2147483647, 90, 1, 1, 1, 1),
(635, 'Thomas', 'Mathis', '1962-04-28', 'Évry', 98555, 'Joubert (Rue)', 10, 'Prevost', 'Lucie', '1962-04-28', 60, 'Mathis.Thomas@example.com', 'toto', 2147483647, 15, 3, 1, 1, 1),
(636, 'Roger', 'Bruno', '1976-06-28', 'Le Blanc-Mesnil', 96868, 'Jougtiers (Impasse des)', 7, 'Martin', 'Aaron', '1976-06-28', 60, 'Bruno.Roger@example.com', 'toto', 2147483647, 82, 1, 1, 1, 1),
(637, 'Evrard', 'Ethan', '1967-06-07', 'Grasse', 37579, 'Jp Barillet Deschamps (Ru', 7, 'Schmitt', 'Catherine', '1967-06-07', 60, 'Ethan.Evrard@example.com', 'toto', 2147483647, 4, 2, 1, 1, 1),
(638, 'Arnaud', 'Noah', '2006-08-09', 'Narbonne', 92720, 'Jugan (Rue)', 2, 'Lopez', 'Lucas', '2006-08-09', 60, 'Noah.Arnaud@example.com', 'toto', 2147483647, 50, 1, 1, 1, 1),
(639, 'Dumas', 'Guillemette', '1985-03-13', 'Sartrouville', 12693, 'Jugurtha (Rue)', 3, 'Menard', 'Chloé', '1985-03-13', 60, 'Guillemette.Dumas@example.com', 'toto', 2147483647, 78, 3, 1, 1, 1),
(640, 'Thomas', 'Jules', '1957-12-18', 'Annecy', 72561, 'Jules Ferry (Rue)', 1, 'Perrot', 'Katell', '1957-12-18', 60, 'Jules.Thomas@example.com', 'toto', 2147483647, 15, 3, 1, 1, 1),
(641, 'Renaud', 'Lamia', '1995-01-11', 'Laval', 15795, 'Jules Grevy (Rue)', 2, 'Nguyen', 'Alexandre', '1995-01-11', 60, 'Lamia.Renaud@example.com', 'toto', 2147483647, 7, 3, 1, 1, 1),
(642, 'Marchand', 'Louna', '1925-08-16', 'Belfort', 76535, 'Jules Guesde (Impasse)', 4, 'Adam', 'Jérémy', '1925-08-16', 60, 'Louna.Marchand@example.com', 'toto', 2147483647, 12, 2, 1, 1, 1),
(643, 'Paris', 'Clotilde', '1909-07-22', 'Sevran', 36270, 'Jules Guesde (Rue)', 10, 'Gauthier', 'Zoé', '1909-07-22', 60, 'Clotilde.Paris@example.com', 'toto', 2147483647, 23, 4, 1, 1, 1),
(644, 'Caron', 'Tom', '1904-10-04', 'Charleville-Mézières', 38786, 'Jules Hardouin (Cour)', 3, 'Picard', 'Gilbert', '1904-10-04', 60, 'Tom.Caron@example.com', 'toto', 2147483647, 48, 1, 1, 1, 1),
(645, 'Perrin', 'Charlotte', '1924-03-23', 'Évreux', 82451, 'Jules Isaac (Rue)', 7, 'Guillaume', 'Catherine', '1924-03-23', 60, 'Charlotte.Perrin@example.com', 'toto', 2147483647, 86, 1, 1, 1, 1),
(646, 'Humbert', 'Jules', '1998-05-19', 'Albi', 80473, 'Jules Latreilhe (Rue)', 10, 'Blanc', 'Malo', '1998-05-19', 60, 'Jules.Humbert@example.com', 'toto', 2147483647, 93, 1, 1, 1, 1),
(647, 'Millet', 'Kylian', '1970-03-29', 'Montrouge', 12104, 'Jules Massenet (Impasse)', 8, 'Dupuy', 'Corentin', '1970-03-29', 60, 'Kylian.Millet@example.com', 'toto', 2147483647, 3, 1, 1, 1, 1),
(648, 'Guillot', 'Florentin', '1931-06-20', 'Vincennes', 94572, 'Jules Mazarin (Rue)', 10, 'Moulin', 'Léonie', '1931-06-20', 60, 'Florentin.Guillot@example.com', 'toto', 2147483647, 1, 1, 1, 1, 1),
(649, 'Boulanger', 'Léon', '1991-10-20', 'Brive-la-Gaillarde', 31475, 'Jules Milhau (Allée)', 2, 'Guyot', 'Tatiana', '1991-10-20', 60, 'Léon.Boulanger@example.com', 'toto', 2147483647, 72, 4, 1, 1, 1),
(650, 'Guerin', 'Emma', '1967-02-26', 'Saint-Ouen', 70250, 'Jules Valles (Place)', 3, 'Vidal', 'Lilou', '1967-02-26', 60, 'Emma.Guerin@example.com', 'toto', 2147483647, 3, 3, 1, 1, 1),
(651, 'Gonzalez', 'Jules', '1930-06-20', 'Martigues', 84191, 'Julien Carette (Rue)', 2, 'Picard', 'Rose', '1930-06-20', 60, 'Jules.Gonzalez@example.com', 'toto', 2147483647, 64, 2, 1, 1, 1),
(652, 'Boulanger', 'Louis', '1917-08-08', 'Carcassonne', 48770, 'Julien (Mas de)', 2, 'Henry', 'Sarah', '1917-08-08', 60, 'Louis.Boulanger@example.com', 'toto', 2147483647, 20, 1, 1, 1, 1),
(653, 'Schneider', 'Florian', '1999-06-30', 'Bobigny', 28234, 'Juliette Drouet (Allée)', 2, 'Lambert', 'Lola', '1999-06-30', 60, 'Florian.Schneider@example.com', 'toto', 2147483647, 11, 1, 1, 1, 1),
(654, 'Vincent', 'Lucas', '2000-05-14', 'Suresnes', 17134, 'Jullian (Allée)', 3, 'Lemoine', 'Katell', '2000-05-14', 60, 'Lucas.Vincent@example.com', 'toto', 2147483647, 11, 2, 1, 1, 1),
(655, 'Fontaine', 'Angelina', '1929-01-19', 'Cagnes-sur-Mer', 2356, 'La Cavalade', 0, 'Lecomte', 'Julia', '1929-01-19', 60, 'Angelina.Fontaine@example.com', 'toto', 2147483647, 72, 3, 1, 1, 1),
(656, 'David', 'Émilie', '1901-01-08', 'Blois', 1890, 'Lacaze Duthiers (Rue)', 4, 'Boyer', 'Mathilde', '1901-01-08', 60, 'Émilie.David@example.com', 'toto', 2147483647, 92, 4, 1, 1, 1),
(657, 'Girard', 'Lina', '1915-01-13', 'Saint-Brieuc', 17950, 'La Combe des Ormeaux', 0, 'Renaud', 'Salomé', '1915-01-13', 60, 'Lina.Girard@example.com', 'toto', 2147483647, 39, 4, 1, 1, 1),
(658, 'Dupuy', 'Rose', '2009-10-27', 'Aubagne', 15132, 'Lacombe (Rue)', 6, 'Vincent', 'Maïlé', '2009-10-27', 60, 'Rose.Dupuy@example.com', 'toto', 2147483647, 79, 2, 1, 1, 1),
(659, 'Martin', 'Marion', '1975-03-22', 'Châteauroux', 23120, 'La Condamine', 0, 'Garnier', 'Anaël', '1975-03-22', 60, 'Marion.Martin@example.com', 'toto', 2147483647, 3, 3, 1, 1, 1),
(660, 'Chevalier', 'Adam', '1909-01-21', 'Saint-Malo', 98338, 'Laetitia (Rue)', 2, 'Durand', 'Maryam', '1909-01-21', 60, 'Adam.Chevalier@example.com', 'toto', 2147483647, 58, 2, 1, 1, 1),
(661, 'Klein', 'Anaïs', '2011-01-03', 'Châlons-en-Champagne', 21579, 'La Fagette (Impasse)', 5, 'Poulain', 'Ambre', '2011-01-03', 60, 'Anaïs.Klein@example.com', 'toto', 2147483647, 100, 4, 1, 1, 1),
(662, 'Fournier', 'Sara', '1977-04-01', 'Meudon', 30802, 'Lafeuillade (Rue)', 4, 'Lemaire', 'Rémi', '1977-04-01', 60, 'Sara.Fournier@example.com', 'toto', 2147483647, 65, 2, 1, 1, 1),
(663, 'Simon', 'Baptiste', '1904-04-30', 'Chalon-sur-Saône', 70532, 'Laffite (Quai)', 2, 'Legrand', 'Baptiste', '1904-04-30', 60, 'Baptiste.Simon@example.com', 'toto', 2147483647, 71, 2, 1, 1, 1),
(664, 'Berger', 'Paul', '1930-09-20', 'Puteaux', 89628, 'Laffite (Rue)', 10, 'Petit', 'Aaron', '1930-09-20', 60, 'Paul.Berger@example.com', 'toto', 2147483647, 72, 3, 1, 1, 1),
(665, 'Dumont', 'Nina', '1923-05-14', 'Alfortville', 55422, 'La Fontaine du Roi', 7, 'Menard', 'Maïwenn', '1923-05-14', 60, 'Nina.Dumont@example.com', 'toto', 2147483647, 70, 3, 1, 1, 1),
(666, 'Andre', 'Kimberley', '1938-02-24', 'Bayonne', 99945, 'La Greffe (Résidence)', 10, 'Lambert', 'Léo', '1938-02-24', 60, 'Kimberley.Andre@example.com', 'toto', 2147483647, 56, 1, 1, 1, 1),
(667, 'Giraud', 'Jade', '1929-01-15', 'Corbeil-Essonnes', 76935, 'L Agri (Résidence)', 6, 'Breton', 'Dorian', '1929-01-15', 60, 'Jade.Giraud@example.com', 'toto', 2147483647, 7, 4, 1, 1, 1),
(668, 'Prevost', 'Angelina', '2001-06-02', 'Valenciennes', 81953, 'La Grotte des Demoiselles', 6, 'Fleury', 'Lou', '2001-06-02', 60, 'Angelina.Prevost@example.com', 'toto', 2147483647, 19, 1, 1, 1, 1),
(669, 'Morin', 'Jade', '1903-06-30', 'Sète', 92700, 'Lakanal (Rue)', 6, 'Dupuis', 'Manon', '1903-06-30', 60, 'Jade.Morin@example.com', 'toto', 2147483647, 81, 4, 1, 1, 1),
(670, 'Schmitt', 'Rose', '2005-09-30', 'Saint-Herblain', 72670, 'Lallemand (Rue)', 8, 'Vidal', 'Anaïs', '2005-09-30', 60, 'Rose.Schmitt@example.com', 'toto', 2147483647, 55, 1, 1, 1, 1),
(671, 'Baron', 'Mélanie', '1957-03-27', 'Massy', 43440, 'Lamartine (Rue)', 7, 'Leclerc', 'Emma', '1957-03-27', 60, 'Mélanie.Baron@example.com', 'toto', 2147483647, 62, 3, 1, 1, 1),
(672, 'Masson', 'Noë', '1988-06-16', 'Istres', 18262, 'Lamennais (Plan)', 3, 'Chevalier', 'Alexia', '1988-06-16', 60, 'Noë.Masson@example.com', 'toto', 2147483647, 42, 1, 1, 1, 1),
(673, 'Pasquier', 'Florian', '1947-01-13', 'Bastia', 2923, 'La Mogere', 7, 'Dufour', 'Laura', '1947-01-13', 60, 'Florian.Pasquier@example.com', 'toto', 2147483647, 25, 4, 1, 1, 1),
(674, 'Jacquet', 'Gabriel', '1959-09-06', 'Tarbes', 2859, 'Lancelot Brown (Rue)', 5, 'Clement', 'Léonard', '1959-09-06', 60, 'Gabriel.Jacquet@example.com', 'toto', 2147483647, 34, 2, 1, 1, 1),
(675, 'Deschamps', 'Romane', '1982-12-18', 'Salon-de-Provence', 10903, 'Languedoc (Rue du)', 6, 'Morel', 'Nathan', '1982-12-18', 60, 'Romane.Deschamps@example.com', 'toto', 2147483647, 17, 3, 1, 1, 1),
(676, 'Garcia', 'Zacharis', '1927-03-28', 'Le Cannet', 60067, 'Lantissargues (Rue du)', 2, 'Bailly', 'Lutécia', '1927-03-28', 60, 'Zacharis.Garcia@example.com', 'toto', 2147483647, 1, 4, 1, 1, 1),
(677, 'Herve', 'Mathilde', '2012-11-12', 'Mantes-la-Jolie', 93554, 'La Paillade', 1, 'Lopez', 'Edwige', '2012-11-12', 60, 'Mathilde.Herve@example.com', 'toto', 2147483647, 94, 4, 1, 1, 1),
(678, 'Poulain', 'Léane', '1932-04-28', 'Vaulx-en-Velin', 50000, 'La Perdigayere', 7, 'Maillard', 'Rose', '1932-04-28', 60, 'Léane.Poulain@example.com', 'toto', 2147483647, 35, 1, 1, 1, 1),
(679, 'Meyer', 'Killian', '1936-08-28', 'Boulogne-sur-Mer', 70673, 'La Petite Garrigue', 7, 'Pasquier', 'Mélanie', '1936-08-28', 60, 'Killian.Meyer@example.com', 'toto', 2147483647, 69, 1, 1, 1, 1),
(680, 'Dupuy', 'Maxence', '1905-05-27', 'Saint-Priest', 40997, 'Lapeyronie (Rue)', 1, 'Humbert', 'Grégory', '1905-05-27', 60, 'Maxence.Dupuy@example.com', 'toto', 2147483647, 53, 2, 1, 1, 1),
(681, 'Charpentier', 'Léa', '2003-12-06', 'Castres', 68917, 'La Rauze', 0, 'Riviere', 'Enzo', '2003-12-06', 60, 'Léa.Charpentier@example.com', 'toto', 2147483647, 67, 2, 1, 1, 1),
(682, 'Renard', 'Tom', '2010-02-06', 'Livry-Gargan', 20456, 'La Rouairole', 2, 'Faure', 'Émile', '2010-02-06', 60, 'Tom.Renard@example.com', 'toto', 2147483647, 21, 3, 1, 1, 1),
(683, 'Hubert', 'Fanny', '1997-06-20', 'Gennevilliers', 38284, 'L Arriere', 10, 'Robert', 'Océane', '1997-06-20', 60, 'Fanny.Hubert@example.com', 'toto', 2147483647, 99, 1, 1, 1, 1),
(684, 'Baron', 'Valentine', '1926-04-10', 'Douai', 18257, 'Larzac (Allée du)', 7, 'Martinez', 'Erwan', '1926-04-10', 60, 'Valentine.Baron@example.com', 'toto', 2147483647, 52, 2, 1, 1, 1),
(685, 'Pereira', 'Lauriane', '1952-10-21', 'Angoulême', 52657, 'Lascaux (Place de)', 5, 'Henry', 'Capucine', '1952-10-21', 60, 'Lauriane.Pereira@example.com', 'toto', 2147483647, 91, 4, 1, 1, 1),
(686, 'Meunier', 'Noë', '1998-10-27', 'Wattrelos', 15129, 'Las Sorbes (Impasse de)', 2, 'Pierre', 'Martin', '1998-10-27', 60, 'Noë.Meunier@example.com', 'toto', 2147483647, 59, 3, 1, 1, 1),
(687, 'Fleury', 'Lilian', '1945-07-25', 'Caluire-et-Cuire', 6701, 'Las Sorbes (Rue de)', 6, 'Mallet', 'Colin', '1945-07-25', 60, 'Lilian.Fleury@example.com', 'toto', 2147483647, 42, 3, 1, 1, 1),
(688, 'Marie', 'Edwige', '1983-08-02', 'Choisy-le-Roi', 78873, 'Las Toulouses', 7, 'Gonzalez', 'Théo', '1983-08-02', 60, 'Edwige.Marie@example.com', 'toto', 2147483647, 43, 3, 1, 1, 1),
(689, 'Gay', 'Laura', '1919-09-16', 'Arras', 60075, 'Latium (Rue du)', 1, 'Paul', 'Constant', '1919-09-16', 60, 'Laura.Gay@example.com', 'toto', 2147483647, 68, 3, 1, 1, 1),
(690, 'Joly', 'Mattéo', '1994-05-21', 'Rosny-sous-Bois', 89276, 'Lauragais (Avenue du)', 7, 'Roy', 'Dorian', '1994-05-21', 60, 'Mattéo.Joly@example.com', 'toto', 2147483647, 100, 3, 1, 1, 1),
(691, 'Schneider', 'Clément', '1906-05-01', 'Thionville', 55811, 'Laurens (Quai)', 2, 'Collet', 'Mehdi', '1906-05-01', 60, 'Clément.Schneider@example.com', 'toto', 2147483647, 11, 4, 1, 1, 1),
(692, 'Jean', 'Davy', '1962-10-19', 'Alès', 94300, 'Laurent Chabry (Rue)', 2, 'Marechal', 'Élisa', '1962-10-19', 60, 'Davy.Jean@example.com', 'toto', 2147483647, 35, 2, 1, 1, 1),
(693, 'Marechal', 'Bastien', '1908-04-20', 'Talence', 77629, 'Laurent Mourguet (Rue)', 5, 'Carre', 'Capucine', '1908-04-20', 60, 'Bastien.Marechal@example.com', 'toto', 2147483647, 92, 3, 1, 1, 1),
(694, 'Berger', 'Gabriel', '1948-05-14', 'Gap', 64588, 'Lauriers Roses (Rue des)', 10, 'Gonzalez', 'Anaël', '1948-05-14', 60, 'Gabriel.Berger@example.com', 'toto', 2147483647, 32, 1, 1, 1, 1),
(695, 'Arnaud', 'Kilian', '1956-07-09', 'Saint-Germain-en-Laye', 74085, 'Lavalette', 3, 'Leclerc', 'Marine', '1956-07-09', 60, 'Kilian.Arnaud@example.com', 'toto', 2147483647, 89, 2, 1, 1, 1),
(696, 'Thomas', 'Maïwenn', '1985-07-12', 'Saint-Laurent-du-Maroni', 28147, 'Lavande (Rue de la)', 2, 'Gillet', 'Davy', '1985-07-12', 60, 'Maïwenn.Thomas@example.com', 'toto', 2147483647, 22, 1, 1, 1, 1),
(697, 'Roger', 'Lena', '1922-01-11', 'Noisy-le-Sec', 28725, 'Lavandieres (Sente des)', 9, 'Adam', 'Robin', '1922-01-11', 60, 'Lena.Roger@example.com', 'toto', 2147483647, 48, 3, 1, 1, 1),
(698, 'Evrard', 'Lutécia', '1969-10-05', 'Bourg-en-Bresse', 50766, 'Lavandin (Rue du)', 0, 'Humbert', 'Jules', '1969-10-05', 60, 'Lutécia.Evrard@example.com', 'toto', 2147483647, 87, 3, 1, 1, 1),
(699, 'Arnaud', 'Ambre', '1976-12-03', 'Garges-lès-Gonesse', 76528, 'Laverune (Route de)', 8, 'Fleury', 'Benjamin', '1976-12-03', 60, 'Ambre.Arnaud@example.com', 'toto', 2147483647, 100, 1, 1, 1, 1),
(700, 'Dumas', 'Jade', '1900-04-05', 'Marcq-en-Barœul', 65702, 'Lavoisier (Rue)', 6, 'Francois', 'Yohan', '1900-04-05', 60, 'Jade.Dumas@example.com', 'toto', 2147483647, 87, 4, 1, 1, 1),
(701, 'Thomas', 'Catherine', '1928-05-25', 'Compiègne', 73521, 'Le Bas de Gramont', 9, 'Thomas', 'Tatiana', '1928-05-25', 60, 'Catherine.Thomas@example.com', 'toto', 2147483647, 19, 1, 1, 1, 1),
(702, 'Renaud', 'Nolan', '1957-10-29', 'Melun', 75376, 'Leboux (Impasse)', 0, 'Fabre', 'Françoise', '1957-10-29', 60, 'Nolan.Renaud@example.com', 'toto', 2147483647, 25, 1, 1, 1, 1),
(703, 'Marchand', 'Mathieu', '1966-03-22', 'Le Lamentin', 37454, 'Le Caravage (Rue)', 6, 'Renaud', 'Benjamin', '1966-03-22', 60, 'Mathieu.Marchand@example.com', 'toto', 2147483647, 17, 2, 1, 1, 1),
(704, 'Paris', 'Jordan', '1907-09-25', 'Gagny', 22489, 'Le Coteau', 3, 'Jean', 'Adrian', '1907-09-25', 60, 'Jordan.Paris@example.com', 'toto', 2147483647, 74, 1, 1, 1, 1),
(705, 'Caron', 'Carla', '1977-07-22', 'Chartres', 63532, 'Le Cottage', 5, 'Leclercq', 'Anaëlle', '1977-07-22', 60, 'Carla.Caron@example.com', 'toto', 2147483647, 8, 1, 1, 1, 1),
(706, 'Perrin', 'Luna', '1966-02-15', 'Rezé', 36832, 'Ledru Rollin (Boulevard)', 7, 'Lefevre', 'Julia', '1966-02-15', 60, 'Luna.Perrin@example.com', 'toto', 2147483647, 7, 4, 1, 1, 1),
(707, 'Humbert', 'Rémi', '1975-03-26', 'Bron', 13485, 'Leenhardt (Rue)', 5, 'Aubry', 'Mathilde', '1975-03-26', 60, 'Rémi.Humbert@example.com', 'toto', 2147483647, 17, 1, 1, 1, 1),
(708, 'Millet', 'Jordan', '1958-10-17', 'La Courneuve', 52804, 'Legendre Herail (Rue)', 2, 'Gerard', 'Salomé', '1958-10-17', 60, 'Jordan.Millet@example.com', 'toto', 2147483647, 76, 4, 1, 1, 1),
(709, 'Guillot', 'Léane', '2012-12-18', 'Anglet', 87266, 'Le Grand Gres', 0, 'Philippe', 'Maïlé', '2012-12-18', 60, 'Léane.Guillot@example.com', 'toto', 2147483647, 60, 3, 1, 1, 1),
(710, 'Boulanger', 'Margot', '1907-02-25', 'Montluçon', 73912, 'Le Grand Mail (Voie commu', 0, 'Dupont', 'Anaël', '1907-02-25', 60, 'Margot.Boulanger@example.com', 'toto', 2147483647, 69, 2, 1, 1, 1),
(711, 'Guerin', 'Amélie', '1956-03-04', 'Bagneux', 85192, 'Le Greco (Rue)', 3, 'Garcia', 'Maryam', '1956-03-04', 60, 'Amélie.Guerin@example.com', 'toto', 2147483647, 85, 3, 1, 1, 1),
(712, 'Gonzalez', 'Florentin', '1913-12-24', 'Cherbourg-Octeville', 64261, 'Lejzer Zamenhof (Rue)', 0, 'Roux', 'Ambre', '1913-12-24', 60, 'Florentin.Gonzalez@example.com', 'toto', 2147483647, 83, 1, 1, 1, 1),
(713, 'Boulanger', 'Maïlé', '1920-08-19', 'Poissy', 23646, 'Le Mas Clos (Lotissement)', 3, 'Lebrun', 'Rémi', '1920-08-19', 60, 'Maïlé.Boulanger@example.com', 'toto', 2147483647, 13, 4, 1, 1, 1),
(714, 'Schneider', 'Florian', '2000-08-08', 'Le Port', 11469, 'Lentisques (Rue des)', 9, 'Huet', 'Baptiste', '2000-08-08', 60, 'Florian.Schneider@example.com', 'toto', 2147483647, 80, 2, 1, 1, 1),
(715, 'Vincent', 'Lutécia', '1989-12-13', 'Draguignan', 32854, 'L Entreprise', 9, 'Girard', 'Aaron', '1989-12-13', 60, 'Lutécia.Vincent@example.com', 'toto', 2147483647, 90, 1, 1, 1, 1),
(716, 'Fontaine', 'Romane', '1980-03-26', 'Savigny-sur-Orge', 58537, 'Leonard de Vinci (Rue)', 5, 'Aubert', 'Maïwenn', '1980-03-26', 60, 'Romane.Fontaine@example.com', 'toto', 2147483647, 100, 4, 1, 1, 1),
(717, 'David', 'Corentin', '1950-02-20', 'Saint-Martin-dHères', 11813, 'Leon Blum (Rue)', 9, 'Richard', 'Léo', '1950-02-20', 60, 'Corentin.David@example.com', 'toto', 2147483647, 29, 2, 1, 1, 1),
(718, 'Girard', 'Nicolas', '1966-03-07', 'Saint-Martin', 27844, 'Leon Foucault (Allée)', 1, 'Gomez', 'Dorian', '1966-03-07', 60, 'Nicolas.Girard@example.com', 'toto', 2147483647, 10, 4, 1, 1, 1),
(719, 'Dupuy', 'Adrien', '1978-12-03', 'Joué-lès-Tours', 3329, 'Leon Jouhaux (Avenue)', 5, 'Leroy', 'Lou', '1978-12-03', 60, 'Adrien.Dupuy@example.com', 'toto', 2147483647, 37, 4, 1, 1, 1),
(720, 'Martin', 'Colin', '1924-11-09', 'Pontault-Combault', 45790, 'Leon Mares (Rue)', 8, 'Petit', 'Manon', '1924-11-09', 60, 'Colin.Martin@example.com', 'toto', 2147483647, 23, 2, 1, 1, 1),
(721, 'Chevalier', 'Maëlle', '1911-11-19', 'Saint-Joseph', 69331, 'Leon Trotski (Rue)', 3, 'Dupuis', 'Anaïs', '1911-11-19', 60, 'Maëlle.Chevalier@example.com', 'toto', 2147483647, 14, 1, 1, 1, 1),
(722, 'Klein', 'Yohan', '2007-11-26', 'Nevers', 75829, 'Le Perugin (Rue)', 1, 'Renard', 'Emma', '2007-11-26', 60, 'Yohan.Klein@example.com', 'toto', 2147483647, 61, 2, 1, 1, 1),
(723, 'Fournier', 'Salomé', '1975-12-29', 'Roanne', 94236, 'Le Petit Gres', 10, 'Guyot', 'Alexia', '1975-12-29', 60, 'Salomé.Fournier@example.com', 'toto', 2147483647, 62, 1, 1, 1, 1),
(724, 'Simon', 'Antonin', '1939-02-02', 'Échirolles', 90028, 'Lepic (Avenue)', 6, 'Bernard', 'Laura', '1939-02-02', 60, 'Antonin.Simon@example.com', 'toto', 2147483647, 30, 4, 1, 1, 1),
(725, 'Berger', 'Kevin', '1978-08-31', 'Villepinte', 57882, 'Le Pioch', 6, 'Guillaume', 'Léonard', '1978-08-31', 60, 'Kevin.Berger@example.com', 'toto', 2147483647, 23, 2, 1, 1, 1),
(726, 'Dumont', 'Luna', '1976-06-05', 'Colomiers', 51620, 'Le Recantou', 3, 'Menard', 'Nathan', '1976-06-05', 60, 'Luna.Dumont@example.com', 'toto', 2147483647, 56, 4, 1, 1, 1),
(727, 'Andre', 'Roméo', '1952-08-10', 'Saint-Benoît', 40157, 'Lerida (Rue de)', 0, 'Millet', 'Lutécia', '1952-08-10', 60, 'Roméo.Andre@example.com', 'toto', 2147483647, 29, 3, 1, 1, 1),
(728, 'Giraud', 'Julien', '1998-02-03', 'Villefranche-sur-Saône', 54179, 'Les Garrats', 3, 'Pasquier', 'Edwige', '1998-02-03', 60, 'Julien.Giraud@example.com', 'toto', 2147483647, 47, 1, 1, 1, 1),
(729, 'Prevost', 'Théo', '1942-09-12', 'Conflans-Sainte-Honorine', 54945, 'Les Gours', 9, 'Henry', 'Rose', '1942-09-12', 60, 'Théo.Prevost@example.com', 'toto', 2147483647, 82, 4, 1, 1, 1),
(730, 'Morin', 'Alexis', '1944-02-01', 'Auxerre', 92882, 'Les Grezes', 4, 'Etienne', 'Mélanie', '1944-02-01', 60, 'Alexis.Morin@example.com', 'toto', 2147483647, 73, 3, 1, 1, 1),
(731, 'Schmitt', 'Élise', '1941-04-02', 'Saint-Chamond', 76575, 'Les Hauts de Chateau Bon ', 8, 'Adam', 'Grégory', '1941-04-02', 60, 'Élise.Schmitt@example.com', 'toto', 2147483647, 97, 4, 1, 1, 1),
(732, 'Baron', 'Théo', '1934-06-04', 'Montélimar', 40481, 'Les Hauts de la Croix d A', 2, 'Prevost', 'Enzo', '1934-06-04', 60, 'Théo.Baron@example.com', 'toto', 2147483647, 98, 3, 1, 1, 1),
(733, 'Masson', 'Salomé', '1947-09-30', 'Stains', 7126, 'Les Marels', 4, 'Martin', 'Émile', '1947-09-30', 60, 'Salomé.Masson@example.com', 'toto', 2147483647, 26, 1, 1, 1, 1),
(734, 'Pasquier', 'Guillemette', '1905-01-24', 'Vitrolles', 15208, 'Les Merlets', 1, 'Schmitt', 'Océane', '1905-01-24', 60, 'Guillemette.Pasquier@example.com', 'toto', 2147483647, 21, 2, 1, 1, 1),
(735, 'Jacquet', 'Mathis', '1904-03-06', 'Sainte-Geneviève-des-Bois', 56511, 'Les Traverses', 2, 'Lopez', 'Erwan', '1904-03-06', 60, 'Mathis.Jacquet@example.com', 'toto', 2147483647, 13, 3, 1, 1, 1),
(736, 'Meyer', 'Bruno', '1904-08-26', 'Haguenau', 2072, 'Le Tilleul', 3, 'Menard', 'Capucine', '1904-08-26', 60, 'Bruno.Meyer@example.com', 'toto', 2147483647, 73, 1, 1, 1, 1),
(737, 'Deschamps', 'Ethan', '2000-07-27', 'Bagnolet', 12453, 'Le Tintoret (Rue)', 7, 'Perrot', 'Martin', '2000-07-27', 60, 'Ethan.Deschamps@example.com', 'toto', 2147483647, 8, 4, 1, 1, 1),
(738, 'Garcia', 'Noah', '1911-08-04', 'Tremblay-en-France', 79532, 'Le Titien (Rue)', 8, 'Nguyen', 'Colin', '1911-08-04', 60, 'Noah.Garcia@example.com', 'toto', 2147483647, 43, 3, 1, 1, 1),
(739, 'Herve', 'Guillemette', '1977-12-26', 'Marignane', 71724, 'Le Trident (Square)', 6, 'Adam', 'Théo', '1977-12-26', 60, 'Guillemette.Herve@example.com', 'toto', 2147483647, 73, 1, 1, 1, 1),
(740, 'Poulain', 'Jules', '1969-01-22', 'Six-Fours-les-Plages', 90386, 'Le Truc de Leuze', 5, 'Gauthier', 'Constant', '1969-01-22', 60, 'Jules.Poulain@example.com', 'toto', 2147483647, 22, 3, 1, 1, 1),
(741, 'Meyer', 'Lamia', '1953-03-28', 'Lens', 55873, 'Levant (Impasse du)', 7, 'Picard', 'Dorian', '1953-03-28', 60, 'Lamia.Meyer@example.com', 'toto', 2147483647, 90, 3, 1, 1, 1),
(742, 'Dupuy', 'Louna', '1917-06-19', 'Neuilly-sur-Marne', 6132, 'Levat (Rue)', 2, 'Guillaume', 'Mehdi', '1917-06-19', 60, 'Louna.Dupuy@example.com', 'toto', 2147483647, 86, 3, 1, 1, 1),
(743, 'Charpentier', 'Clotilde', '1956-04-23', 'Thonon-les-Bains', 82559, 'Leyde (Rue de)', 6, 'Blanc', 'Élisa', '1956-04-23', 60, 'Clotilde.Charpentier@example.com', 'toto', 2147483647, 76, 2, 1, 1, 1),
(744, 'Renard', 'Tom', '1962-09-20', 'Creil', 70227, 'Libellules (Rue des)', 1, 'Dupuy', 'Capucine', '1962-09-20', 60, 'Tom.Renard@example.com', 'toto', 2147483647, 37, 3, 1, 1, 1),
(745, 'Hubert', 'Charlotte', '1975-05-04', 'La Ciotat', 93701, 'Liberal Bruant (Cour)', 7, 'Moulin', 'Anaël', '1975-05-04', 60, 'Charlotte.Hubert@example.com', 'toto', 2147483647, 60, 2, 1, 1, 1),
(746, 'Baron', 'Jules', '1991-02-02', 'Mâcon', 95393, 'Liberte (Avenue de la)', 5, 'Guyot', 'Marine', '1991-02-02', 60, 'Jules.Baron@example.com', 'toto', 2147483647, 8, 3, 1, 1, 1),
(747, 'Pereira', 'Kylian', '1976-01-08', 'Saint-Raphaël', 95829, 'Liege (Rue de)', 3, 'Vidal', 'Davy', '1976-01-08', 60, 'Kylian.Pereira@example.com', 'toto', 2147483647, 55, 2, 1, 1, 1),
(748, 'Meunier', 'Florentin', '1970-05-01', 'Agen', 48269, 'Lierre (Rue du)', 9, 'Picard', 'Robin', '1970-05-01', 60, 'Florentin.Meunier@example.com', 'toto', 2147483647, 56, 2, 1, 1, 1),
(749, 'Fleury', 'Léon', '2005-11-23', 'Romans-sur-Isère', 7408, 'Lilas (Place des)', 3, 'Henry', 'Jules', '2005-11-23', 60, 'Léon.Fleury@example.com', 'toto', 2147483647, 43, 1, 1, 1, 1),
(750, 'Marie', 'Emma', '2013-08-29', 'Montigny-le-Bretonneux', 63623, 'Lino Ventura (Rue)', 10, 'Lambert', 'Benjamin', '2013-08-29', 60, 'Emma.Marie@example.com', 'toto', 2147483647, 41, 4, 1, 1, 1),
(751, 'Gay', 'Jules', '1967-06-27', 'Franconville', 32004, 'Lionnet (Impasse)', 10, 'Lemoine', 'Yohan', '1967-06-27', 60, 'Jules.Gay@example.com', 'toto', 2147483647, 73, 4, 1, 1, 1),
(752, 'Joly', 'Louis', '1992-03-17', 'Châtillon', 72016, 'Lipari (Rue de)', 7, 'Lecomte', 'Tatiana', '1992-03-17', 60, 'Louis.Joly@example.com', 'toto', 2147483647, 90, 3, 1, 1, 1),
(753, 'Schneider', 'Florian', '1903-07-05', 'Le Perreux-sur-Marne', 9593, 'Mediterranee (Rue de la)', 6, 'Boyer', 'Françoise', '1903-07-05', 60, 'Florian.Schneider@example.com', 'toto', 2147483647, 33, 1, 1, 1, 1),
(754, 'Jean', 'Lucas', '1925-12-23', 'Cambrai', 93336, 'Megissiers (Rue des)', 1, 'Renaud', 'Benjamin', '1925-12-23', 60, 'Lucas.Jean@example.com', 'toto', 2147483647, 13, 2, 1, 1, 1),
(755, 'Marechal', 'Angelina', '1931-09-01', 'Villeneuve-Saint-Georges', 13472, 'Mehdi Ben Barka (Rue)', 10, 'Vincent', 'Adrian', '1931-09-01', 60, 'Angelina.Marechal@example.com', 'toto', 2147483647, 1, 3, 1, 1, 1),
(756, 'Berger', 'Émilie', '1937-02-03', 'Épinal', 79391, 'Mejanelle (Rue de la)', 5, 'Garnier', 'Anaëlle', '1937-02-03', 60, 'Émilie.Berger@example.com', 'toto', 2147483647, 82, 1, 1, 1, 1),
(757, 'Arnaud', 'Lina', '1928-02-23', 'Annemasse', 68017, 'Melezes (Rue des)', 5, 'Durand', 'Grégory', '1928-02-23', 60, 'Lina.Arnaud@example.com', 'toto', 2147483647, 81, 1, 1, 1, 1),
(758, 'Thomas', 'Rose', '1988-08-08', 'Châtenay-Malabry', 54817, 'Mende (Route de)', 2, 'Poulain', 'Syrine', '1988-08-08', 60, 'Rose.Thomas@example.com', 'toto', 2147483647, 89, 1, 1, 1, 1),
(759, 'Roger', 'Marion', '1972-01-20', 'Houilles', 7560, 'Mer (Avenue de la)', 3, 'Lemaire', 'Davy', '1972-01-20', 60, 'Marion.Roger@example.com', 'toto', 2147483647, 44, 1, 1, 1, 1),
(760, 'Evrard', 'Adam', '2013-07-04', 'Châtellerault', 48950, 'Merci (Rue de la)', 9, 'Legrand', 'Adrien', '2013-07-04', 60, 'Adam.Evrard@example.com', 'toto', 2147483647, 72, 3, 1, 1, 1),
(761, 'Arnaud', 'Anaïs', '1980-08-10', 'Saint-Leu', 44155, 'Mercure (Allée)', 4, 'Petit', 'Killian', '1980-08-10', 60, 'Anaïs.Arnaud@example.com', 'toto', 2147483647, 67, 2, 1, 1, 1),
(762, 'Dumas', 'Sara', '1957-11-13', 'Nogent-sur-Marne', 66675, 'Meric (Rue de)', 5, 'Menard', 'Zoé', '1957-11-13', 60, 'Sara.Dumas@example.com', 'toto', 2147483647, 39, 4, 1, 1, 1),
(763, 'Thomas', 'Baptiste', '2004-02-03', 'Liévin', 31285, 'Merle Blanc (Impasse du)', 8, 'Lambert', 'Élouan', '2004-02-03', 60, 'Baptiste.Thomas@example.com', 'toto', 2147483647, 24, 1, 1, 1, 1),
(764, 'Renaud', 'Paul', '1981-06-28', 'Viry-Châtillon', 10475, 'Merlets (Chemin des)', 1, 'Breton', 'Mohamed', '1981-06-28', 60, 'Paul.Renaud@example.com', 'toto', 2147483647, 100, 3, 1, 1, 1),
(765, 'Marchand', 'Nina', '1963-12-04', 'Schiltigheim', 94541, 'Merlot (Allée du)', 4, 'Fleury', 'Laura', '1963-12-04', 60, 'Nina.Marchand@example.com', 'toto', 2147483647, 9, 2, 1, 1, 1),
(766, 'Paris', 'Kimberley', '1994-04-18', 'Mont-de-Marsan', 32982, 'Mesanges (Rue des)', 5, 'Dupuis', 'Dimitri', '1994-04-18', 60, 'Kimberley.Paris@example.com', 'toto', 2147483647, 41, 3, 1, 1, 1),
(767, 'Caron', 'Jade', '1983-01-10', 'Dieppe', 50215, 'Messidor (Rue)', 8, 'Vidal', 'Kilian', '1983-01-10', 60, 'Jade.Caron@example.com', 'toto', 2147483647, 99, 4, 1, 1, 1),
(768, 'Perrin', 'Angelina', '1931-08-31', 'Goussainville', 12462, 'Messier (Cour)', 2, 'Leclerc', 'Diego', '1931-08-31', 60, 'Angelina.Perrin@example.com', 'toto', 2147483647, 100, 1, 1, 1, 1),
(769, 'Humbert', 'Jade', '1959-11-02', 'Maubeuge', 37938, 'Messine (Rue de)', 9, 'Chevalier', 'Anthony', '1959-11-02', 60, 'Jade.Humbert@example.com', 'toto', 2147483647, 67, 4, 1, 1, 1),
(770, 'Millet', 'Rose', '1932-02-11', 'Meyzieu', 92652, 'Metairie de l Oiseau (Rue', 2, 'Dufour', 'Victor', '1932-02-11', 60, 'Rose.Millet@example.com', 'toto', 2147483647, 82, 3, 1, 1, 1),
(771, 'Guillot', 'Mélanie', '1995-02-10', 'Plaisir', 64039, 'Metairie de Saysset (Rue ', 2, 'Clement', 'Inès', '1995-02-10', 60, 'Mélanie.Guillot@example.com', 'toto', 2147483647, 79, 3, 1, 1, 1),
(772, 'Boulanger', 'Noë', '1949-05-22', 'La Possession', 45071, 'Metz (Rue de)', 6, 'Morel', 'Robin', '1949-05-22', 60, 'Noë.Boulanger@example.com', 'toto', 2147483647, 15, 4, 1, 1, 1),
(773, 'Guerin', 'Florian', '1927-08-04', 'Malakoff', 3588, 'Meyrueis (Rue)', 8, 'Bailly', 'Syrine', '1927-08-04', 60, 'Florian.Guerin@example.com', 'toto', 2147483647, 83, 4, 1, 1, 1),
(774, 'Gonzalez', 'Gabriel', '1963-04-21', 'Les Mureaux', 33097, 'Michel Ange (Rue)', 10, 'Lopez', 'Romain', '1963-04-21', 60, 'Gabriel.Gonzalez@example.com', 'toto', 2147483647, 3, 3, 1, 1, 1),
(775, 'Boulanger', 'Romane', '1935-10-13', 'Vandœuvre-lès-Nancy', 92465, 'Michel Chasles (Rue)', 5, 'Maillard', 'Françoise', '1935-10-13', 60, 'Romane.Boulanger@example.com', 'toto', 2147483647, 97, 2, 1, 1, 1),
(776, 'Schneider', 'Zacharis', '1999-06-25', 'LHaÿ-les-Roses', 16023, 'Michel Colucci Dit Coluch', 1, 'Pasquier', 'Adrian', '1999-06-25', 60, 'Zacharis.Schneider@example.com', 'toto', 2147483647, 52, 2, 1, 1, 1),
(777, 'Vincent', 'Mathilde', '1911-02-25', 'Dreux', 56168, 'Michel Crepeau (Rue)', 9, 'Humbert', 'Inès', '1911-02-25', 60, 'Mathilde.Vincent@example.com', 'toto', 2147483647, 62, 3, 1, 1, 1),
(778, 'Fontaine', 'Léane', '1915-02-24', 'Palaiseau', 96983, 'Michel Henry (Rue)', 1, 'Riviere', 'Louis', '1915-02-24', 60, 'Léane.Fontaine@example.com', 'toto', 2147483647, 14, 2, 1, 1, 1),
(779, 'David', 'Killian', '1916-10-13', 'Chatou', 84267, 'Michel Teule (Rue)', 2, 'Faure', 'Noë', '1916-10-13', 60, 'Killian.David@example.com', 'toto', 2147483647, 44, 4, 1, 1, 1),
(780, 'Girard', 'Maxence', '1949-06-06', 'Baie-Mahault', 5915, 'Michel Trocme (Rue)', 2, 'Robert', 'Romane', '1949-06-06', 60, 'Maxence.Girard@example.com', 'toto', 2147483647, 94, 3, 1, 1, 1);
INSERT INTO `Salarie` (`ID_salarie`, `Nom_salarie`, `Prenom_salarie`, `Date_naissance_salarie`, `Ville_salarie`, `CP_salarie`, `Nom_rue_salarie`, `Nombre_enfants_salarie`, `Nom_conjoint_salarie`, `Prenom_conjoint_salarie`, `Date_naissance_conjoint_salarie`, `Age_debut_differe`, `Email_salarie`, `Pass_salarie`, `Num_tel_salarie`, `ID_entreprise`, `ID_situation_familiale`, `ID_base_calcul`, `ID_mode_versement`, `ID_statut`) VALUES
(781, 'Dupuy', 'Léa', '1945-01-03', 'Paris', 26710, 'Michel Verniere (Rue)', 9, 'Martinez', 'Simon', '1945-01-03', 60, 'Léa.Dupuy@example.com', 'toto', 2147483647, 23, 3, 1, 1, 1),
(782, 'Martin', 'Tom', '2003-08-03', 'Marseille', 79240, 'Micocoulier (Rue du)', 5, 'Henry', 'Léane', '2003-08-03', 60, 'Tom.Martin@example.com', 'toto', 2147483647, 10, 1, 1, 1, 1),
(783, 'Chevalier', 'Fanny', '1916-11-28', 'Lyon', 25885, 'Midi (Place du)', 4, 'Pierre', 'Katell', '1916-11-28', 60, 'Fanny.Chevalier@example.com', 'toto', 2147483647, 53, 4, 1, 1, 1),
(784, 'Klein', 'Valentine', '2009-12-27', 'Toulouse', 63739, 'Millenaire (Place du)', 8, 'Mallet', 'Robin', '2009-12-27', 60, 'Valentine.Klein@example.com', 'toto', 2147483647, 6, 1, 1, 1, 1),
(785, 'Fournier', 'Lauriane', '1963-08-28', 'Nice', 8318, 'Millepertuis (Impasse des', 10, 'Gonzalez', 'Julia', '1963-08-28', 60, 'Lauriane.Fournier@example.com', 'toto', 2147483647, 5, 1, 1, 1, 1),
(786, 'Simon', 'Noë', '1947-10-29', 'Nantes', 91829, 'Mimi Azais 1930-1989 (Pla', 8, 'Paul', 'Mathilde', '1947-10-29', 60, 'Noë.Simon@example.com', 'toto', 2147483647, 29, 4, 1, 1, 1),
(787, 'Berger', 'Lilian', '1963-09-29', 'Strasbourg', 6269, 'Mimosas (Impasse des)', 6, 'Roy', 'Salomé', '1963-09-29', 60, 'Lilian.Berger@example.com', 'toto', 2147483647, 2, 1, 1, 1, 1),
(788, 'Dumont', 'Edwige', '1936-04-16', 'Montpellier', 59585, 'Minervois (Place du)', 5, 'Collet', 'Maïlé', '1936-04-16', 60, 'Edwige.Dumont@example.com', 'toto', 2147483647, 3, 1, 1, 1, 1),
(789, 'Andre', 'Laura', '1956-10-21', 'Bordeaux', 25613, 'Mion (Cité)', 5, 'Marechal', 'Anaël', '1956-10-21', 60, 'Laura.Andre@example.com', 'toto', 2147483647, 4, 2, 1, 1, 1),
(790, 'Giraud', 'Mattéo', '1935-12-09', 'Lille13', 42536, 'Mion Saint Michel (Rue)', 9, 'Carre', 'Maryam', '1935-12-09', 60, 'Mattéo.Giraud@example.com', 'toto', 2147483647, 23, 4, 1, 1, 1),
(791, 'Prevost', 'Clément', '1907-06-30', 'Rennes', 60204, 'Missions (Allée des)', 1, 'Gonzalez', 'Ambre', '1907-06-30', 60, 'Clément.Prevost@example.com', 'toto', 2147483647, 52, 2, 1, 1, 1),
(792, 'Morin', 'Davy', '1984-09-15', 'Reims', 90932, 'Mogere (Rue de la)', 10, 'Leclerc', 'Rémi', '1984-09-15', 60, 'Davy.Morin@example.com', 'toto', 2147483647, 47, 4, 1, 1, 1),
(793, 'Schmitt', 'Bastien', '1961-08-27', 'Le Havre', 11039, 'Moineaux (Rue des)', 6, 'Gillet', 'Baptiste', '1961-08-27', 60, 'Bastien.Schmitt@example.com', 'toto', 2147483647, 90, 4, 1, 1, 1),
(794, 'Baron', 'Gabriel', '1980-01-23', 'Saint-Étienne', 21730, 'Moissac (Rue de)', 2, 'Adam', 'Aaron', '1980-01-23', 60, 'Gabriel.Baron@example.com', 'toto', 2147483647, 35, 1, 1, 1, 1),
(795, 'Masson', 'Kilian', '1993-05-10', 'Toulon', 73458, 'Moliere (Place)', 0, 'Humbert', 'Maïwenn', '1993-05-10', 60, 'Kilian.Masson@example.com', 'toto', 2147483647, 78, 4, 1, 1, 1),
(796, 'Pasquier', 'Maïwenn', '1954-10-06', 'Grenoble', 4558, 'Mondial 98 (Avenue du)', 10, 'Fleury', 'Léo', '1954-10-06', 60, 'Maïwenn.Pasquier@example.com', 'toto', 2147483647, 95, 1, 1, 1, 1),
(797, 'Jacquet', 'Lena', '1944-10-23', 'Dijon', 90950, 'Mondial de Rugby 2007 (Av', 5, 'Francois', 'Dorian', '1944-10-23', 60, 'Lena.Jacquet@example.com', 'toto', 2147483647, 98, 4, 1, 1, 1),
(798, 'Meyer', 'Lutécia', '1932-08-22', 'Angers', 88676, 'Monge (Rue)', 10, 'Thomas', 'Lou', '1932-08-22', 60, 'Lutécia.Meyer@example.com', 'toto', 2147483647, 11, 3, 1, 1, 1),
(799, 'Marty', 'Ambre', '2008-11-14', 'Saint-Denis', 54399, 'Moulins (Avenue des)', 5, 'Fabre', 'Manon', '2008-11-14', 60, 'Ambre.Marty@example.com', 'toto', 2147483647, 80, 2, 1, 1, 1),
(800, 'Berger', 'Jade', '1921-10-14', 'Villeurbanne', 36770, 'Moulins (Impasse des)', 5, 'Renaud', 'Anaïs', '1921-10-14', 60, 'Jade.Berger@example.com', 'toto', 2147483647, 28, 1, 1, 1, 1),
(801, 'Guillaume', 'Catherine', '1908-11-04', 'Nîmes', 21661, 'Mouneda (Rue de la)', 7, 'Jean', 'Emma', '1908-11-04', 60, 'Catherine.Guillaume@example.com', 'toto', 2147483647, 42, 3, 1, 1, 1),
(802, 'Lambert', 'Nolan', '2012-07-11', 'Le Mans', 62930, 'Mounie (Boulevard)', 9, 'Leclercq', 'Alexia', '2012-07-11', 60, 'Nolan.Lambert@example.com', 'toto', 2147483647, 9, 3, 1, 1, 1),
(803, 'Baron', 'Mathieu', '2012-04-28', 'Clermont-Ferrand', 48387, 'Moureze (Rue de)', 8, 'Lefevre', 'Laura', '2012-04-28', 60, 'Mathieu.Baron@example.com', 'toto', 2147483647, 93, 1, 1, 1, 1),
(804, 'Faure', 'Jordan', '1976-04-08', 'Aix-en-Provence', 88846, 'Mourons (Impasse des)', 3, 'Aubry', 'Léonard', '1976-04-08', 60, 'Jordan.Faure@example.com', 'toto', 2147483647, 17, 4, 1, 1, 1),
(805, 'Gautier', 'Carla', '1944-04-04', 'Brest', 52636, 'Mourvedre (Allée du)', 7, 'Gerard', 'Nathan', '1944-04-04', 60, 'Carla.Gautier@example.com', 'toto', 2147483647, 11, 1, 1, 1, 1),
(806, 'Gaillard', 'Luna', '1956-05-18', 'Limoges', 31759, 'Mozart (Impasse)', 4, 'Philippe', 'Lutécia', '1956-05-18', 60, 'Luna.Gaillard@example.com', 'toto', 2147483647, 30, 3, 1, 1, 1),
(807, 'Fernandez', 'Rémi', '1929-02-04', 'Tours', 68087, 'Muguet (Rue du)', 0, 'Dupont', 'Edwige', '1929-02-04', 60, 'Rémi.Fernandez@example.com', 'toto', 2147483647, 36, 2, 1, 1, 1),
(808, 'Renaud', 'Jordan', '1954-07-25', 'Amiens', 93596, 'Multipliants (Impasse des', 5, 'Garcia', 'Rose', '1954-07-25', 60, 'Jordan.Renaud@example.com', 'toto', 2147483647, 11, 1, 1, 1, 1),
(809, 'Dumas', 'Léane', '1965-10-11', 'Metz', 45485, 'Multipliants (Rue des)', 6, 'Roux', 'Mélanie', '1965-10-11', 60, 'Léane.Dumas@example.com', 'toto', 2147483647, 25, 4, 1, 1, 1),
(810, 'Menard', 'Margot', '1984-01-22', 'Perpignan', 5377, 'Munitionnaire (Impasse de', 7, 'Lebrun', 'Grégory', '1984-01-22', 60, 'Margot.Menard@example.com', 'toto', 2147483647, 33, 4, 1, 1, 1),
(811, 'Remy', 'Amélie', '1930-04-29', 'Boulogne-Billancourt', 6035, 'Muriers (Allée des)', 9, 'Huet', 'Enzo', '1930-04-29', 60, 'Amélie.Remy@example.com', 'toto', 2147483647, 35, 1, 1, 1, 1),
(812, 'Renaud', 'Florentin', '1928-11-18', 'Besançon', 61651, 'Muriers (Rue des)', 7, 'Girard', 'Émile', '1928-11-18', 60, 'Florentin.Renaud@example.com', 'toto', 2147483647, 81, 3, 1, 1, 1),
(813, 'Marie', 'Maïlé', '1950-03-03', 'Orléans', 66913, 'Musardises (Rue des)', 9, 'Aubert', 'Océane', '1950-03-03', 60, 'Maïlé.Marie@example.com', 'toto', 2147483647, 55, 1, 1, 1, 1),
(814, 'Humbert', 'Florian', '1942-04-17', 'Rouen', 51715, 'Muscadet (Impasse du)', 7, 'Richard', 'Erwan', '1942-04-17', 60, 'Florian.Humbert@example.com', 'toto', 2147483647, 61, 4, 1, 1, 1),
(815, 'Marchal', 'Lutécia', '1931-05-16', 'Mulhouse', 62392, 'Muscadet (Rue du)', 5, 'Gomez', 'Capucine', '1931-05-16', 60, 'Lutécia.Marchal@example.com', 'toto', 2147483647, 83, 3, 1, 1, 1),
(816, 'Roy', 'Romane', '1931-07-12', 'Caen', 29778, 'Muscaris (Rue des)', 10, 'Leroy', 'Martin', '1931-07-12', 60, 'Romane.Roy@example.com', 'toto', 2147483647, 55, 4, 1, 1, 1),
(817, 'Gomez', 'Corentin', '1949-02-06', 'Saint-Denis', 8986, 'Muscat (Allée du)', 3, 'Petit', 'Colin', '1949-02-06', 60, 'Corentin.Gomez@example.com', 'toto', 2147483647, 26, 3, 1, 1, 1),
(818, 'Mercier', 'Nicolas', '1927-12-17', 'Nancy', 85610, 'Musique (Esplanade de la)', 2, 'Dupuis', 'Théo', '1927-12-17', 60, 'Nicolas.Mercier@example.com', 'toto', 2147483647, 41, 3, 1, 1, 1),
(819, 'Daniel', 'Adrien', '1912-12-12', 'Argenteuil', 44230, 'Myosotis (Rue des)', 5, 'Renard', 'Constant', '1912-12-12', 60, 'Adrien.Daniel@example.com', 'toto', 2147483647, 89, 2, 1, 1, 1),
(820, 'Vincent', 'Colin', '1923-05-26', 'Saint-Paul', 8163, 'Myrtes (Rue des)', 10, 'Guyot', 'Dorian', '1923-05-26', 60, 'Colin.Vincent@example.com', 'toto', 2147483647, 33, 4, 1, 1, 1),
(821, 'Aubry', 'Maëlle', '1986-05-15', 'Montreuil', 86364, 'Nazareth (Rue de)', 10, 'Bernard', 'Mehdi', '1986-05-15', 60, 'Maëlle.Aubry@example.com', 'toto', 2147483647, 88, 2, 1, 1, 1),
(822, 'Fernandez', 'Yohan', '2008-04-27', 'Roubaix', 91144, 'Nebuleuses (Rue des)', 7, 'Guillaume', 'Élisa', '2008-04-27', 60, 'Yohan.Fernandez@example.com', 'toto', 2147483647, 62, 4, 1, 1, 1),
(823, 'Schneider', 'Salomé', '1934-09-28', 'Tourcoing', 1432, 'Nefliers (Rue des)', 1, 'Menard', 'Capucine', '1934-09-28', 60, 'Salomé.Schneider@example.com', 'toto', 2147483647, 40, 3, 1, 1, 1),
(824, 'Martinez', 'Antonin', '1956-10-11', 'Dunkerque14', 94465, 'Negue Cats', 0, 'Millet', 'Anaël', '1956-10-11', 60, 'Antonin.Martinez@example.com', 'toto', 2147483647, 98, 4, 1, 1, 1),
(825, 'Bonnet', 'Kevin', '1958-02-04', 'Créteil', 12576, 'Nelson Mandela (Rue)', 2, 'Pasquier', 'Marine', '1958-02-04', 60, 'Kevin.Bonnet@example.com', 'toto', 2147483647, 67, 3, 1, 1, 1),
(826, 'Michel', 'Luna', '1969-02-03', 'Avignon', 28754, 'Neptune (Square)', 5, 'Henry', 'Davy', '1969-02-03', 60, 'Luna.Michel@example.com', 'toto', 2147483647, 51, 1, 1, 1, 1),
(827, 'Brun', 'Roméo', '1908-04-08', 'Nanterre', 50752, 'Neuf (Impasse des)', 0, 'Etienne', 'Robin', '1908-04-08', 60, 'Roméo.Brun@example.com', 'toto', 2147483647, 36, 4, 1, 1, 1),
(828, 'Gay', 'Julien', '1982-09-20', 'Courbevoie', 19355, 'Neuville (Allée de)', 0, 'Adam', 'Jules', '1982-09-20', 60, 'Julien.Gay@example.com', 'toto', 2147483647, 40, 2, 1, 1, 1),
(829, 'Simon', 'Théo', '1986-10-16', 'Poitiers', 22648, 'Newton (Cour)', 1, 'Prevost', 'Benjamin', '1986-10-16', 60, 'Théo.Simon@example.com', 'toto', 2147483647, 95, 4, 1, 1, 1),
(830, 'Lacroix', 'Alexis', '1987-04-12', 'Fort-de-France', 83234, 'Ney (Rue)', 6, 'Martin', 'Yohan', '1987-04-12', 60, 'Alexis.Lacroix@example.com', 'toto', 2147483647, 92, 1, 1, 1, 1),
(831, 'Perrot', 'Élise', '2004-03-04', 'Vitry-sur-Seine', 9759, 'Nicephore Niepce (Impasse', 7, 'Schmitt', 'Tatiana', '2004-03-04', 60, 'Élise.Perrot@example.com', 'toto', 2147483647, 95, 1, 1, 1, 1),
(832, 'Sanchez', 'Théo', '1958-02-09', 'Versailles', 38004, 'Nicolas Copernic (Rue)', 5, 'Lopez', 'Françoise', '1958-02-09', 60, 'Théo.Sanchez@example.com', 'toto', 2147483647, 92, 2, 1, 1, 1),
(833, 'Dupuy', 'Salomé', '1968-05-07', 'Colombes', 72767, 'Nicolas Poussin (Rue)', 1, 'Menard', 'Benjamin', '1968-05-07', 60, 'Salomé.Dupuy@example.com', 'toto', 2147483647, 60, 1, 1, 1, 1),
(834, 'Deschamps', 'Guillemette', '1951-04-19', 'Asnières-sur-Seine', 79386, 'Nicolas Tesla (Rue)', 4, 'Perrot', 'Adrian', '1951-04-19', 60, 'Guillemette.Deschamps@example.com', 'toto', 2147483647, 83, 3, 1, 1, 1),
(835, 'Garcia', 'Mathis', '1987-12-28', 'Aulnay-sous-Bois', 97026, 'Niels Bohr (Allée)', 3, 'Nguyen', 'Anaëlle', '1987-12-28', 60, 'Mathis.Garcia@example.com', 'toto', 2147483647, 66, 1, 1, 1, 1),
(836, 'Herve', 'Bruno', '1940-11-07', 'Saint-Pierre', 89195, 'Nimes (Avenue de)', 3, 'Adam', 'Grégory', '1940-11-07', 60, 'Bruno.Herve@example.com', 'toto', 2147483647, 22, 1, 1, 1, 1),
(837, 'Poulain', 'Ethan', '1978-08-12', 'Rueil-Malmaison', 40435, 'Nina Ricci (Passage)', 8, 'Gauthier', 'Syrine', '1978-08-12', 60, 'Ethan.Poulain@example.com', 'toto', 2147483647, 48, 2, 1, 1, 1),
(838, 'Meyer', 'Noah', '2011-08-16', 'Pau', 68438, 'Nissole (Rue)', 8, 'Picard', 'Davy', '2011-08-16', 60, 'Noah.Meyer@example.com', 'toto', 2147483647, 71, 1, 1, 1, 1),
(839, 'Dupuy', 'Guillemette', '1994-09-16', 'Champigny-sur-Marne', 19536, 'Nivose (Rue)', 9, 'Guillaume', 'Adrien', '1994-09-16', 60, 'Guillemette.Dupuy@example.com', 'toto', 2147483647, 35, 2, 1, 1, 1),
(840, 'Charpentier', 'Jules', '2008-09-21', 'Aubervilliers', 39858, 'Noisetiers (Rue des)', 9, 'Blanc', 'Killian', '2008-09-21', 60, 'Jules.Charpentier@example.com', 'toto', 2147483647, 30, 3, 1, 1, 1),
(841, 'Renard', 'Lamia', '1911-09-30', 'Antibes', 21282, 'Nombre d Or (Place du)', 4, 'Dupuy', 'Zoé', '1911-09-30', 60, 'Lamia.Renard@example.com', 'toto', 2147483647, 35, 3, 1, 1, 1),
(842, 'Hubert', 'Louna', '1948-07-22', 'Le Tampon', 9387, 'Norbert Casteret (Rue)', 7, 'Moulin', 'Élouan', '1948-07-22', 60, 'Louna.Hubert@example.com', 'toto', 2147483647, 5, 3, 1, 1, 1),
(843, 'Baron', 'Clotilde', '1922-09-18', 'La Rochelle', 52353, 'Nord (Rue du)', 1, 'Guyot', 'Mohamed', '1922-09-18', 60, 'Clotilde.Baron@example.com', 'toto', 2147483647, 24, 3, 1, 1, 1),
(844, 'Pereira', 'Tom', '1999-01-28', 'Saint-Maur-des-Fossés', 94024, 'Notre Dame d Esperance (R', 8, 'Vidal', 'Laura', '1999-01-28', 60, 'Tom.Pereira@example.com', 'toto', 2147483647, 24, 4, 1, 1, 1),
(845, 'Meunier', 'Charlotte', '1915-08-06', 'Calais', 99829, 'Notre Dame (Place)', 10, 'Picard', 'Dimitri', '1915-08-06', 60, 'Charlotte.Meunier@example.com', 'toto', 2147483647, 17, 4, 1, 1, 1),
(846, 'Fleury', 'Jules', '1989-01-17', 'Cannes', 3770, 'Nouguier (Mas)', 5, 'Henry', 'Kilian', '1989-01-17', 60, 'Jules.Fleury@example.com', 'toto', 2147483647, 83, 3, 1, 1, 1),
(847, 'Marie', 'Kylian', '1912-03-10', 'Béziers', 67809, 'Obsen (Rue d )', 10, 'Lambert', 'Diego', '1912-03-10', 60, 'Kylian.Marie@example.com', 'toto', 2147483647, 78, 3, 1, 1, 1),
(848, 'Gay', 'Florentin', '1913-05-27', 'Colmar', 20604, 'Observatoire (Boulevard d', 2, 'Lemoine', 'Anthony', '1913-05-27', 60, 'Florentin.Gay@example.com', 'toto', 2147483647, 53, 1, 1, 1, 1),
(849, 'Joly', 'Léon', '2009-06-13', 'Saint-Nazaire', 53894, 'Occitanie (Avenue d )', 5, 'Lecomte', 'Victor', '2009-06-13', 60, 'Léon.Joly@example.com', 'toto', 2147483647, 21, 1, 1, 1, 1),
(850, 'Schneider', 'Emma', '1979-02-20', 'Ajaccio', 27507, 'O (Château d )', 8, 'Boyer', 'Inès', '1979-02-20', 60, 'Emma.Schneider@example.com', 'toto', 2147483647, 74, 1, 1, 1, 1),
(851, 'Jean', 'Jules', '1907-09-01', 'Drancy', 70160, 'Octavien Bringuier (Rue)', 10, 'Renaud', 'Robin', '1907-09-01', 60, 'Jules.Jean@example.com', 'toto', 2147483647, 99, 2, 1, 1, 1),
(852, 'Marechal', 'Louis', '1926-01-15', 'Bourges', 29210, 'Odin (Rue d )', 5, 'Vincent', 'Syrine', '1926-01-15', 60, 'Louis.Marechal@example.com', 'toto', 2147483647, 69, 2, 1, 1, 1),
(853, 'Berger', 'Florian', '1985-03-30', 'Mérignac', 94176, 'Oeillets (Rue des)', 2, 'Garnier', 'Romain', '1985-03-30', 60, 'Florian.Berger@example.com', 'toto', 2147483647, 27, 4, 1, 1, 1),
(854, 'Arnaud', 'Lucas', '1944-10-07', 'Issy-les-Moulineaux', 94815, 'Oiseaux Bleus (Impasse de', 7, 'Durand', 'Françoise', '1944-10-07', 60, 'Lucas.Arnaud@example.com', 'toto', 2147483647, 72, 1, 1, 1, 1),
(855, 'Thomas', 'Angelina', '1916-04-13', 'Levallois-Perret', 23163, 'Oliviers (Impasse des)', 8, 'Poulain', 'Adrian', '1916-04-13', 60, 'Angelina.Thomas@example.com', 'toto', 2147483647, 93, 3, 1, 1, 1),
(856, 'Roger', 'Émilie', '1972-12-08', 'Quimper', 32129, 'Olof Palme (Rue)', 1, 'Lemaire', 'Inès', '1972-12-08', 60, 'Émilie.Roger@example.com', 'toto', 2147483647, 99, 3, 1, 1, 1),
(857, 'Evrard', 'Lina', '1921-08-11', 'Valence', 59478, 'Ombrettes (Passage des)', 8, 'Legrand', 'Louis', '1921-08-11', 60, 'Lina.Evrard@example.com', 'toto', 2147483647, 59, 1, 1, 1, 1),
(858, 'Arnaud', 'Rose', '1956-02-11', 'Noisy-le-Grand', 73184, 'Om (Place de l )', 6, 'Petit', 'Noë', '1956-02-11', 60, 'Rose.Arnaud@example.com', 'toto', 2147483647, 93, 3, 1, 1, 1),
(859, 'Dumas', 'Marion', '1974-04-27', 'Villeneuve-dAscq', 78044, 'Onyx (Rue de l )', 5, 'Menard', 'Romane', '1974-04-27', 60, 'Marion.Dumas@example.com', 'toto', 2147483647, 91, 4, 1, 1, 1),
(860, 'Thomas', 'Adam', '1965-05-04', 'La Seyne-sur-Mer', 85768, 'Onze Novembre (Place du)', 7, 'Lambert', 'Simon', '1965-05-04', 60, 'Adam.Thomas@example.com', 'toto', 2147483647, 18, 1, 1, 1, 1),
(861, 'Renaud', 'Anaïs', '1907-08-24', 'Antony', 13565, 'Opale (Rue de l )', 8, 'Breton', 'Léane', '1907-08-24', 60, 'Anaïs.Renaud@example.com', 'toto', 2147483647, 27, 2, 1, 1, 1),
(862, 'Marchand', 'Sara', '1903-11-23', 'Neuilly-sur-Seine', 41494, 'Orangerie (Impasse de l )', 6, 'Fleury', 'Katell', '1903-11-23', 60, 'Sara.Marchand@example.com', 'toto', 2147483647, 55, 4, 1, 1, 1),
(863, 'Paris', 'Baptiste', '1916-06-20', 'Vénissieux', 67925, 'Orangers (Rue des)', 7, 'Dupuis', 'Robin', '1916-06-20', 60, 'Baptiste.Paris@example.com', 'toto', 2147483647, 18, 2, 1, 1, 1),
(864, 'Caron', 'Paul', '1957-07-22', 'Troyes', 69230, 'Oran (Rue d )', 1, 'Vidal', 'Lucie', '1957-07-22', 60, 'Paul.Caron@example.com', 'toto', 2147483647, 91, 3, 1, 1, 1),
(865, 'Perrin', 'Nina', '1956-08-01', 'Clichy', 17384, 'Orchidees (Rue des)', 2, 'Leclerc', 'Aaron', '1956-08-01', 60, 'Nina.Perrin@example.com', 'toto', 2147483647, 61, 1, 1, 1, 1),
(866, 'Humbert', 'Kimberley', '1941-09-22', 'Les Abymes', 98474, 'Orient (Boulevard d )', 1, 'Chevalier', 'Catherine', '1941-09-22', 60, 'Kimberley.Humbert@example.com', 'toto', 2147483647, 7, 1, 1, 1, 1),
(867, 'Millet', 'Jade', '1977-08-29', 'Pessac', 20880, 'Origan (Rue de l )', 5, 'Dufour', 'Lucas', '1977-08-29', 60, 'Jade.Millet@example.com', 'toto', 2147483647, 10, 4, 1, 1, 1),
(868, 'Guillot', 'Angelina', '1962-02-22', 'Chambéry', 50061, 'Palmiers (Rue des)', 9, 'Clement', 'Chloé', '1962-02-22', 60, 'Angelina.Guillot@example.com', 'toto', 2147483647, 7, 3, 1, 1, 1),
(869, 'Boulanger', 'Jade', '2013-05-13', 'Sarcelles', 59836, 'Palombes (Rue des)', 2, 'Morel', 'Katell', '2013-05-13', 60, 'Jade.Boulanger@example.com', 'toto', 2147483647, 94, 4, 1, 1, 1),
(870, 'Guerin', 'Rose', '1916-01-10', 'Cergy', 30808, 'Pampres (Impasse des)', 9, 'Bailly', 'Julia', '1916-01-10', 60, 'Rose.Guerin@example.com', 'toto', 2147483647, 12, 1, 1, 1, 1),
(871, 'Gonzalez', 'Mélanie', '1961-05-14', 'Ivry-sur-Seine', 13854, 'Papillons (Rue des)', 0, 'Lopez', 'Mathilde', '1961-05-14', 60, 'Mélanie.Gonzalez@example.com', 'toto', 2147483647, 43, 1, 1, 1, 1),
(872, 'Boulanger', 'Noë', '2006-11-18', 'Niort', 5442, 'Papyrus (Rue des)', 1, 'Maillard', 'Salomé', '2006-11-18', 60, 'Noë.Boulanger@example.com', 'toto', 2147483647, 26, 4, 1, 1, 1),
(873, 'Schneider', 'Florian', '1969-05-17', 'Lorient', 69921, 'Patrice Lumumba (Rue)', 3, 'Pasquier', 'Maïlé', '1969-05-17', 60, 'Florian.Schneider@example.com', 'toto', 2147483647, 52, 3, 1, 1, 1),
(874, 'Vincent', 'Gabriel', '1984-07-30', 'Cayenne', 85716, 'Patrick Geddes (Avenue)', 9, 'Humbert', 'Anaël', '1984-07-30', 60, 'Gabriel.Vincent@example.com', 'toto', 2147483647, 77, 2, 1, 1, 1),
(875, 'Fontaine', 'Romane', '1950-08-15', 'Montauban', 71952, 'Paul Baron (Rue)', 3, 'Riviere', 'Maryam', '1950-08-15', 60, 'Romane.Fontaine@example.com', 'toto', 2147483647, 50, 4, 1, 1, 1),
(876, 'David', 'Zacharis', '1929-12-29', 'Saint-Quentin', 25454, 'Paul Bec (Place)', 1, 'Faure', 'Ambre', '1929-12-29', 60, 'Zacharis.David@example.com', 'toto', 2147483647, 9, 1, 1, 1, 1),
(877, 'Girard', 'Mathilde', '1977-01-15', 'Villejuif', 75368, 'Paul Boulet (Allée)', 8, 'Robert', 'Rémi', '1977-01-15', 60, 'Mathilde.Girard@example.com', 'toto', 2147483647, 56, 2, 1, 1, 1),
(878, 'Dupuy', 'Léane', '1922-04-05', 'Saint-André', 65868, 'Paul Bringuier (Avenue)', 9, 'Martinez', 'Baptiste', '1922-04-05', 60, 'Léane.Dupuy@example.com', 'toto', 2147483647, 39, 1, 1, 1, 1),
(879, 'Martin', 'Killian', '2011-06-19', 'Épinay-sur-Seine', 76926, 'Paul Brousse (Rue)', 2, 'Henry', 'Aaron', '2011-06-19', 60, 'Killian.Martin@example.com', 'toto', 2147483647, 15, 2, 1, 1, 1),
(880, 'Chevalier', 'Maxence', '1912-07-09', 'Hyères', 15707, 'Paul Choulot (Rue)', 6, 'Pierre', 'Maïwenn', '1912-07-09', 60, 'Maxence.Chevalier@example.com', 'toto', 2147483647, 72, 3, 1, 1, 1),
(881, 'Klein', 'Léa', '2010-08-17', 'Cholet', 28888, 'Paul de Rouville (Rue)', 7, 'Mallet', 'Léo', '2010-08-17', 60, 'Léa.Klein@example.com', 'toto', 2147483647, 84, 3, 1, 1, 1),
(882, 'Fournier', 'Tom', '1919-02-28', 'Beauvais', 30762, 'Paul Dukas (Rue)', 4, 'Gonzalez', 'Dorian', '1919-02-28', 60, 'Tom.Fournier@example.com', 'toto', 2147483647, 4, 3, 1, 1, 1),
(883, 'Simon', 'Fanny', '2003-01-06', 'Pantin', 5077, 'Paul Eluard (Rue)', 4, 'Paul', 'Lou', '2003-01-06', 60, 'Fanny.Simon@example.com', 'toto', 2147483647, 95, 3, 1, 1, 1),
(884, 'Berger', 'Valentine', '1976-07-01', 'Maisons-Alfort', 24059, 'Paul Giera (Rue)', 2, 'Roy', 'Manon', '1976-07-01', 60, 'Valentine.Berger@example.com', 'toto', 2147483647, 83, 1, 1, 1, 1),
(885, 'Dumont', 'Lauriane', '1910-08-29', 'Bondy', 57385, 'Professeur Louis Ravas (A', 2, 'Collet', 'Anaïs', '1910-08-29', 60, 'Lauriane.Dumont@example.com', 'toto', 2147483647, 21, 2, 1, 1, 1),
(886, 'Jean', 'Noë', '1962-01-14', 'Chelles', 58928, 'Professeur Louis Thomas (', 6, 'Marechal', 'Emma', '1962-01-14', 60, 'Noë.Jean@example.com', 'toto', 2147483647, 13, 4, 1, 1, 1),
(887, 'Giraud', 'Lilian', '1911-11-23', 'Vannes', 11343, 'Professeur Louis Thomas (', 4, 'Carre', 'Alexia', '1911-11-23', 60, 'Lilian.Giraud@example.com', 'toto', 2147483647, 4, 3, 1, 1, 1),
(888, 'Prevost', 'Edwige', '1902-01-23', 'La Roche-sur-Yon', 79464, 'Professeur Louis Vialleto', 3, 'Gonzalez', 'Laura', '1902-01-23', 60, 'Edwige.Prevost@example.com', 'toto', 2147483647, 53, 2, 1, 1, 1),
(889, 'Morin', 'Laura', '2003-01-03', 'Clamart', 36275, 'Professeur Phung (Rue)', 6, 'Leclerc', 'Léonard', '2003-01-03', 60, 'Laura.Morin@example.com', 'toto', 2147483647, 2, 3, 1, 1, 1),
(890, 'Schmitt', 'Mattéo', '2004-06-30', 'Fontenay-sous-Bois', 16255, 'Professeur Sarda (Rue du)', 0, 'Gillet', 'Nathan', '2004-06-30', 60, 'Mattéo.Schmitt@example.com', 'toto', 2147483647, 46, 1, 1, 1, 1),
(891, 'Baron', 'Clément', '1969-09-15', 'Saint-Louis', 65908, 'Professeurs Truc (Rue)', 5, 'Adam', 'Lutécia', '1969-09-15', 60, 'Clément.Baron@example.com', 'toto', 2147483647, 43, 4, 1, 1, 1),
(892, 'Masson', 'Davy', '1999-06-19', 'Arles', 2945, 'Professeur Tedenat (Rue d', 3, 'Humbert', 'Edwige', '1999-06-19', 60, 'Davy.Masson@example.com', 'toto', 2147483647, 38, 3, 1, 1, 1),
(893, 'Pasquier', 'Bastien', '1958-03-03', 'Fréjus', 78264, 'Progres (Rue du)', 0, 'Marty', 'Rose', '1958-03-03', 60, 'Bastien.Pasquier@example.com', 'toto', 2147483647, 84, 4, 1, 1, 1),
(894, 'Jacquet', 'Gabriel', '1998-01-05', 'Meaux', 35121, 'Prosper Lissagaray (Rue)', 2, 'Brun', 'Mélanie', '1998-01-05', 60, 'Gabriel.Jacquet@example.com', 'toto', 2147483647, 55, 3, 1, 1, 1),
(895, 'Meyer', 'Kilian', '1901-04-11', 'Évry', 54086, 'Prosper Merimee (Rue)', 4, 'Fleury', 'Grégory', '1901-04-11', 60, 'Kilian.Meyer@example.com', 'toto', 2147483647, 88, 1, 1, 1, 1),
(896, 'Marty', 'Maïwenn', '2002-03-24', 'Le Blanc-Mesnil', 29033, 'Prosper Montagne (Place)', 9, 'Francois', 'Enzo', '2002-03-24', 60, 'Maïwenn.Marty@example.com', 'toto', 2147483647, 67, 3, 1, 1, 1),
(897, 'Berger', 'Lena', '1958-03-13', 'Grasse', 62231, 'Proudhon (Rue)', 4, 'Thomas', 'Émile', '1958-03-13', 60, 'Lena.Berger@example.com', 'toto', 2147483647, 85, 1, 1, 1, 1),
(898, 'Guillaume', 'Lutécia', '1990-10-29', 'Narbonne', 22097, 'Provence (Rue de)', 4, 'Fabre', 'Océane', '1990-10-29', 60, 'Lutécia.Guillaume@example.com', 'toto', 2147483647, 65, 2, 1, 1, 1),
(899, 'Lambert', 'Ambre', '1911-09-29', 'Sartrouville', 3413, 'Providence (Impasse de la', 6, 'Renaud', 'Erwan', '1911-09-29', 60, 'Ambre.Lambert@example.com', 'toto', 2147483647, 85, 1, 1, 1, 1),
(900, 'Baron', 'Jade', '2009-03-12', 'Annecy', 66015, 'Providence (Rue de la)', 5, 'Jean', 'Capucine', '2009-03-12', 60, 'Jade.Baron@example.com', 'toto', 2147483647, 97, 3, 1, 1, 1),
(901, 'Faure', 'Catherine', '1964-04-26', 'Laval', 91658, 'Pruneliers (Place des)', 3, 'Leclercq', 'Martin', '1964-04-26', 60, 'Catherine.Faure@example.com', 'toto', 2147483647, 34, 1, 1, 1, 1),
(902, 'Gautier', 'Nolan', '1963-02-18', 'Belfort', 29284, 'Prunet', 5, 'Lefevre', 'Colin', '1963-02-18', 60, 'Nolan.Gautier@example.com', 'toto', 2147483647, 53, 4, 1, 1, 1),
(903, 'Gaillard', 'Mathieu', '1987-10-31', 'Sevran', 66426, 'Puech Chevalier', 9, 'Aubry', 'Théo', '1987-10-31', 60, 'Mathieu.Gaillard@example.com', 'toto', 2147483647, 94, 4, 1, 1, 1),
(904, 'Fernandez', 'Jordan', '1948-09-30', 'Charleville-Mézières', 52905, 'Puech de Massane (Avenue ', 2, 'Gerard', 'Constant', '1948-09-30', 60, 'Jordan.Fernandez@example.com', 'toto', 2147483647, 33, 3, 1, 1, 1),
(905, 'Renaud', 'Carla', '1967-05-03', 'Évreux', 78087, 'Puech Villa', 4, 'Philippe', 'Dorian', '1967-05-03', 60, 'Carla.Renaud@example.com', 'toto', 2147483647, 18, 2, 1, 1, 1),
(906, 'Dumas', 'Luna', '1924-02-19', 'Albi', 27361, 'Rebuffy (Rue)', 9, 'Dupont', 'Mehdi', '1924-02-19', 60, 'Luna.Dumas@example.com', 'toto', 2147483647, 89, 4, 1, 1, 1),
(907, 'Menard', 'Rémi', '2002-05-24', 'Montrouge', 58287, 'Recambale (Avenue de la)', 0, 'Garcia', 'Élisa', '2002-05-24', 60, 'Rémi.Menard@example.com', 'toto', 2147483647, 74, 3, 1, 1, 1),
(908, 'Remy', 'Jordan', '2000-02-21', 'Vincennes', 77449, 'Recatous (Rue des)', 1, 'Roux', 'Capucine', '2000-02-21', 60, 'Jordan.Remy@example.com', 'toto', 2147483647, 7, 2, 1, 1, 1),
(909, 'Renaud', 'Léane', '1944-09-23', 'Brive-la-Gaillarde', 85628, 'Refuge (Rue du)', 3, 'Lebrun', 'Anaël', '1944-09-23', 60, 'Léane.Renaud@example.com', 'toto', 2147483647, 9, 1, 1, 1, 1),
(910, 'Marie', 'Margot', '2011-02-06', 'Saint-Ouen', 1781, 'Reine Helene d Italie (Av', 4, 'Huet', 'Marine', '2011-02-06', 60, 'Margot.Marie@example.com', 'toto', 2147483647, 49, 4, 1, 1, 1),
(911, 'Humbert', 'Amélie', '2001-10-05', 'Martigues', 12989, 'Remy Belleau (Rue)', 0, 'Girard', 'Davy', '2001-10-05', 60, 'Amélie.Humbert@example.com', 'toto', 2147483647, 56, 2, 1, 1, 1),
(912, 'Marchal', 'Florentin', '1957-09-07', 'Carcassonne', 94645, 'Renaud de Villeneuve (Rue', 1, 'Aubert', 'Robin', '1957-09-07', 60, 'Florentin.Marchal@example.com', 'toto', 2147483647, 89, 2, 1, 1, 1),
(913, 'Roy', 'Maïlé', '1967-10-21', 'Bobigny', 19011, 'Rene Cassin (Rue)', 4, 'Richard', 'Jules', '1967-10-21', 60, 'Maïlé.Roy@example.com', 'toto', 2147483647, 46, 4, 1, 1, 1),
(914, 'Gomez', 'Florian', '1959-09-15', 'Suresnes', 14208, 'Rene Descartes (Allée)', 6, 'Gomez', 'Benjamin', '1959-09-15', 60, 'Florian.Gomez@example.com', 'toto', 2147483647, 79, 1, 1, 1, 1),
(915, 'Mercier', 'Lutécia', '1997-12-25', 'Cagnes-sur-Mer', 24956, 'Rene Etiemble (Rue)', 4, 'Leroy', 'Yohan', '1997-12-25', 60, 'Lutécia.Mercier@example.com', 'toto', 2147483647, 36, 2, 1, 1, 1),
(916, 'Deschamps', 'Romane', '1961-09-14', 'Blois', 50920, 'Rene Grousset (Rue)', 2, 'Petit', 'Tatiana', '1961-09-14', 60, 'Romane.Deschamps@example.com', 'toto', 2147483647, 8, 1, 1, 1, 1),
(917, 'Garcia', 'Corentin', '1944-04-08', 'Saint-Brieuc', 3281, 'Rene Laennec (Rue)', 2, 'Dupuis', 'Françoise', '1944-04-08', 60, 'Corentin.Garcia@example.com', 'toto', 2147483647, 34, 3, 1, 1, 1),
(918, 'Herve', 'Nicolas', '1977-10-04', 'Aubagne', 32037, 'Renoncules (Rue des)', 9, 'Renard', 'Benjamin', '1977-10-04', 60, 'Nicolas.Herve@example.com', 'toto', 2147483647, 23, 4, 1, 1, 1),
(919, 'Poulain', 'Adrien', '1981-11-14', 'Châteauroux', 28271, 'Renouvier (Boulevard)', 5, 'Guyot', 'Adrian', '1981-11-14', 60, 'Adrien.Poulain@example.com', 'toto', 2147483647, 48, 2, 1, 1, 1),
(920, 'Meyer', 'Colin', '1960-02-11', 'Saint-Malo', 68703, 'Republique (Rue de la)', 5, 'Bernard', 'Anaëlle', '1960-02-11', 60, 'Colin.Meyer@example.com', 'toto', 2147483647, 65, 4, 1, 1, 1),
(921, 'Dupuy', 'Maëlle', '1926-08-06', 'Châlons-en-Champagne', 17839, 'Reseda (Impasse du)', 6, 'Guillaume', 'Grégory', '1926-08-06', 60, 'Maëlle.Dupuy@example.com', 'toto', 2147483647, 53, 2, 1, 1, 1),
(922, 'Charpentier', 'Yohan', '1918-09-27', 'Meudon', 74608, 'Reservoir de Montmaur (Ch', 6, 'Menard', 'Syrine', '1918-09-27', 60, 'Yohan.Charpentier@example.com', 'toto', 2147483647, 37, 1, 1, 1, 1),
(923, 'Renard', 'Salomé', '1953-02-12', 'Chalon-sur-Saône', 48831, 'Restanque (Rue de la)', 2, 'Millet', 'Davy', '1953-02-12', 60, 'Salomé.Renard@example.com', 'toto', 2147483647, 33, 1, 1, 1, 1),
(924, 'Hubert', 'Antonin', '1994-06-18', 'Puteaux', 3163, 'Rethel (Rue de)', 5, 'Pasquier', 'Adrien', '1994-06-18', 60, 'Antonin.Hubert@example.com', 'toto', 2147483647, 52, 3, 1, 1, 1),
(925, 'Baron', 'Kevin', '1978-06-27', 'Alfortville', 41954, 'Reves (Rue des)', 3, 'Henry', 'Killian', '1978-06-27', 60, 'Kevin.Baron@example.com', 'toto', 2147483647, 36, 1, 1, 1, 1),
(926, 'Pereira', 'Luna', '1952-05-16', 'Bayonne', 98781, 'Roitelets (Rue des)', 1, 'Etienne', 'Zoé', '1952-05-16', 60, 'Luna.Pereira@example.com', 'toto', 2147483647, 20, 2, 1, 1, 1),
(927, 'Meunier', 'Roméo', '1906-10-24', 'Corbeil-Essonnes', 89415, 'Roland Dorgeles (Impasse)', 6, 'Adam', 'Élouan', '1906-10-24', 60, 'Roméo.Meunier@example.com', 'toto', 2147483647, 60, 3, 1, 1, 1),
(928, 'Fleury', 'Julien', '1931-08-11', 'Valenciennes', 15044, 'Romain Rolland (Place)', 1, 'Prevost', 'Mohamed', '1931-08-11', 60, 'Julien.Fleury@example.com', 'toto', 2147483647, 100, 3, 1, 1, 1),
(929, 'Marie', 'Théo', '1939-02-23', 'Sète', 5012, 'Romarin (Rue du)', 5, 'Martin', 'Laura', '1939-02-23', 60, 'Théo.Marie@example.com', 'toto', 2147483647, 21, 3, 1, 1, 1),
(930, 'Gay', 'Alexis', '1908-12-25', 'Saint-Herblain', 44605, 'Rome (Avenue de)', 2, 'Schmitt', 'Dimitri', '1908-12-25', 60, 'Alexis.Gay@example.com', 'toto', 2147483647, 5, 4, 1, 1, 1),
(931, 'Joly', 'Élise', '1998-04-19', 'Massy', 18073, 'Romy Schneider (Rue)', 5, 'Lopez', 'Kilian', '1998-04-19', 60, 'Élise.Joly@example.com', 'toto', 2147483647, 48, 4, 1, 1, 1),
(932, 'Schneider', 'Théo', '1912-11-16', 'Istres', 89297, 'Rondelet (Place)', 3, 'Menard', 'Diego', '1912-11-16', 60, 'Théo.Schneider@example.com', 'toto', 2147483647, 80, 2, 1, 1, 1),
(933, 'Jean', 'Salomé', '1993-08-31', 'Bastia', 87259, 'Rondelet (Rue)', 6, 'Perrot', 'Anthony', '1993-08-31', 60, 'Salomé.Jean@example.com', 'toto', 2147483647, 38, 4, 1, 1, 1),
(934, 'Marechal', 'Guillemette', '2007-01-16', 'Tarbes', 74393, 'Ronsard (Rue)', 6, 'Nguyen', 'Victor', '2007-01-16', 60, 'Guillemette.Marechal@example.com', 'toto', 2147483647, 16, 1, 1, 1, 1),
(935, 'Berger', 'Mathis', '1939-12-27', 'Salon-de-Provence', 73212, 'Roqueturiere (Rue de la)', 8, 'Adam', 'Inès', '1939-12-27', 60, 'Mathis.Berger@example.com', 'toto', 2147483647, 46, 1, 1, 1, 1),
(936, 'Arnaud', 'Bruno', '1900-02-04', 'Le Cannet', 12604, 'Rosa Luxemburg (Rue)', 1, 'Gauthier', 'Robin', '1900-02-04', 60, 'Bruno.Arnaud@example.com', 'toto', 2147483647, 76, 2, 1, 1, 1),
(937, 'Thomas', 'Ethan', '1948-08-12', 'Mantes-la-Jolie', 99356, 'Roses (Rue des)', 6, 'Picard', 'Syrine', '1948-08-12', 60, 'Ethan.Thomas@example.com', 'toto', 2147483647, 71, 1, 1, 1, 1),
(938, 'Roger', 'Noah', '1974-08-24', 'Vaulx-en-Velin', 23085, 'Roses Tremieres (Impasse ', 5, 'Guillaume', 'Romain', '1974-08-24', 60, 'Noah.Roger@example.com', 'toto', 2147483647, 56, 2, 1, 1, 1),
(939, 'Evrard', 'Guillemette', '1905-04-01', 'Boulogne-sur-Mer', 12379, 'Rosette (Place)', 1, 'Blanc', 'Françoise', '1905-04-01', 60, 'Guillemette.Evrard@example.com', 'toto', 2147483647, 88, 4, 1, 1, 1),
(940, 'Arnaud', 'Jules', '1906-05-20', 'Saint-Priest', 25342, 'Rosset (Rue)', 2, 'Dupuy', 'Adrian', '1906-05-20', 60, 'Jules.Arnaud@example.com', 'toto', 2147483647, 9, 4, 1, 1, 1),
(941, 'Dumas', 'Lamia', '1980-12-17', 'Castres', 11085, 'Rossignols (Rue des)', 3, 'Moulin', 'Inès', '1980-12-17', 60, 'Lamia.Dumas@example.com', 'toto', 2147483647, 56, 4, 1, 1, 1),
(942, 'Thomas', 'Louna', '1961-09-20', 'Livry-Gargan', 24796, 'Rossini (Rue)', 3, 'Guyot', 'Louis', '1961-09-20', 60, 'Louna.Thomas@example.com', 'toto', 2147483647, 99, 4, 1, 1, 1),
(943, 'Renaud', 'Clotilde', '1953-05-11', 'Gennevilliers', 56654, 'Roubine de Lattes (Rue de', 1, 'Vidal', 'Noë', '1953-05-11', 60, 'Clotilde.Renaud@example.com', 'toto', 2147483647, 37, 2, 1, 1, 1),
(944, 'Marchand', 'Tom', '1945-11-28', 'Douai', 96368, 'Saint Denis (Rue)', 3, 'Picard', 'Romane', '1945-11-28', 60, 'Tom.Marchand@example.com', 'toto', 2147483647, 18, 2, 1, 1, 1),
(945, 'Paris', 'Charlotte', '1917-05-17', 'Angoulême', 47161, 'Sainte Anne (Rue)', 8, 'Henry', 'Simon', '1917-05-17', 60, 'Charlotte.Paris@example.com', 'toto', 2147483647, 61, 4, 1, 1, 1),
(946, 'Caron', 'Jules', '1917-03-20', 'Wattrelos', 53786, 'Sainte Barbe (Rue)', 9, 'Lambert', 'Léane', '1917-03-20', 60, 'Jules.Caron@example.com', 'toto', 2147483647, 65, 4, 1, 1, 1),
(947, 'Perrin', 'Kylian', '1911-03-20', 'Caluire-et-Cuire', 14478, 'Sainte Baume (Allée de la', 10, 'Lemoine', 'Katell', '1911-03-20', 60, 'Kylian.Perrin@example.com', 'toto', 2147483647, 2, 1, 1, 1, 1),
(948, 'Humbert', 'Florentin', '1908-09-26', 'Choisy-le-Roi', 57145, 'Sainte Catherine (Rue)', 2, 'Lecomte', 'Robin', '1908-09-26', 60, 'Florentin.Humbert@example.com', 'toto', 2147483647, 76, 3, 1, 1, 1),
(949, 'Millet', 'Léon', '1991-06-06', 'Arras', 43524, 'Sainte Croix (Rue)', 1, 'Boyer', 'Lucie', '1991-06-06', 60, 'Léon.Millet@example.com', 'toto', 2147483647, 52, 3, 1, 1, 1),
(950, 'Guillot', 'Emma', '1927-10-13', 'Rosny-sous-Bois', 49621, 'Sainte Genevieve (Rue)', 3, 'Renaud', 'Aaron', '1927-10-13', 60, 'Emma.Guillot@example.com', 'toto', 2147483647, 23, 2, 1, 1, 1),
(951, 'Boulanger', 'Jules', '1914-09-03', 'Thionville', 12150, 'Sainte Lucie (Rue)', 10, 'Vincent', 'Catherine', '1914-09-03', 60, 'Jules.Boulanger@example.com', 'toto', 2147483647, 20, 1, 1, 1, 1),
(952, 'Guerin', 'Louis', '1955-09-07', 'Alès', 24273, 'Sainte Monique (Rue)', 7, 'Garnier', 'Lucas', '1955-09-07', 60, 'Louis.Guerin@example.com', 'toto', 2147483647, 56, 4, 1, 1, 1),
(953, 'Gonzalez', 'Florian', '1997-05-16', 'Talence', 32035, 'Sainte Sara (Rue)', 0, 'Durand', 'Chloé', '1997-05-16', 60, 'Florian.Gonzalez@example.com', 'toto', 2147483647, 15, 1, 1, 1, 1),
(954, 'Boulanger', 'Lucas', '1983-04-14', 'Gap', 5713, 'Saint Esprit (Impasse)', 2, 'Poulain', 'Katell', '1983-04-14', 60, 'Lucas.Boulanger@example.com', 'toto', 2147483647, 62, 4, 1, 1, 1),
(955, 'Schneider', 'Angelina', '2010-07-07', 'Saint-Germain-en-Laye', 69758, 'Saint Etienne (Rue)', 10, 'Lemaire', 'Alexandre', '2010-07-07', 60, 'Angelina.Schneider@example.com', 'toto', 2147483647, 88, 1, 1, 1, 1),
(956, 'Vincent', 'Émilie', '2010-09-13', 'Saint-Laurent-du-Maroni', 77480, 'Sainte Ursule (Rue)', 9, 'Legrand', 'Jérémy', '2010-09-13', 60, 'Émilie.Vincent@example.com', 'toto', 2147483647, 88, 3, 1, 1, 1),
(957, 'Fontaine', 'Lina', '1974-07-30', 'Noisy-le-Sec', 56305, 'Sainte Veronique (Rue)', 0, 'Petit', 'Zoé', '1974-07-30', 60, 'Lina.Fontaine@example.com', 'toto', 2147483647, 23, 1, 1, 1, 1),
(958, 'David', 'Rose', '1974-08-28', 'Bourg-en-Bresse', 88128, 'Saint Priest', 3, 'Menard', 'Gilbert', '1974-08-28', 60, 'Rose.David@example.com', 'toto', 2147483647, 77, 2, 1, 1, 1),
(959, 'Girard', 'Marion', '1936-04-27', 'Garges-lès-Gonesse', 4621, 'Saint Priest (Rue)', 0, 'Lambert', 'Catherine', '1936-04-27', 60, 'Marion.Girard@example.com', 'toto', 2147483647, 14, 1, 1, 1, 1),
(960, 'Dupuy', 'Adam', '1913-08-08', 'Marcq-en-Barœul', 41854, 'Saint Ravy (Rue)', 4, 'Breton', 'Malo', '1913-08-08', 60, 'Adam.Dupuy@example.com', 'toto', 2147483647, 85, 2, 1, 1, 1),
(961, 'Martin', 'Anaïs', '1980-10-14', 'Compiègne', 96915, 'Saint Roch (Place)', 9, 'Fleury', 'Corentin', '1980-10-14', 60, 'Anaïs.Martin@example.com', 'toto', 2147483647, 84, 1, 1, 1, 1),
(962, 'Chevalier', 'Sara', '1993-03-03', 'Melun', 38675, 'Saint Sauveur (Impasse)', 6, 'Dupuis', 'Léonie', '1993-03-03', 60, 'Sara.Chevalier@example.com', 'toto', 2147483647, 61, 2, 1, 1, 1),
(963, 'Klein', 'Baptiste', '1980-05-31', 'Le Lamentin', 20782, 'Saint Sepulcre (Rue du)', 2, 'Vidal', 'Tatiana', '1980-05-31', 60, 'Baptiste.Klein@example.com', 'toto', 2147483647, 44, 2, 1, 1, 1),
(964, 'Fournier', 'Paul', '2007-06-16', 'Gagny', 15530, 'Saint Simon (Place)', 2, 'Leclerc', 'Lilou', '2007-06-16', 60, 'Paul.Fournier@example.com', 'toto', 2147483647, 24, 1, 1, 1, 1),
(965, 'Simon', 'Nina', '1942-11-20', 'Chartres', 1407, 'Saint Vincent de Paul (Ru', 2, 'Chevalier', 'Rose', '1942-11-20', 60, 'Nina.Simon@example.com', 'toto', 2147483647, 28, 3, 1, 1, 1),
(966, 'Berger', 'Kimberley', '1970-10-15', 'Rezé', 76113, 'Salagou (Rue du)', 10, 'Dufour', 'Sarah', '1970-10-15', 60, 'Kimberley.Berger@example.com', 'toto', 2147483647, 69, 4, 1, 1, 1),
(967, 'Dumont', 'Jade', '1985-11-10', 'Bron', 31501, 'Salaison (Rue de)', 4, 'Clement', 'Lola', '1985-11-10', 60, 'Jade.Dumont@example.com', 'toto', 2147483647, 57, 3, 1, 1, 1),
(968, 'Andre', 'Angelina', '2011-05-26', 'La Courneuve', 6558, 'Salamanque (Rue de)', 6, 'Morel', 'Katell', '2011-05-26', 60, 'Angelina.Andre@example.com', 'toto', 2147483647, 41, 4, 1, 1, 1),
(969, 'Giraud', 'Jade', '1908-12-08', 'Anglet', 76841, 'Salanganes (Rue des)', 4, 'Bailly', 'Julia', '1908-12-08', 60, 'Jade.Giraud@example.com', 'toto', 2147483647, 19, 2, 1, 1, 1),
(970, 'Prevost', 'Rose', '1949-05-20', 'Montluçon', 25944, 'Salerne (Rue de)', 10, 'Lopez', 'Mathilde', '1949-05-20', 60, 'Rose.Prevost@example.com', 'toto', 2147483647, 73, 2, 1, 1, 1),
(971, 'Morin', 'Mélanie', '1960-09-25', 'Bagneux', 30790, 'Salinier', 9, 'Maillard', 'Salomé', '1960-09-25', 60, 'Mélanie.Morin@example.com', 'toto', 2147483647, 31, 4, 1, 1, 1),
(972, 'Schmitt', 'Noë', '1969-11-10', 'Cherbourg-Octeville', 32244, 'Salins (Rue des)', 0, 'Pasquier', 'Maïlé', '1969-11-10', 60, 'Noë.Schmitt@example.com', 'toto', 2147483647, 42, 1, 1, 1, 1),
(973, 'Baron', 'Florian', '1958-05-15', 'Poissy', 19715, 'Salle l Eveque (Rue de la', 3, 'Humbert', 'Anaël', '1958-05-15', 60, 'Florian.Baron@example.com', 'toto', 2147483647, 99, 2, 1, 1, 1),
(974, 'Masson', 'Gabriel', '1927-10-27', 'Le Port', 18013, 'Salomon de Brosse (Allée)', 4, 'Riviere', 'Maryam', '1927-10-27', 60, 'Gabriel.Masson@example.com', 'toto', 2147483647, 84, 3, 1, 1, 1),
(975, 'Pasquier', 'Romane', '2008-10-16', 'Draguignan', 9982, 'Salvador Dali (Rue)', 6, 'Faure', 'Ambre', '2008-10-16', 60, 'Romane.Pasquier@example.com', 'toto', 2147483647, 41, 4, 1, 1, 1),
(976, 'Jacquet', 'Zacharis', '1986-08-07', 'Savigny-sur-Orge', 27449, 'Samuel Champlain (Avenue)', 9, 'Robert', 'Rémi', '1986-08-07', 60, 'Zacharis.Jacquet@example.com', 'toto', 2147483647, 59, 4, 1, 1, 1),
(977, 'Meyer', 'Mathilde', '2001-11-29', 'Saint-Martin-dHères', 71245, 'Santolines (Rue des)', 4, 'Martinez', 'Baptiste', '2001-11-29', 60, 'Mathilde.Meyer@example.com', 'toto', 2147483647, 50, 4, 1, 1, 1),
(978, 'Marty', 'Léane', '1951-06-26', 'Saint-Martin', 8985, 'Saphir (Rue du)', 9, 'Henry', 'Aaron', '1951-06-26', 60, 'Léane.Marty@example.com', 'toto', 2147483647, 47, 4, 1, 1, 1),
(979, 'Berger', 'Killian', '1968-01-12', 'Joué-lès-Tours', 60435, 'Saporta (Rue de)', 7, 'Pierre', 'Maïwenn', '1968-01-12', 60, 'Killian.Berger@example.com', 'toto', 2147483647, 52, 3, 1, 1, 1),
(980, 'Guillaume', 'Maxence', '1922-03-06', 'Pontault-Combault', 34563, 'Saragosse (Rue de)', 8, 'Mallet', 'Léo', '1922-03-06', 60, 'Maxence.Guillaume@example.com', 'toto', 2147483647, 93, 3, 1, 1, 1),
(981, 'Lambert', 'Léa', '1944-12-25', 'Saint-Joseph', 51729, 'Sarcelles (Rue des)', 10, 'Gonzalez', 'Dorian', '1944-12-25', 60, 'Léa.Lambert@example.com', 'toto', 2147483647, 11, 2, 1, 1, 1),
(982, 'Baron', 'Tom', '1907-04-22', 'Nevers', 84577, 'Sardaigne (Rue de)', 7, 'Paul', 'Lou', '1907-04-22', 60, 'Tom.Baron@example.com', 'toto', 2147483647, 64, 3, 1, 1, 1),
(983, 'Faure', 'Fanny', '1912-03-07', 'Roanne', 19241, 'Sardane (Rue de la)', 9, 'Roy', 'Manon', '1912-03-07', 60, 'Fanny.Faure@example.com', 'toto', 2147483647, 43, 4, 1, 1, 1),
(984, 'Gautier', 'Valentine', '1994-08-03', 'Échirolles', 21278, 'Sarments (Rue des)', 8, 'Collet', 'Anaïs', '1994-08-03', 60, 'Valentine.Gautier@example.com', 'toto', 2147483647, 4, 2, 1, 1, 1),
(985, 'Gaillard', 'Lauriane', '1943-01-19', 'Villepinte', 92695, 'Sarrail (Boulevard)', 3, 'Marechal', 'Emma', '1943-01-19', 60, 'Lauriane.Gaillard@example.com', 'toto', 2147483647, 38, 4, 1, 1, 1),
(986, 'Fernandez', 'Noë', '1992-09-26', 'Colomiers', 54359, 'Sarriette (Rue de la)', 7, 'Carre', 'Alexia', '1992-09-26', 60, 'Noë.Fernandez@example.com', 'toto', 2147483647, 77, 4, 1, 1, 1),
(987, 'Renaud', 'Lilian', '1971-11-29', 'Saint-Benoît', 11522, 'Sauges (Rue des)', 4, 'Gonzalez', 'Laura', '1971-11-29', 60, 'Lilian.Renaud@example.com', 'toto', 2147483647, 70, 2, 1, 1, 1),
(988, 'Dumas', 'Edwige', '2007-06-01', 'Villefranche-sur-Saône', 42809, 'Saurine (Rue de la)', 4, 'Leclerc', 'Léonard', '2007-06-01', 60, 'Edwige.Dumas@example.com', 'toto', 2147483647, 22, 2, 1, 1, 1),
(989, 'Menard', 'Laura', '1946-02-18', 'Conflans-Sainte-Honorine', 90673, 'Sauvage (Quai de)', 9, 'Gillet', 'Nathan', '1946-02-18', 60, 'Laura.Menard@example.com', 'toto', 2147483647, 23, 1, 1, 1, 1),
(990, 'Remy', 'Mattéo', '1947-04-17', 'Auxerre', 12729, 'Sauvignon (Allée du)', 2, 'Adam', 'Lutécia', '1947-04-17', 60, 'Mattéo.Remy@example.com', 'toto', 2147483647, 99, 1, 1, 1, 1),
(991, 'Renaud', 'Clément', '2000-02-12', 'Saint-Chamond', 15265, 'Sauzede (Rue de la)', 7, 'Humbert', 'Edwige', '2000-02-12', 60, 'Clément.Renaud@example.com', 'toto', 2147483647, 73, 2, 1, 1, 1),
(992, 'Marie', 'Davy', '1976-01-18', 'Montélimar', 45688, 'Savoie (Rue de)', 4, 'Marty', 'Rose', '1976-01-18', 60, 'Davy.Marie@example.com', 'toto', 2147483647, 43, 1, 1, 1, 1),
(993, 'Humbert', 'Bastien', '1919-05-05', 'Stains', 59907, 'Savorgnan de Brazza (Rue)', 1, 'Brun', 'Mélanie', '1919-05-05', 60, 'Bastien.Humbert@example.com', 'toto', 2147483647, 81, 1, 1, 1, 1),
(994, 'Marchal', 'Gabriel', '1937-01-13', 'Vitrolles', 98886, 'Scabieuses (Rue des)', 3, 'Paris', 'Grégory', '1937-01-13', 60, 'Gabriel.Marchal@example.com', 'toto', 2147483647, 26, 2, 1, 1, 1),
(995, 'Roy', 'Kilian', '1952-01-06', 'Sainte-Geneviève-des-Bois', 32414, 'Scarabees (Rue des)', 10, 'Marechal', 'Enzo', '1952-01-06', 60, 'Kilian.Roy@example.com', 'toto', 2147483647, 55, 4, 1, 1, 1),
(996, 'Gomez', 'Maïwenn', '1904-08-12', 'Haguenau', 39383, 'Seychelles (Impasse des)', 0, 'Carre', 'Émile', '1904-08-12', 60, 'Maïwenn.Gomez@example.com', 'toto', 2147483647, 28, 4, 1, 1, 1),
(997, 'Mercier', 'Lena', '1998-11-12', 'Bagnolet', 33581, 'Shirin Ebadi (Rue)', 4, 'Gonzalez', 'Océane', '1998-11-12', 60, 'Lena.Mercier@example.com', 'toto', 2147483647, 40, 3, 1, 1, 1),
(998, 'Daniel', 'Lutécia', '1968-04-25', 'Tremblay-en-France', 51959, 'Sichuan (Rue du)', 7, 'Leclerc', 'Erwan', '1968-04-25', 60, 'Lutécia.Daniel@example.com', 'toto', 2147483647, 62, 3, 1, 1, 1),
(999, 'Vincent', 'Ambre', '1977-03-25', 'Marignane', 61505, 'Sicile (Rue de)', 7, 'Gillet', 'Capucine', '1977-03-25', 60, 'Ambre.Vincent@example.com', 'toto', 2147483647, 51, 1, 1, 1, 1),
(1000, 'Aubry', 'Jade', '2013-01-03', 'Six-Fours-les-Plages', 24548, 'Saurine (Rue de la)', 4, 'Adam', 'Martin', '2013-01-03', 60, 'Jade.Aubry@example.com', 'toto', 2147483647, 80, 1, 1, 1, 1);

-- --------------------------------------------------------

--
-- Structure de la table `Situation_familiale`
--

CREATE TABLE IF NOT EXISTS `Situation_familiale` (
  `ID_situation_familiale` int(11) NOT NULL AUTO_INCREMENT,
  `Situation_familiale` varchar(25) NOT NULL,
  PRIMARY KEY (`ID_situation_familiale`),
  UNIQUE KEY `Situation_familiale` (`Situation_familiale`)
) ENGINE=MyISAM  DEFAULT CHARSET=latin1 AUTO_INCREMENT=5 ;

--
-- Contenu de la table `Situation_familiale`
--

INSERT INTO `Situation_familiale` (`ID_situation_familiale`, `Situation_familiale`) VALUES
(1, 'Célibataire'),
(2, 'Marié(e)'),
(3, 'Divorcé(e)'),
(4, 'Veuf(ve)');

-- --------------------------------------------------------

--
-- Structure de la table `Statut`
--

CREATE TABLE IF NOT EXISTS `Statut` (
  `ID_statut` int(11) NOT NULL AUTO_INCREMENT,
  `Action_Requise` tinyint(1) NOT NULL DEFAULT '0',
  `Libelle_statut` varchar(40) NOT NULL,
  PRIMARY KEY (`ID_statut`),
  UNIQUE KEY `Libelle_statut` (`Libelle_statut`)
) ENGINE=MyISAM  DEFAULT CHARSET=latin1 AUTO_INCREMENT=2 ;

--
-- Contenu de la table `Statut`
--

INSERT INTO `Statut` (`ID_statut`, `Action_Requise`, `Libelle_statut`) VALUES
(1, 0, 'Dossier en cours de montage');

-- --------------------------------------------------------

--
-- Structure de la table `Tarif`
--

CREATE TABLE IF NOT EXISTS `Tarif` (
  `Age` int(2) DEFAULT NULL,
  `Age_differe` int(2) DEFAULT NULL,
  `Coef_A` decimal(34,16) DEFAULT NULL,
  `Coef_B` decimal(38,19) DEFAULT NULL,
  `Coef_C` decimal(36,17) DEFAULT NULL,
  `Coef_E` decimal(32,15) DEFAULT NULL
) ENGINE=MyISAM DEFAULT CHARSET=utf8;

--
-- Contenu de la table `Tarif`
--

INSERT INTO `Tarif` (`Age`, `Age_differe`, `Coef_A`, `Coef_B`, `Coef_C`, `Coef_E`) VALUES
(20, 40, 0.3604757164427378, 0.0103902858859652200, 0.09354708390913351, 6.637013265589792),
(21, 39, 0.3688858890422759, 0.0102233668531072700, 0.09415600223528492, 6.789251279635935),
(22, 38, 0.3775129912922701, 0.0100531050805601700, 0.09474699433108162, 6.945386538122499),
(23, 37, 0.3863547235242710, 0.0098791904664895900, 0.09532958644346007, 7.105447928189911),
(24, 36, 0.3954124487251449, 0.0097014212226946770, 0.09589340516686186, 7.269373252673813),
(25, 35, 0.4047004688741404, 0.0095199064727398370, 0.09643786969308694, 7.437413234228744),
(26, 34, 0.4142746774080043, 0.0093356608221782130, 0.09696237913345780, 7.610581567547754),
(27, 33, 0.4240805527921500, 0.0091471677794595430, 0.09745618641152236, 7.787772335989428),
(28, 32, 0.4341427839806584, 0.0089547133126420870, 0.09791835430289658, 7.969414285174741),
(29, 31, 0.4444686798438910, 0.0087581834198639690, 0.09833775659232460, 8.155520082820088),
(30, 30, 0.4550707563075665, 0.0085575542725997500, 0.09871308452757803, 8.346281118376634),
(31, 29, 0.4662636134003565, 0.0083581963440453960, 0.09903279002320714, 8.547323450562669),
(32, 28, 0.4774820386828240, 0.0081496726430810230, 0.09929515001864198, 8.748232719311808),
(33, 27, 0.4889016415992674, 0.0079350161264935930, 0.09948814264222421, 8.952064313245128),
(34, 26, 0.5006008303827389, 0.0077153255561408100, 0.09960957907567281, 9.160181176621219),
(35, 25, 0.5126827089425785, 0.0074918791486057090, 0.09964690130498095, 9.374279651546669),
(36, 24, 0.5252315384720012, 0.0072654656201734260, 0.09958709124987132, 9.595687556597207),
(37, 23, 0.5381669735488745, 0.0070345487355183610, 0.09941663560468479, 9.822701548537871),
(38, 22, 0.5515090260361856, 0.0067990302102457780, 0.09912148622391262, 10.055428260618290),
(39, 21, 0.5652664050124196, 0.0065586538601349560, 0.09868701567313612, 10.293741324565310),
(40, 20, 0.5794607149461243, 0.0063133027847658840, 0.09809796751565190, 10.537720311207130),
(41, 19, 0.5941415212931098, 0.0060631180368012340, 0.09733840084660836, 10.787920455437980),
(42, 18, 0.6093355934550060, 0.0058079418220926940, 0.09638110104013399, 11.044312760351480),
(43, 17, 0.6250504264851230, 0.0055474132458591920, 0.09520814766972399, 11.306599326235450),
(44, 16, 0.6412568023284259, 0.0052808759396650250, 0.09379005059645751, 11.573638472269920),
(45, 15, 0.6579429388846526, 0.0050078811615161300, 0.09210647894079983, 11.844690613988710),
(46, 14, 0.6750942903956094, 0.0047280000728245390, 0.09011438672790903, 12.118627509322080),
(47, 13, 0.6927960111344197, 0.0044414850329799490, 0.08778997969334251, 12.396326359853440),
(48, 12, 0.7110934359373200, 0.0041482246320747960, 0.08508605102858087, 12.677569932994600),
(49, 11, 0.7299351392898452, 0.0038475406052606410, 0.08196341818108557, 12.960473043296610),
(50, 10, 0.7495903413943189, 0.0035403736581065470, 0.07836903439231137, 13.248584199723010),
(51, 9, 0.7699678181439170, 0.0032257441433826550, 0.07424602925218468, 13.538911221442920),
(52, 8, 0.7911186667337771, 0.0029033667207449710, 0.06953315881456196, 13.830856710952620),
(53, 7, 0.8131554529421188, 0.0025730985568725330, 0.06416416338012941, 14.124738567467940),
(54, 6, 0.8361934201622865, 0.0022346658416251410, 0.05805530463005090, 14.420541532252130),
(55, 5, 0.8603402923100730, 0.0018876457389113880, 0.05111516774942949, 14.717880116559940),
(56, 4, 0.8855358622763364, 0.0015312123167350460, 0.04325549368537281, 15.013456591012010),
(57, 3, 0.9118052481343984, 0.0011647696847667790, 0.03435408527957123, 15.304855825456480),
(58, 2, 0.9394003263627300, 0.0007879148457767373, 0.02427528456698810, 15.593166971658000),
(59, 1, 0.9686665376074797, 0.0004000000000000000, 0.01288037285087664, 15.880772646689070);

-- --------------------------------------------------------

--
-- Structure de la vue `Cotisation_annuelle_view`
--
DROP TABLE IF EXISTS `Cotisation_annuelle_view`;

CREATE ALGORITHM=UNDEFINED DEFINER=`ptut_admin`@`localhost` SQL SECURITY DEFINER VIEW `Cotisation_annuelle_view` AS (select `Salarie`.`ID_salarie` AS `ID_salarie`,sum(`Cotisation`.`Montant_cotisation`) AS `Cotisation annuelle`,year(`Cotisation`.`Date_cotisation`) AS `Year` from (`Salarie` left join `Cotisation` on((`Salarie`.`ID_salarie` = `Cotisation`.`ID_salarie`))) group by `Salarie`.`ID_salarie`,year(`Cotisation`.`Date_cotisation`));

-- --------------------------------------------------------

--
-- Structure de la vue `Prime_annuelle_view`
--
DROP TABLE IF EXISTS `Prime_annuelle_view`;

CREATE ALGORITHM=UNDEFINED DEFINER=`ptut_admin`@`localhost` SQL SECURITY DEFINER VIEW `Prime_annuelle_view` AS (select `Salarie`.`ID_salarie` AS `ID_salarie`,sum(`Prime`.`Montant_prime`) AS `Prime annuelle`,year(`Prime`.`Date_prime`) AS `Year` from (`Salarie` left join `Prime` on((`Salarie`.`ID_salarie` = `Prime`.`ID_salarie`))) group by `Salarie`.`ID_salarie`,year(`Prime`.`Date_prime`));

-- --------------------------------------------------------

--
-- Structure de la vue `Salaire_poste`
--
DROP TABLE IF EXISTS `Salaire_poste`;

CREATE ALGORITHM=UNDEFINED DEFINER=`ptut_admin`@`localhost` SQL SECURITY DEFINER VIEW `Salaire_poste` AS (select `s`.`Date_debut_salaire` AS `Date_debut_salaire`,`s`.`Date_fin_salaire` AS `Date_fin_salaire`,`s`.`Salaire_salarie` AS `Salaire_salarie`,`s`.`ID_salarie` AS `ID_salarie`,`p`.`Intitule_poste` AS `Intitule_poste` from (`Salaire` `s` join `Poste` `p`) where (`s`.`ID_poste` = `p`.`ID_poste`));
